MAG_ID_ENA,Species
MAG-GUT1000,20298_3_1
MAG-GUT1001,GCF_000413335
MAG-GUT10080,14207_7_9
MAG-GUT10094,UMGS185
MAG-GUT10102,UMGS185
MAG-GUT10109,13414_6_3
MAG-GUT10126,GCF_001025175
MAG-GUT1012,18048_1_70
MAG-GUT10153,21673_4_5
MAG-GUT1016,GCF_000191845
MAG-GUT10181,GCF_000411535
MAG-GUT10183,UMGS81
MAG-GUT1018,UMGS130
MAG-GUT1024,GCF_000026505
MAG-GUT10262,GCF_000413335
MAG-GUT1026,14207_7_52
MAG-GUT10270,GCF_000411395
MAG-GUT1029,20298_3_11
MAG-GUT1033,UMGS178
MAG-GUT10345,GCF_000413335
MAG-GUT10346,14207_7_9
MAG-GUT10359,UMGS14
MAG-GUT1036,UMGS181
MAG-GUT10374,20298_3_11
MAG-GUT10376,20298_3_11
MAG-GUT1037,UMGS81
MAG-GUT10398,21673_4_22
MAG-GUT103,GCF_000411395
MAG-GUT10417,UMGS52
MAG-GUT10454,UMGS87
MAG-GUT10478,20298_3_11
MAG-GUT1047,UMGS4
MAG-GUT10488,18391_1_7
MAG-GUT1049,GCF_000411535
MAG-GUT1050,GCF_000411535
MAG-GUT10512,UMGS186
MAG-GUT1052,20298_3_11
MAG-GUT10537,21673_4_22
MAG-GUT10541,GCF_000413335
MAG-GUT1054,GCF_000209405
MAG-GUT1055,20298_3_11
MAG-GUT10562,21673_4_5
MAG-GUT10584,UMGS87
MAG-GUT10593,GCF_000413335
MAG-GUT10599,UMGS13
MAG-GUT1059,UMGS177
MAG-GUT10606,UMGS87
MAG-GUT10612,21673_4_22
MAG-GUT10617,21673_4_22
MAG-GUT10625,20298_3_11
MAG-GUT10629,GCF_000411395
MAG-GUT1062,UMGS87
MAG-GUT10635,UMGS231
MAG-GUT10653,GCF_000413335
MAG-GUT1065,UMGS87
MAG-GUT10701,13470_2_58
MAG-GUT10717,14207_7_9
MAG-GUT10734,UMGS360
MAG-GUT1077,20298_3_11
MAG-GUT10786,18048_1_70
MAG-GUT10793,GCF_000209405
MAG-GUT10807,GCF_000209405
MAG-GUT1081,20298_3_3
MAG-GUT1082,18391_1_11
MAG-GUT10835,UMGS132
MAG-GUT10839,UMGS12
MAG-GUT10849,21673_4_22
MAG-GUT10866,18391_1_11
MAG-GUT1086,21673_4_22
MAG-GUT10881,20298_3_11
MAG-GUT10883,UMGS87
MAG-GUT1088,UMGS40
MAG-GUT1089,GCF_000413335
MAG-GUT10909,UMGS185
MAG-GUT10928,GCF_000156175
MAG-GUT10982,12718_7_41
MAG-GUT11004,GCF_000154505
MAG-GUT11014,18048_2_85
MAG-GUT11020,GCF_000163735
MAG-GUT11036,20298_3_11
MAG-GUT11037,UMGS181
MAG-GUT1103,UMGS223
MAG-GUT11041,21673_4_5
MAG-GUT11046,UMGS82
MAG-GUT11063,UMGS40
MAG-GUT11071,21673_4_22
MAG-GUT11107,GCF_000209405
MAG-GUT11142,14207_7_9
MAG-GUT11152,UMGS132
MAG-GUT11153,18048_1_70
MAG-GUT11169,21673_4_22
MAG-GUT11171,GCF_000468015
MAG-GUT11185,21673_4_22
MAG-GUT11187,UMGS82
MAG-GUT11210,GCF_000411395
MAG-GUT1122,GCF_000413335
MAG-GUT11274,GCF_000209405
MAG-GUT1128,GCF_000413335
MAG-GUT11304,UMGS132
MAG-GUT11308,21673_4_5
MAG-GUT1131,GCF_000413335
MAG-GUT11332,GCF_000413335
MAG-GUT1133,GCF_000411395
MAG-GUT1135,GCF_000413335
MAG-GUT11376,UMGS179
MAG-GUT11399,GCF_000413335
MAG-GUT1139,21673_4_22
MAG-GUT11406,UMGS64
MAG-GUT11412,UMGS12
MAG-GUT11417,UMGS132
MAG-GUT11423,UMGS12
MAG-GUT11426,21673_4_5
MAG-GUT11435,GCF_000413335
MAG-GUT1143,GCF_000411395
MAG-GUT11449,UMGS186
MAG-GUT11468,UMGS65
MAG-GUT1148,GCF_000413335
MAG-GUT1149,GCF_000413335
MAG-GUT11521,11861_6_61
MAG-GUT11526,UMGS84
MAG-GUT11531,21673_4_22
MAG-GUT11535,UMGS148
MAG-GUT11540,UMGS130
MAG-GUT11566,UMGS185
MAG-GUT1157,GCF_000413335
MAG-GUT11596,UMGS223
MAG-GUT1160,20298_3_11
MAG-GUT11638,11861_6_61
MAG-GUT11640,UMGS65
MAG-GUT11644,UMGS64
MAG-GUT11693,20298_3_11
MAG-GUT1169,UMGS130
MAG-GUT1171,20298_3_11
MAG-GUT11729,UMGS65
MAG-GUT1173,20298_3_11
MAG-GUT11741,UMGS84
MAG-GUT11752,UMGS185
MAG-GUT11760,UMGS70
MAG-GUT1177,20298_3_11
MAG-GUT11820,GCF_000321205
MAG-GUT11829,11861_6_61
MAG-GUT11837,UMGS280
MAG-GUT11847,20298_3_3
MAG-GUT1184,11861_6_61
MAG-GUT11911,GCF_000411335
MAG-GUT11931,UMGS148
MAG-GUT11934,18391_1_7
MAG-GUT11964,20298_3_11
MAG-GUT1196,UMGS185
MAG-GUT11972,20298_3_11
MAG-GUT11977,GCF_000321205
MAG-GUT1197,11861_6_61
MAG-GUT1198,UMGS16
MAG-GUT12028,UMGS82
MAG-GUT12030,UMGS12
MAG-GUT12049,UMGS112
MAG-GUT12051,11861_6_61
MAG-GUT12063,21673_4_5
MAG-GUT1206,UMGS16
MAG-GUT12082,11861_6_61
MAG-GUT12095,11861_6_61
MAG-GUT12106,11861_6_61
MAG-GUT1212,UMGS710
MAG-GUT1214,UMGS16
MAG-GUT12173,20298_3_3
MAG-GUT1217,UMGS16
MAG-GUT12186,UMGS223
MAG-GUT12195,UMGS185
MAG-GUT12217,UMGS64
MAG-GUT12225,UMGS12
MAG-GUT12230,UMGS223
MAG-GUT12256,11861_6_61
MAG-GUT12257,UMGS65
MAG-GUT12259,11861_6_61
MAG-GUT12264,21673_4_22
MAG-GUT12267,UMGS175
MAG-GUT12269,UMGS223
MAG-GUT1227,UMGS130
MAG-GUT1228,UMGS16
MAG-GUT12300,20298_3_11
MAG-GUT12321,GCF_000157035
MAG-GUT1232,UMGS16
MAG-GUT12340,18048_1_70
MAG-GUT12348,21673_4_22
MAG-GUT12361,UMGS148
MAG-GUT1236,20298_3_11
MAG-GUT12377,GCF_000186505
MAG-GUT12391,UMGS223
MAG-GUT12393,21673_4_22
MAG-GUT1240,UMGS84
MAG-GUT1242,20298_3_3
MAG-GUT1244,20298_3_11
MAG-GUT12458,20298_3_11
MAG-GUT1246,UMGS36
MAG-GUT12481,18391_1_11
MAG-GUT12482,20298_3_3
MAG-GUT1248,UMGS223
MAG-GUT1249,GCF_000186505
MAG-GUT12518,GCF_000413335
MAG-GUT1252,14207_7_9
MAG-GUT12533,18391_1_11
MAG-GUT1255,UMGS84
MAG-GUT12567,20298_3_11
MAG-GUT1258,UMGS83
MAG-GUT12636,GCF_000413335
MAG-GUT1263,18391_1_11
MAG-GUT12643,13470_2_58
MAG-GUT12644,UMGS132
MAG-GUT12655,UMGS197
MAG-GUT1265,GCF_000413335
MAG-GUT1266,UMGS185
MAG-GUT12678,20298_3_11
MAG-GUT12691,UMGS130
MAG-GUT1270,UMGS84
MAG-GUT12744,20298_3_12
MAG-GUT1274,GCF_000413335
MAG-GUT12750,UMGS183
MAG-GUT12759,14207_7_9
MAG-GUT1276,UMGS137
MAG-GUT12771,20298_3_12
MAG-GUT12789,21673_4_22
MAG-GUT12794,UMGS148
MAG-GUT12797,GCF_000186505
MAG-GUT1282,UMGS287
MAG-GUT1287,GCF_000413335
MAG-GUT1288,GCF_000413335
MAG-GUT12944,20298_3_12
MAG-GUT12945,GCF_000186505
MAG-GUT12963,18048_1_70
MAG-GUT1297,UMGS39
MAG-GUT12991,20298_3_12
MAG-GUT12,UMGS117
MAG-GUT13038,UMGS137
MAG-GUT13040,21673_4_22
MAG-GUT13045,GCF_000411395
MAG-GUT13049,UMGS61
MAG-GUT13125,21673_4_22
MAG-GUT13136,UMGS39
MAG-GUT13150,20298_2_33
MAG-GUT1315,21673_4_5
MAG-GUT13170,UMGS117
MAG-GUT13177,18048_1_70
MAG-GUT1318,20298_3_11
MAG-GUT1319,20298_3_11
MAG-GUT13227,UMGS14
MAG-GUT13230,UMGS81
MAG-GUT13251,UMGS42
MAG-GUT13273,UMGS138
MAG-GUT13285,20298_3_11
MAG-GUT1328,GCF_000154325
MAG-GUT13293,UMGS177
MAG-GUT13322,UMGS69
MAG-GUT13333,UMGS84
MAG-GUT13342,UMGS14
MAG-GUT13363,20298_2_33
MAG-GUT1336,14207_7_9
MAG-GUT13422,14207_7_9
MAG-GUT13424,GCF_000154325
MAG-GUT13441,21673_4_22
MAG-GUT13451,21673_4_5
MAG-GUT13478,14207_7_9
MAG-GUT13480,GCF_000186505
MAG-GUT13549,UMGS148
MAG-GUT1355,GCF_000411535
MAG-GUT1362,20298_3_11
MAG-GUT13633,21673_4_22
MAG-GUT13637,UMGS117
MAG-GUT13646,UMGS84
MAG-GUT1368,20298_3_11
MAG-GUT13704,20298_2_33
MAG-GUT1370,14207_7_9
MAG-GUT13734,18048_1_70
MAG-GUT13749,UMGS14
MAG-GUT1377,GCF_000026505
MAG-GUT13790,UMGS130
MAG-GUT13816,GCF_000186505
MAG-GUT13830,GCF_000163735
MAG-GUT1384,GCF_000026505
MAG-GUT13851,UMGS185
MAG-GUT13856,11861_6_61
MAG-GUT13881,UMGS117
MAG-GUT13897,GCF_000191845
MAG-GUT1389,UMGS39
MAG-GUT1391,20298_2_33
MAG-GUT1393,20298_2_33
MAG-GUT13955,UMGS12
MAG-GUT1396,20298_3_11
MAG-GUT13987,14207_7_9
MAG-GUT13999,GCF_000163735
MAG-GUT14027,UMGS493
MAG-GUT14050,UMGS117
MAG-GUT14072,UMGS129
MAG-GUT14112,UMGS148
MAG-GUT14114,21673_4_22
MAG-GUT14116,UMGS84
MAG-GUT14125,UMGS117
MAG-GUT14159,UMGS69
MAG-GUT14172,GCF_000186505
MAG-GUT14250,UMGS117
MAG-GUT14257,UMGS173
MAG-GUT14283,14207_7_9
MAG-GUT14308,UMGS42
MAG-GUT14364,21673_4_5
MAG-GUT14383,18048_1_70
MAG-GUT14468,UMGS81
MAG-GUT14477,UMGS280
MAG-GUT14523,21673_4_22
MAG-GUT14532,GCF_000413335
MAG-GUT1453,UMGS117
MAG-GUT1455,20298_3_3
MAG-GUT14572,20298_2_33
MAG-GUT1457,GCF_000186505
MAG-GUT14640,UMGS185
MAG-GUT14645,11861_6_61
MAG-GUT14683,21673_4_22
MAG-GUT14705,UMGS16
MAG-GUT1470,21673_4_5
MAG-GUT14711,21673_4_5
MAG-GUT14733,GCF_000155205
MAG-GUT14741,GCF_000411395
MAG-GUT14745,UMGS61
MAG-GUT1477,20298_3_11
MAG-GUT1479,20298_2_33
MAG-GUT14827,UMGS12
MAG-GUT1485,20298_3_1
MAG-GUT1488,20298_3_3
MAG-GUT14915,UMGS148
MAG-GUT1498,20298_3_11
MAG-GUT1500,20298_3_3
MAG-GUT15026,14207_7_9
MAG-GUT15028,UMGS87
MAG-GUT15034,21673_4_22
MAG-GUT15061,UMGS14
MAG-GUT15068,GCF_000209405
MAG-GUT15089,UMGS14
MAG-GUT1509,20298_3_3
MAG-GUT1511,UMGS84
MAG-GUT15133,20298_3_11
MAG-GUT15156,GCF_000154325
MAG-GUT1516,21673_4_22
MAG-GUT151,20298_3_3
MAG-GUT15223,20298_3_11
MAG-GUT15229,13414_6_3
MAG-GUT1522,UMGS87
MAG-GUT15232,21673_4_22
MAG-GUT15246,UMGS117
MAG-GUT1527,20298_3_3
MAG-GUT15285,UMGS87
MAG-GUT1529,GCF_000413335
MAG-GUT1534,GCF_000413335
MAG-GUT1537,GCF_000413335
MAG-GUT1541,20298_2_33
MAG-GUT15427,UMGS14
MAG-GUT15486,UMGS185
MAG-GUT15497,UMGS82
MAG-GUT15498,GCF_000154325
MAG-GUT15544,21673_4_22
MAG-GUT15546,UMGS171
MAG-GUT1556,UMGS16
MAG-GUT1559,UMGS16
MAG-GUT15605,UMGS186
MAG-GUT15625,UMGS117
MAG-GUT1565,20298_3_11
MAG-GUT15742,GCF_000411395
MAG-GUT1578,20298_3_3
MAG-GUT15797,GCF_000163735
MAG-GUT1584,GCF_000411535
MAG-GUT15850,GCF_000191845
MAG-GUT15872,UMGS87
MAG-GUT15880,GCF_000242955
MAG-GUT15909,GCF_000156175
MAG-GUT15914,UMGS132
MAG-GUT15916,GCF_000209405
MAG-GUT15989,UMGS130
MAG-GUT16017,12718_7_72
MAG-GUT160,UMGS186
MAG-GUT16113,UMGS132
MAG-GUT16117,UMGS186
MAG-GUT16129,UMGS14
MAG-GUT16149,GCF_000186505
MAG-GUT16156,GCF_001182045
MAG-GUT16183,UMGS132
MAG-GUT16297,UMGS197
MAG-GUT1636,UMGS39
MAG-GUT16398,UMGS185
MAG-GUT16481,GCF_000209405
MAG-GUT16496,UMGS137
MAG-GUT1652,12718_7_41
MAG-GUT16567,UMGS153
MAG-GUT16625,UMGS70
MAG-GUT16712,UMGS14
MAG-GUT16715,GCF_000186505
MAG-GUT16720,UMGS631
MAG-GUT1677,GCF_000411395
MAG-GUT16845,UMGS132
MAG-GUT16851,UMGS84
MAG-GUT16881,21673_4_22
MAG-GUT1694,21673_4_5
MAG-GUT16984,GCF_000186505
MAG-GUT17013,UMGS37
MAG-GUT17016,UMGS137
MAG-GUT17028,GCF_000209385
MAG-GUT17049,GCF_000209405
MAG-GUT1707,UMGS231
MAG-GUT17170,GCF_000163735
MAG-GUT17212,13470_2_58
MAG-GUT17247,GCF_000752675
MAG-GUT17254,UMGS14
MAG-GUT17255,GCF_000411395
MAG-GUT17271,UMGS117
MAG-GUT17288,GCF_000209405
MAG-GUT1728,20298_2_33
MAG-GUT17299,GCF_000209405
MAG-GUT17314,20298_3_11
MAG-GUT17379,GCF_000209405
MAG-GUT17399,UMGS262
MAG-GUT17401,UMGS14
MAG-GUT1743,GCF_000159455
MAG-GUT17473,GCF_000411395
MAG-GUT17488,UMGS137
MAG-GUT17515,GCF_000411395
MAG-GUT17598,UMGS661
MAG-GUT1761,21673_4_5
MAG-GUT1763,GCF_001182045
MAG-GUT17664,GCF_000163735
MAG-GUT17671,GCF_000163735
MAG-GUT17697,18048_1_70
MAG-GUT17705,UMGS84
MAG-GUT17713,GCF_000209405
MAG-GUT17733,UMGS132
MAG-GUT17776,20298_3_11
MAG-GUT17782,20298_2_33
MAG-GUT17793,UMGS185
MAG-GUT1788,14207_7_9
MAG-GUT1792,UMGS175
MAG-GUT1796,21673_4_22
MAG-GUT18024,UMGS12
MAG-GUT18031,UMGS227
MAG-GUT18037,UMGS540
MAG-GUT1806,21673_4_22
MAG-GUT18125,UMGS185
MAG-GUT18181,21673_4_22
MAG-GUT18195,UMGS117
MAG-GUT18210,UMGS117
MAG-GUT18233,UMGS14
MAG-GUT1826,GCF_001025175
MAG-GUT18296,GCF_000155205
MAG-GUT18312,UMGS117
MAG-GUT18333,UMGS39
MAG-GUT18340,GCF_000209405
MAG-GUT18361,UMGS117
MAG-GUT18366,UMGS262
MAG-GUT1840,GCF_000163735
MAG-GUT18425,UMGS83
MAG-GUT18429,GCF_000752675
MAG-GUT18447,UMGS132
MAG-GUT18523,UMGS79
MAG-GUT18526,14207_7_52
MAG-GUT18564,21673_4_22
MAG-GUT18577,UMGS185
MAG-GUT1861,GCF_000297815
MAG-GUT18620,18048_2_85
MAG-GUT18629,14207_7_9
MAG-GUT1870,GCF_000413335
MAG-GUT1871,20298_3_11
MAG-GUT1873,GCF_000413335
MAG-GUT1875,20298_3_11
MAG-GUT1876,20298_3_11
MAG-GUT1877,GCF_000413335
MAG-GUT18785,UMGS14
MAG-GUT1880,20298_3_11
MAG-GUT18812,GCF_000413335
MAG-GUT18819,UMGS137
MAG-GUT1881,UMGS1
MAG-GUT18824,20298_3_3
MAG-GUT1882,18048_1_70
MAG-GUT1883,GCF_000413335
MAG-GUT1885,20298_3_11
MAG-GUT1887,20298_3_11
MAG-GUT18888,20298_3_11
MAG-GUT1888,UMGS138
MAG-GUT18897,UMGS14
MAG-GUT18907,14207_7_9
MAG-GUT1892,20298_3_11
MAG-GUT18932,UMGS83
MAG-GUT1894,20298_3_3
MAG-GUT1895,20298_3_11
MAG-GUT18970,UMGS14
MAG-GUT18974,UMGS117
MAG-GUT1898,20298_3_11
MAG-GUT1900,20298_3_11
MAG-GUT1904,20298_3_11
MAG-GUT19064,20298_3_11
MAG-GUT19065,UMGS160
MAG-GUT1906,14207_7_9
MAG-GUT19089,20298_3_11
MAG-GUT1908,UMGS223
MAG-GUT1911,20298_3_11
MAG-GUT1912,GCF_000413335
MAG-GUT1914,20298_3_11
MAG-GUT19155,20298_3_3
MAG-GUT1915,21673_4_5
MAG-GUT19165,21673_4_22
MAG-GUT19182,UMGS132
MAG-GUT19188,21673_4_22
MAG-GUT19215,UMGS631
MAG-GUT19219,UMGS132
MAG-GUT19220,UMGS185
MAG-GUT19226,UMGS37
MAG-GUT19290,UMGS82
MAG-GUT19307,GCF_000163735
MAG-GUT1930,UMGS14
MAG-GUT19408,UMGS117
MAG-GUT19423,21673_4_5
MAG-GUT19428,UMGS1
MAG-GUT19429,UMGS14
MAG-GUT19459,UMGS81
MAG-GUT1946,20298_3_11
MAG-GUT19533,GCF_000209405
MAG-GUT19546,14207_7_9
MAG-GUT1954,GCF_000163735
MAG-GUT19561,21673_4_22
MAG-GUT19573,UMGS12
MAG-GUT19592,21673_4_22
MAG-GUT19599,20298_3_11
MAG-GUT1959,UMGS117
MAG-GUT195,UMGS12
MAG-GUT19615,21673_4_22
MAG-GUT19642,GCF_000154325
MAG-GUT19644,UMGS183
MAG-GUT19648,18048_1_70
MAG-GUT19650,UMGS132
MAG-GUT19680,UMGS137
MAG-GUT19738,UMGS186
MAG-GUT1975,GCF_000752675
MAG-GUT19764,18048_1_70
MAG-GUT19787,20298_3_36
MAG-GUT19808,14207_7_9
MAG-GUT19853,GCF_000186505
MAG-GUT1986,GCF_000752675
MAG-GUT19932,UMGS611
MAG-GUT19947,14207_7_52
MAG-GUT19980,GCF_000209405
MAG-GUT19990,UMGS14
MAG-GUT19996,18048_1_70
MAG-GUT20063,UMGS37
MAG-GUT20126,21673_4_5
MAG-GUT20177,18048_2_85
MAG-GUT2019,GCF_000297815
MAG-GUT2025,20298_3_11
MAG-GUT20261,GCF_000209405
MAG-GUT20287,GCF_000411395
MAG-GUT20293,UMGS145
MAG-GUT20294,UMGS14
MAG-GUT2031,GCF_000163735
MAG-GUT20416,UMGS14
MAG-GUT20461,21673_4_5
MAG-GUT20500,UMGS36
MAG-GUT2053,GCF_000411535
MAG-GUT20540,GCF_000411395
MAG-GUT20578,UMGS137
MAG-GUT2058,GCF_001025175
MAG-GUT20603,GCF_000297815
MAG-GUT2060,GCF_000411395
MAG-GUT20615,GCF_000163735
MAG-GUT2061,UMGS179
MAG-GUT20624,UMGS185
MAG-GUT20639,GCF_900095825
MAG-GUT20745,UMGS39
MAG-GUT2078,GCF_001025175
MAG-GUT2079,GCF_000273525
MAG-GUT20810,UMGS9
MAG-GUT2081,14207_7_9
MAG-GUT2086,UMGS9
MAG-GUT20896,UMGS137
MAG-GUT20972,UMGS132
MAG-GUT20976,21673_4_22
MAG-GUT20984,UMGS83
MAG-GUT21052,UMGS59
MAG-GUT21072,UMGS87
MAG-GUT21076,21673_4_22
MAG-GUT21093,UMGS179
MAG-GUT21102,GCF_000186505
MAG-GUT2110,UMGS14
MAG-GUT21122,UMGS132
MAG-GUT21168,UMGS531
MAG-GUT21188,UMGS179
MAG-GUT21326,UMGS87
MAG-GUT21377,13414_6_3
MAG-GUT21378,UMGS87
MAG-GUT21385,21673_4_22
MAG-GUT2139,UMGS66
MAG-GUT21424,UMGS12
MAG-GUT21444,UMGS87
MAG-GUT21498,21673_4_22
MAG-GUT21531,UMGS87
MAG-GUT21682,GCF_000163735
MAG-GUT21728,UMGS484
MAG-GUT21785,UMGS87
MAG-GUT21953,GCF_000238615
MAG-GUT21962,GCF_000752675
MAG-GUT21972,UMGS185
MAG-GUT2201,UMGS77
MAG-GUT2203,GCF_000411395
MAG-GUT22049,UMGS12
MAG-GUT22121,21673_4_36
MAG-GUT22184,18048_2_85
MAG-GUT22238,UMGS87
MAG-GUT22266,21673_4_22
MAG-GUT22420,20287_6_22
MAG-GUT22452,UMGS83
MAG-GUT22456,UMGS605
MAG-GUT22496,21673_4_5
MAG-GUT22502,UMGS77
MAG-GUT2250,UMGS185
MAG-GUT22547,21673_4_22
MAG-GUT2256,UMGS30
MAG-GUT22591,UMGS57
MAG-GUT22606,UMGS483
MAG-GUT22619,21673_4_5
MAG-GUT22642,14207_7_9
MAG-GUT22670,GCF_000186505
MAG-GUT22684,21673_4_22
MAG-GUT22695,21673_4_22
MAG-GUT22751,UMGS84
MAG-GUT22776,UMGS169
MAG-GUT22830,11861_6_61
MAG-GUT22848,UMGS83
MAG-GUT22878,21673_4_22
MAG-GUT2287,UMGS52
MAG-GUT2306,UMGS171
MAG-GUT23210,UMGS83
MAG-GUT2323,UMGS148
MAG-GUT23266,GCF_000154325
MAG-GUT23276,UMGS39
MAG-GUT2327,UMGS177
MAG-GUT23295,GCF_000159375
MAG-GUT23346,GCF_001025175
MAG-GUT23356,21673_4_22
MAG-GUT23387,UMGS3
MAG-GUT23397,UMGS83
MAG-GUT23420,21673_4_22
MAG-GUT23449,21673_4_22
MAG-GUT23546,UMGS37
MAG-GUT23604,UMGS79
MAG-GUT23608,UMGS37
MAG-GUT23613,20287_6_22
MAG-GUT23645,13414_6_3
MAG-GUT2366,UMGS238
MAG-GUT23691,14207_7_9
MAG-GUT23723,GCF_001025175
MAG-GUT23746,UMGS20
MAG-GUT23753,GCF_000752675
MAG-GUT23754,UMGS14
MAG-GUT23809,UMGS179
MAG-GUT23816,UMGS95
MAG-GUT23860,UMGS185
MAG-GUT23890,20287_6_22
MAG-GUT23960,14207_7_9
MAG-GUT23967,UMGS84
MAG-GUT23979,UMGS223
MAG-GUT24052,GCF_000411395
MAG-GUT24070,UMGS39
MAG-GUT24105,14207_7_9
MAG-GUT24113,UMGS39
MAG-GUT24122,21673_4_22
MAG-GUT24126,UMGS370
MAG-GUT24142,GCF_000154325
MAG-GUT2417,UMGS39
MAG-GUT24184,UMGS360
MAG-GUT24197,21673_4_22
MAG-GUT24211,20287_6_22
MAG-GUT24313,21673_4_22
MAG-GUT24369,UMGS83
MAG-GUT2438,UMGS81
MAG-GUT24441,UMGS37
MAG-GUT24472,UMGS438
MAG-GUT24503,21673_4_22
MAG-GUT24507,UMGS42
MAG-GUT24534,14207_7_9
MAG-GUT24564,GCF_000186505
MAG-GUT24574,21673_4_5
MAG-GUT24606,GCF_000186505
MAG-GUT24616,GCF_000186505
MAG-GUT24642,UMGS185
MAG-GUT24657,UMGS12
MAG-GUT24670,21673_4_5
MAG-GUT24686,UMGS185
MAG-GUT24735,18048_1_70
MAG-GUT24763,13470_2_58
MAG-GUT24765,UMGS13
MAG-GUT24787,GCF_000186505
MAG-GUT24822,21673_4_22
MAG-GUT24836,18048_1_70
MAG-GUT24840,GCF_000186505
MAG-GUT24988,GCF_000186505
MAG-GUT25022,UMGS12
MAG-GUT25048,GCF_000411395
MAG-GUT25055,GCF_000186505
MAG-GUT25075,21673_4_22
MAG-GUT25077,UMGS117
MAG-GUT2507,UMGS137
MAG-GUT25223,UMGS117
MAG-GUT2525,21673_4_22
MAG-GUT25263,UMGS117
MAG-GUT25307,GCF_000186505
MAG-GUT25340,GCF_000411395
MAG-GUT25354,UMGS132
MAG-GUT25404,UMGS87
MAG-GUT25429,UMGS611
MAG-GUT25519,UMGS679
MAG-GUT25590,GCF_000163735
MAG-GUT25605,UMGS159
MAG-GUT25621,UMGS80
MAG-GUT25650,UMGS181
MAG-GUT25763,UMGS11
MAG-GUT25802,UMGS87
MAG-GUT25808,UMGS186
MAG-GUT25847,13414_6_3
MAG-GUT25961,UMGS11
MAG-GUT26038,UMGS132
MAG-GUT26059,UMGS185
MAG-GUT2607,UMGS65
MAG-GUT26088,GCF_000209405
MAG-GUT26204,UMGS132
MAG-GUT26205,UMGS11
MAG-GUT26238,20298_2_33
MAG-GUT26239,UMGS87
MAG-GUT26272,12718_7_72
MAG-GUT26273,UMGS280
MAG-GUT26293,UMGS83
MAG-GUT26303,GCF_000191845
MAG-GUT26315,GCF_000209405
MAG-GUT26333,UMGS132
MAG-GUT26344,UMGS87
MAG-GUT26365,UMGS36
MAG-GUT26387,UMGS11
MAG-GUT26400,UMGS87
MAG-GUT26401,UMGS86
MAG-GUT26441,UMGS132
MAG-GUT26459,UMGS11
MAG-GUT26493,UMGS79
MAG-GUT26496,13414_6_3
MAG-GUT26501,UMGS86
MAG-GUT26512,UMGS41
MAG-GUT26524,GCF_000218385
MAG-GUT26531,GCF_000191845
MAG-GUT2655,UMGS185
MAG-GUT26562,UMGS11
MAG-GUT26578,18048_1_70
MAG-GUT26586,21673_4_22
MAG-GUT26587,18391_1_7
MAG-GUT2658,21673_4_22
MAG-GUT2660,UMGS84
MAG-GUT26615,21673_4_22
MAG-GUT26757,UMGS185
MAG-GUT26803,UMGS84
MAG-GUT26973,20298_2_33
MAG-GUT27018,UMGS37
MAG-GUT27032,UMGS12
MAG-GUT27053,14207_7_9
MAG-GUT27063,GCF_000155205
MAG-GUT27097,GCF_000186505
MAG-GUT27121,GCF_000155855
MAG-GUT27127,14207_7_9
MAG-GUT27129,UMGS156
MAG-GUT27132,UMGS209
MAG-GUT27144,UMGS185
MAG-GUT27169,UMGS185
MAG-GUT271,UMGS156
MAG-GUT27271,21673_4_22
MAG-GUT27283,21673_4_22
MAG-GUT27297,21673_4_22
MAG-GUT27309,UMGS328
MAG-GUT27329,UMGS328
MAG-GUT27420,UMGS75
MAG-GUT27426,UMGS185
MAG-GUT27436,UMGS185
MAG-GUT27437,UMGS75
MAG-GUT27453,UMGS75
MAG-GUT27476,UMGS65
MAG-GUT27477,UMGS264
MAG-GUT27501,UMGS65
MAG-GUT2752,UMGS65
MAG-GUT2776,21673_4_22
MAG-GUT27781,UMGS148
MAG-GUT27783,UMGS65
MAG-GUT2783,UMGS84
MAG-GUT27936,21673_4_5
MAG-GUT27968,21673_4_5
MAG-GUT28018,UMGS65
MAG-GUT28028,UMGS65
MAG-GUT28034,UMGS159
MAG-GUT28050,UMGS159
MAG-GUT28054,UMGS159
MAG-GUT28074,21673_4_22
MAG-GUT28099,UMGS185
MAG-GUT28110,UMGS185
MAG-GUT28130,UMGS185
MAG-GUT28136,UMGS52
MAG-GUT28206,UMGS65
MAG-GUT28243,UMGS4
MAG-GUT28252,21673_4_22
MAG-GUT28366,UMGS40
MAG-GUT28379,UMGS40
MAG-GUT2841,11861_6_61
MAG-GUT2847,21673_4_5
MAG-GUT28570,UMGS483
MAG-GUT28651,UMGS141
MAG-GUT2865,UMGS223
MAG-GUT28666,UMGS223
MAG-GUT28677,21673_4_5
MAG-GUT2867,UMGS223
MAG-GUT28702,UMGS223
MAG-GUT28721,18391_1_7
MAG-GUT28738,11861_6_61
MAG-GUT2873,18391_1_7
MAG-GUT2874,UMGS141
MAG-GUT28806,UMGS108
MAG-GUT2884,21673_4_22
MAG-GUT28915,UMGS100
MAG-GUT28960,UMGS148
MAG-GUT28964,UMGS148
MAG-GUT28976,UMGS148
MAG-GUT28983,14207_7_9
MAG-GUT29001,UMGS148
MAG-GUT29051,UMGS692
MAG-GUT29076,UMGS692
MAG-GUT29111,21673_4_22
MAG-GUT29134,21673_4_22
MAG-GUT2914,21673_4_22
MAG-GUT29175,UMGS223
MAG-GUT29189,GCF_000411395
MAG-GUT29214,GCF_000411395
MAG-GUT29221,GCF_000411395
MAG-GUT29239,UMGS65
MAG-GUT29293,UMGS129
MAG-GUT29345,21673_4_22
MAG-GUT29364,18048_1_70
MAG-GUT29376,UMGS64
MAG-GUT2937,21673_4_22
MAG-GUT29414,GCF_000156175
MAG-GUT29476,GCF_000411395
MAG-GUT29483,UMGS185
MAG-GUT29494,GCF_000156175
MAG-GUT29515,UMGS223
MAG-GUT29557,UMGS12
MAG-GUT29569,UMGS223
MAG-GUT29582,UMGS87
MAG-GUT29587,UMGS14
MAG-GUT29600,UMGS179
MAG-GUT2965,GCF_000154325
MAG-GUT29781,UMGS14
MAG-GUT29784,UMGS186
MAG-GUT29812,21673_4_22
MAG-GUT29856,UMGS14
MAG-GUT29860,18048_2_85
MAG-GUT29870,UMGS39
MAG-GUT29878,GCF_900095825
MAG-GUT29885,UMGS138
MAG-GUT29911,UMGS87
MAG-GUT29933,21673_4_22
MAG-GUT29963,UMGS12
MAG-GUT30085,GCF_000186505
MAG-GUT30091,UMGS20
MAG-GUT30098,UMGS82
MAG-GUT30099,14207_7_9
MAG-GUT30102,UMGS84
MAG-GUT30142,UMGS132
MAG-GUT30268,21673_4_22
MAG-GUT30319,UMGS197
MAG-GUT30323,21673_4_22
MAG-GUT30383,UMGS132
MAG-GUT30439,UMGS79
MAG-GUT30448,21673_4_22
MAG-GUT30479,UMGS79
MAG-GUT30522,21673_4_22
MAG-GUT30539,UMGS611
MAG-GUT30560,21673_4_22
MAG-GUT30581,UMGS14
MAG-GUT30604,UMGS185
MAG-GUT30639,GCF_000159215
MAG-GUT30699,UMGS14
MAG-GUT30728,UMGS132
MAG-GUT308,UMGS175
MAG-GUT3090,UMGS87
MAG-GUT30970,UMGS132
MAG-GUT31002,21673_4_5
MAG-GUT31010,21673_4_22
MAG-GUT31018,UMGS87
MAG-GUT31079,21673_4_22
MAG-GUT31093,UMGS14
MAG-GUT3110,UMGS185
MAG-GUT31138,UMGS132
MAG-GUT31232,18048_1_70
MAG-GUT31235,UMGS179
MAG-GUT31276,UMGS223
MAG-GUT31302,UMGS14
MAG-GUT31303,20427_4_22
MAG-GUT31343,GCF_000235885
MAG-GUT31431,UMGS126
MAG-GUT31433,21673_4_22
MAG-GUT31502,GCF_000752675
MAG-GUT31519,UMGS81
MAG-GUT31529,21673_4_22
MAG-GUT31533,UMGS79
MAG-GUT31540,21673_4_5
MAG-GUT31546,UMGS117
MAG-GUT31555,18048_1_70
MAG-GUT31580,21673_4_22
MAG-GUT31702,21673_4_5
MAG-GUT31741,UMGS223
MAG-GUT3175,UMGS37
MAG-GUT31783,21673_4_22
MAG-GUT31785,21673_4_22
MAG-GUT317,GCF_000192165
MAG-GUT31802,UMGS283
MAG-GUT31872,UMGS117
MAG-GUT31931,UMGS82
MAG-GUT32002,GCF_000209405
MAG-GUT32018,UMGS42
MAG-GUT32053,14207_7_9
MAG-GUT32102,18048_1_70
MAG-GUT32106,UMGS14
MAG-GUT32130,21673_4_22
MAG-GUT3213,UMGS173
MAG-GUT32169,UMGS120
MAG-GUT32170,UMGS50
MAG-GUT32215,UMGS132
MAG-GUT32242,21673_4_55
MAG-GUT32255,GCF_000218385
MAG-GUT3231,20298_3_11
MAG-GUT32339,20298_3_11
MAG-GUT3233,UMGS262
MAG-GUT32343,UMGS360
MAG-GUT32351,GCF_000235885
MAG-GUT32354,GCF_000186505
MAG-GUT32356,GCF_000752675
MAG-GUT32383,UMGS37
MAG-GUT32404,UMGS84
MAG-GUT32425,UMGS168
MAG-GUT32469,UMGS117
MAG-GUT32470,UMGS283
MAG-GUT32509,UMGS84
MAG-GUT32544,UMGS611
MAG-GUT32557,UMGS82
MAG-GUT32575,UMGS132
MAG-GUT32583,UMGS185
MAG-GUT32588,21673_4_5
MAG-GUT32654,20427_4_22
MAG-GUT32667,GCF_000154325
MAG-GUT32691,UMGS3
MAG-GUT32779,UMGS130
MAG-GUT32792,UMGS185
MAG-GUT32803,UMGS65
MAG-GUT32879,UMGS84
MAG-GUT32882,13414_6_3
MAG-GUT32889,GCF_000752675
MAG-GUT32902,GCF_000752675
MAG-GUT32929,21673_4_5
MAG-GUT32939,21673_4_22
MAG-GUT32966,UMGS132
MAG-GUT32970,GCF_000154325
MAG-GUT3301,GCF_000154805
MAG-GUT33032,21673_4_22
MAG-GUT33095,UMGS82
MAG-GUT3315,14207_7_50
MAG-GUT3323,GCF_000154805
MAG-GUT33244,GCF_000156175
MAG-GUT33270,GCF_000311925
MAG-GUT33324,UMGS84
MAG-GUT33329,21673_4_5
MAG-GUT33356,UMGS82
MAG-GUT33386,GCF_000154325
MAG-GUT33415,UMGS185
MAG-GUT33443,21673_4_22
MAG-GUT33511,UMGS87
MAG-GUT33530,UMGS14
MAG-GUT33557,GCF_000192165
MAG-GUT33566,GCF_000156175
MAG-GUT33569,UMGS12
MAG-GUT335,GCF_000156175
MAG-GUT33604,UMGS130
MAG-GUT33640,UMGS370
MAG-GUT33657,UMGS132
MAG-GUT33658,GCF_900095825
MAG-GUT33659,UMGS185
MAG-GUT336,21673_4_22
MAG-GUT3377,GCF_000163735
MAG-GUT33836,GCF_000159375
MAG-GUT33845,21673_4_22
MAG-GUT33885,21673_4_22
MAG-GUT33906,UMGS185
MAG-GUT33914,UMGS251
MAG-GUT33983,21673_4_22
MAG-GUT34183,UMGS185
MAG-GUT34193,18048_1_70
MAG-GUT34206,UMGS121
MAG-GUT34223,21673_4_22
MAG-GUT34245,GCF_000159375
MAG-GUT34249,21673_4_22
MAG-GUT3427,GCF_000297815
MAG-GUT3435,GCF_000297815
MAG-GUT34421,UMGS121
MAG-GUT34513,UMGS121
MAG-GUT34540,GCF_000159375
MAG-GUT34569,UMGS185
MAG-GUT34592,UMGS185
MAG-GUT34594,GCF_000156175
MAG-GUT34600,UMGS86
MAG-GUT34661,21673_4_22
MAG-GUT34689,UMGS185
MAG-GUT34724,UMGS86
MAG-GUT3474,20298_3_3
MAG-GUT34763,21673_4_22
MAG-GUT34778,20298_3_11
MAG-GUT3477,UMGS121
MAG-GUT3478,GCF_000026505
MAG-GUT3479,20298_3_11
MAG-GUT34803,20298_3_3
MAG-GUT3480,21673_4_22
MAG-GUT34814,21673_4_22
MAG-GUT34834,21673_4_22
MAG-GUT3484,20298_3_12
MAG-GUT34892,21673_4_22
MAG-GUT34932,20298_3_12
MAG-GUT34937,UMGS126
MAG-GUT3493,21673_4_22
MAG-GUT34945,GCF_000159375
MAG-GUT34992,20298_3_12
MAG-GUT3499,21673_4_22
MAG-GUT35070,21673_4_22
MAG-GUT35087,20298_3_12
MAG-GUT3508,UMGS84
MAG-GUT35150,21673_4_22
MAG-GUT35198,GCF_000156175
MAG-GUT35206,UMGS84
MAG-GUT35223,18048_1_70
MAG-GUT35231,UMGS121
MAG-GUT35271,GCF_000156175
MAG-GUT35302,21673_4_22
MAG-GUT3531,GCF_000191845
MAG-GUT35394,UMGS12
MAG-GUT35418,21673_4_22
MAG-GUT35486,20298_3_11
MAG-GUT3548,GCF_000218385
MAG-GUT3553,20298_3_12
MAG-GUT35547,21673_4_22
MAG-GUT35591,18048_2_85
MAG-GUT35597,UMGS84
MAG-GUT3561,20298_3_11
MAG-GUT35625,14207_7_9
MAG-GUT35626,UMGS39
MAG-GUT35629,21673_4_22
MAG-GUT35641,UMGS12
MAG-GUT35683,GCF_000209405
MAG-GUT35732,21673_4_5
MAG-GUT35747,GCF_000311925
MAG-GUT35760,UMGS37
MAG-GUT35789,13414_6_2
MAG-GUT35807,UMGS61
MAG-GUT35824,UMGS197
MAG-GUT35837,UMGS132
MAG-GUT35871,21673_4_5
MAG-GUT35918,GCF_000154325
MAG-GUT35922,UMGS179
MAG-GUT35934,21673_4_22
MAG-GUT35935,UMGS132
MAG-GUT35943,21673_4_5
MAG-GUT35945,UMGS82
MAG-GUT35948,UMGS22
MAG-GUT35964,UMGS132
MAG-GUT36009,GCF_000155515
MAG-GUT36027,UMGS106
MAG-GUT36037,UMGS83
MAG-GUT36103,UMGS1
MAG-GUT36136,GCF_000163735
MAG-GUT36138,GCF_000273525
MAG-GUT36139,UMGS37
MAG-GUT36148,UMGS117
MAG-GUT36218,UMGS12
MAG-GUT36222,21673_4_22
MAG-GUT3624,UMGS39
MAG-GUT36301,UMGS37
MAG-GUT3630,21673_4_22
MAG-GUT3631,UMGS86
MAG-GUT36419,UMGS42
MAG-GUT36441,UMGS84
MAG-GUT3651,UMGS84
MAG-GUT36569,GCF_000209405
MAG-GUT36571,21673_4_5
MAG-GUT36577,14207_7_9
MAG-GUT36580,UMGS82
MAG-GUT36616,UMGS611
MAG-GUT36683,GCF_000186505
MAG-GUT36692,UMGS84
MAG-GUT36712,UMGS185
MAG-GUT36733,21673_4_5
MAG-GUT3674,UMGS39
MAG-GUT36756,UMGS77
MAG-GUT36772,11861_6_61
MAG-GUT36794,UMGS46
MAG-GUT36796,21673_4_5
MAG-GUT36799,11861_6_61
MAG-GUT36814,GCF_000321205
MAG-GUT36916,13414_6_3
MAG-GUT36922,UMGS39
MAG-GUT36962,UMGS185
MAG-GUT36998,UMGS14
MAG-GUT37024,UMGS84
MAG-GUT3702,GCF_000156175
MAG-GUT37063,UMGS39
MAG-GUT37077,21673_4_22
MAG-GUT37090,18391_1_7
MAG-GUT3710,UMGS14
MAG-GUT37154,UMGS84
MAG-GUT37167,UMGS61
MAG-GUT37176,UMGS14
MAG-GUT37194,21673_4_22
MAG-GUT37249,UMGS148
MAG-GUT37277,GCF_000209385
MAG-GUT37279,UMGS14
MAG-GUT37376,UMGS14
MAG-GUT37378,UMGS605
MAG-GUT37384,UMGS39
MAG-GUT37389,UMGS12
MAG-GUT37401,UMGS79
MAG-GUT37445,21673_4_5
MAG-GUT3745,GCF_000163735
MAG-GUT3747,UMGS86
MAG-GUT374,UMGS39
MAG-GUT37542,UMGS185
MAG-GUT37553,UMGS83
MAG-GUT37559,UMGS65
MAG-GUT37563,GCF_000154325
MAG-GUT37626,21673_4_22
MAG-GUT37689,UMGS14
MAG-GUT37747,21673_4_22
MAG-GUT37758,GCF_000468015
MAG-GUT37818,UMGS148
MAG-GUT37858,12718_7_41
MAG-GUT37870,UMGS132
MAG-GUT37878,18048_2_85
MAG-GUT37917,21673_4_5
MAG-GUT37934,UMGS493
MAG-GUT37939,UMGS84
MAG-GUT37942,GCF_000186505
MAG-GUT37950,UMGS137
MAG-GUT37961,UMGS185
MAG-GUT37976,UMGS439
MAG-GUT379,GCF_000411395
MAG-GUT38016,UMGS117
MAG-GUT38052,21673_4_22
MAG-GUT38093,UMGS129
MAG-GUT38145,UMGS137
MAG-GUT38177,UMGS138
MAG-GUT38182,UMGS39
MAG-GUT38231,UMGS137
MAG-GUT38263,GCF_000156175
MAG-GUT38358,GCF_000209405
MAG-GUT38435,GCF_000209405
MAG-GUT38485,UMGS87
MAG-GUT3853,13470_2_58
MAG-GUT38547,UMGS82
MAG-GUT38551,UMGS61
MAG-GUT38584,UMGS84
MAG-GUT38585,UMGS179
MAG-GUT38587,GCF_000154325
MAG-GUT38589,UMGS130
MAG-GUT38605,21673_4_22
MAG-GUT38625,UMGS82
MAG-GUT38697,14207_7_9
MAG-GUT38702,UMGS14
MAG-GUT38735,21673_4_5
MAG-GUT3880,UMGS14
MAG-GUT38840,UMGS83
MAG-GUT38856,UMGS12
MAG-GUT38906,21673_4_22
MAG-GUT3891,GCF_000209405
MAG-GUT38999,UMGS117
MAG-GUT39017,14207_7_9
MAG-GUT39028,UMGS175
MAG-GUT39078,GCF_000209405
MAG-GUT3907,UMGS185
MAG-GUT39088,21673_4_22
MAG-GUT39095,UMGS83
MAG-GUT39098,UMGS132
MAG-GUT39107,UMGS137
MAG-GUT39108,GCF_000297775
MAG-GUT39136,UMGS12
MAG-GUT39139,21673_4_5
MAG-GUT39152,UMGS84
MAG-GUT39174,UMGS12
MAG-GUT39218,21673_4_22
MAG-GUT3922,GCF_000297775
MAG-GUT39237,UMGS132
MAG-GUT39245,UMGS117
MAG-GUT39357,UMGS138
MAG-GUT39372,UMGS87
MAG-GUT39373,UMGS185
MAG-GUT39460,GCF_000186505
MAG-GUT39512,13470_2_58
MAG-GUT39513,UMGS39
MAG-GUT39565,GCF_000209405
MAG-GUT39582,UMGS262
MAG-GUT39583,UMGS87
MAG-GUT39588,UMGS223
MAG-GUT39589,14207_7_9
MAG-GUT39606,18048_2_85
MAG-GUT39805,UMGS4
MAG-GUT3986,GCF_000186505
MAG-GUT39998,UMGS223
MAG-GUT399,13414_6_2
MAG-GUT40004,UMGS64
MAG-GUT40025,UMGS154
MAG-GUT40028,GCF_000154325
MAG-GUT40033,UMGS154
MAG-GUT40105,UMGS502
MAG-GUT40221,21673_4_5
MAG-GUT40251,UMGS185
MAG-GUT40305,UMGS65
MAG-GUT40411,21673_4_22
MAG-GUT4044,UMGS84
MAG-GUT40486,21673_4_22
MAG-GUT40499,UMGS65
MAG-GUT40517,UMGS159
MAG-GUT40608,UMGS81
MAG-GUT40620,UMGS84
MAG-GUT4062,UMGS185
MAG-GUT40638,UMGS185
MAG-GUT40702,21673_4_22
MAG-GUT40706,14207_7_9
MAG-GUT40831,GCF_001025175
MAG-GUT40856,UMGS65
MAG-GUT40857,UMGS197
MAG-GUT408,UMGS52
MAG-GUT40941,GCF_001025175
MAG-GUT409,UMGS185
MAG-GUT41020,20298_3_11
MAG-GUT41097,13414_6_3
MAG-GUT41148,UMGS287
MAG-GUT41171,UMGS82
MAG-GUT41193,UMGS185
MAG-GUT41197,21673_4_22
MAG-GUT4125,UMGS186
MAG-GUT412,GCF_001025175
MAG-GUT41378,UMGS84
MAG-GUT4151,UMGS209
MAG-GUT41528,21673_4_22
MAG-GUT41616,UMGS137
MAG-GUT41665,UMGS185
MAG-GUT41817,UMGS83
MAG-GUT41818,GCF_001025175
MAG-GUT41852,GCF_000155855
MAG-GUT41860,21673_4_22
MAG-GUT418,UMGS77
MAG-GUT41911,21673_4_5
MAG-GUT41924,13414_6_3
MAG-GUT41956,UMGS106
MAG-GUT41,UMGS660
MAG-GUT42066,GCF_001025175
MAG-GUT4207,UMGS159
MAG-GUT420,UMGS84
MAG-GUT42116,GCF_001025175
MAG-GUT42125,UMGS148
MAG-GUT42163,UMGS175
MAG-GUT42174,UMGS185
MAG-GUT421,21673_4_22
MAG-GUT42210,GCF_001025175
MAG-GUT42294,UMGS223
MAG-GUT422,UMGS223
MAG-GUT42317,GCF_001025175
MAG-GUT42358,UMGS186
MAG-GUT423,GCF_000242435
MAG-GUT42455,UMGS185
MAG-GUT42468,14207_7_9
MAG-GUT4247,UMGS264
MAG-GUT42485,UMGS52
MAG-GUT42494,UMGS475
MAG-GUT42537,GCF_001025175
MAG-GUT42578,UMGS82
MAG-GUT42584,UMGS735
MAG-GUT425,UMGS52
MAG-GUT4260,GCF_000186505
MAG-GUT42613,UMGS154
MAG-GUT42654,UMGS185
MAG-GUT42662,13414_6_58
MAG-GUT42663,UMGS87
MAG-GUT42675,21673_4_22
MAG-GUT42689,UMGS137
MAG-GUT4268,18391_1_11
MAG-GUT42699,GCF_000209405
MAG-GUT42710,UMGS137
MAG-GUT42731,GCF_000209405
MAG-GUT42774,UMGS95
MAG-GUT42780,21673_4_5
MAG-GUT42829,UMGS185
MAG-GUT42852,UMGS287
MAG-GUT42861,UMGS21
MAG-GUT42865,UMGS277
MAG-GUT42867,UMGS4
MAG-GUT4289,GCF_000209405
MAG-GUT429,GCF_001025175
MAG-GUT4300,GCF_001025175
MAG-GUT430,18048_2_85
MAG-GUT43110,GCF_001025175
MAG-GUT43146,21673_4_5
MAG-GUT43152,GCF_000186505
MAG-GUT43155,GCF_000411395
MAG-GUT43176,UMGS24
MAG-GUT43178,GCF_000209405
MAG-GUT431,12718_7_41
MAG-GUT43216,GCF_001025175
MAG-GUT43227,GCF_900095855
MAG-GUT43233,GCF_000186505
MAG-GUT43248,GCF_000411395
MAG-GUT43251,GCF_000411395
MAG-GUT43254,21673_4_5
MAG-GUT43258,GCF_001182045
MAG-GUT43269,UMGS1
MAG-GUT43289,UMGS223
MAG-GUT432,UMGS137
MAG-GUT43329,GCF_001025175
MAG-GUT43330,GCF_000411395
MAG-GUT43366,UMGS132
MAG-GUT43377,14207_7_9
MAG-GUT43378,UMGS156
MAG-GUT4338,GCF_000235885
MAG-GUT433,UMGS12
MAG-GUT43402,20298_3_3
MAG-GUT43425,20298_3_11
MAG-GUT43440,GCF_000297815
MAG-GUT43446,20298_3_11
MAG-GUT43457,20298_3_11
MAG-GUT43462,20298_3_11
MAG-GUT43463,20298_3_11
MAG-GUT43483,20298_3_11
MAG-GUT43491,20298_3_3
MAG-GUT43515,GCF_001025175
MAG-GUT43534,20298_3_3
MAG-GUT43570,21673_4_22
MAG-GUT43573,GCF_000163735
MAG-GUT43577,20298_3_11
MAG-GUT435,20298_3_11
MAG-GUT43620,20298_3_11
MAG-GUT43623,GCF_001025175
MAG-GUT43628,GCF_001025175
MAG-GUT43633,GCF_000468015
MAG-GUT43648,21673_4_5
MAG-GUT43658,21673_4_22
MAG-GUT43691,UMGS223
MAG-GUT43698,GCF_000411535
MAG-GUT43751,20298_3_11
MAG-GUT43773,UMGS99
MAG-GUT43797,UMGS39
MAG-GUT43835,GCF_000411395
MAG-GUT43894,UMGS578
MAG-GUT4390,21673_4_22
MAG-GUT43934,GCF_001025175
MAG-GUT43936,20427_4_22
MAG-GUT43943,20298_3_11
MAG-GUT43946,UMGS175
MAG-GUT43957,21673_4_5
MAG-GUT44000,GCF_000163735
MAG-GUT44002,20298_2_33
MAG-GUT44104,GCF_001025175
MAG-GUT44111,18391_1_11
MAG-GUT44112,GCF_000163735
MAG-GUT44177,GCF_000155515
MAG-GUT44179,20298_3_11
MAG-GUT44190,20298_3_3
MAG-GUT441,UMGS610
MAG-GUT44212,UMGS241
MAG-GUT44261,UMGS155
MAG-GUT4426,UMGS81
MAG-GUT44374,UMGS39
MAG-GUT4440,GCF_001025175
MAG-GUT44412,UMGS82
MAG-GUT44433,13414_6_58
MAG-GUT44474,GCF_000026505
MAG-GUT44484,13414_6_3
MAG-GUT44488,UMGS81
MAG-GUT444,21673_4_22
MAG-GUT44512,GCF_001025175
MAG-GUT44522,GCF_001025195
MAG-GUT44539,UMGS175
MAG-GUT44544,20298_3_11
MAG-GUT44598,20298_3_11
MAG-GUT445,UMGS249
MAG-GUT44617,GCF_001025175
MAG-GUT44662,20298_3_11
MAG-GUT44666,GCF_000163735
MAG-GUT44688,20298_2_33
MAG-GUT446,GCF_000156175
MAG-GUT44736,GCF_000172135
MAG-GUT44748,UMGS223
MAG-GUT44774,21673_4_5
MAG-GUT44840,UMGS87
MAG-GUT44851,GCF_000163735
MAG-GUT44855,UMGS65
MAG-GUT44900,GCF_001025175
MAG-GUT44944,21673_4_22
MAG-GUT44961,21673_4_5
MAG-GUT449,GCF_000273525
MAG-GUT45009,GCF_001025175
MAG-GUT45058,14207_7_9
MAG-GUT45059,UMGS185
MAG-GUT45062,21673_4_22
MAG-GUT45090,UMGS83
MAG-GUT45094,UMGS33
MAG-GUT450,UMGS130
MAG-GUT45122,21673_4_5
MAG-GUT45166,13414_6_58
MAG-GUT45172,14207_7_9
MAG-GUT45205,GCF_001025175
MAG-GUT45212,UMGS86
MAG-GUT45214,13414_6_58
MAG-GUT45263,21673_4_5
MAG-GUT452,21673_4_5
MAG-GUT45317,GCF_001025175
MAG-GUT45331,GCF_000163735
MAG-GUT45352,13414_6_43
MAG-GUT45377,UMGS223
MAG-GUT45396,21673_4_22
MAG-GUT453,21673_4_5
MAG-GUT45417,UMGS42
MAG-GUT45512,GCF_001025175
MAG-GUT4552,UMGS129
MAG-GUT45537,UMGS328
MAG-GUT455,21673_4_22
MAG-GUT45607,GCF_001025175
MAG-GUT45615,20287_6_22
MAG-GUT45633,UMGS39
MAG-GUT4564,GCF_000163735
MAG-GUT45670,UMGS186
MAG-GUT45684,21673_4_5
MAG-GUT45687,GCF_000163735
MAG-GUT456,20298_3_3
MAG-GUT45705,GCF_001025175
MAG-GUT45719,13414_6_58
MAG-GUT45758,GCF_000411535
MAG-GUT45776,UMGS65
MAG-GUT4577,18391_1_7
MAG-GUT45791,GCF_000163735
MAG-GUT457,13414_6_58
MAG-GUT45814,14207_7_9
MAG-GUT45829,GCF_001025175
MAG-GUT45858,UMGS328
MAG-GUT4585,UMGS175
MAG-GUT45882,20298_3_11
MAG-GUT45894,UMGS185
MAG-GUT45903,GCF_001025175
MAG-GUT45923,GCF_000411395
MAG-GUT459,13414_6_58
MAG-GUT4600,UMGS360
MAG-GUT4602,UMGS186
MAG-GUT46037,UMGS153
MAG-GUT46039,UMGS223
MAG-GUT46159,GCF_000273525
MAG-GUT46165,UMGS610
MAG-GUT46167,GCF_000411535
MAG-GUT4616,21673_4_5
MAG-GUT46175,UMGS185
MAG-GUT46179,UMGS83
MAG-GUT46181,21673_4_22
MAG-GUT46186,UMGS86
MAG-GUT46199,GCF_000186505
MAG-GUT46219,GCF_001025175
MAG-GUT46247,GCF_000155855
MAG-GUT46257,GCF_000163735
MAG-GUT46265,UMGS92
MAG-GUT462,GCF_000155515
MAG-GUT4634,GCF_001025175
MAG-GUT46354,UMGS287
MAG-GUT46378,20287_6_22
MAG-GUT46397,21673_4_5
MAG-GUT463,UMGS82
MAG-GUT46435,GCF_001025175
MAG-GUT46437,GCF_000163735
MAG-GUT46441,20298_3_11
MAG-GUT46486,20298_3_11
MAG-GUT46493,GCF_001025175
MAG-GUT46496,GCF_001025175
MAG-GUT464,GCF_000026505
MAG-GUT4651,GCF_001025175
MAG-GUT46526,UMGS287
MAG-GUT46540,21673_4_22
MAG-GUT465,UMGS42
MAG-GUT46630,21673_4_22
MAG-GUT46649,GCF_000026505
MAG-GUT46652,UMGS82
MAG-GUT46658,13414_6_58
MAG-GUT46719,GCF_001025175
MAG-GUT46722,GCF_000273525
MAG-GUT46760,GCF_000026505
MAG-GUT46783,GCF_000020425
MAG-GUT467,UMGS81
MAG-GUT46826,GCF_001025175
MAG-GUT46868,UMGS86
MAG-GUT46888,20298_3_11
MAG-GUT468,21673_4_22
MAG-GUT46914,GCF_001025175
MAG-GUT46922,14207_7_9
MAG-GUT46923,GCF_000163735
MAG-GUT46931,GCF_000238755
MAG-GUT46962,GCF_000163735
MAG-GUT46965,20298_3_11
MAG-GUT46987,UMGS55
MAG-GUT469,GCF_000163735
MAG-GUT47063,GCF_001025175
MAG-GUT47072,12718_7_70
MAG-GUT470,21673_4_22
MAG-GUT47106,GCF_001025175
MAG-GUT47124,GCF_900095855
MAG-GUT47144,21673_4_22
MAG-GUT47176,UMGS39
MAG-GUT47179,UMGS65
MAG-GUT47180,GCF_000159455
MAG-GUT47186,UMGS12
MAG-GUT471,GCF_000163735
MAG-GUT47205,21673_4_5
MAG-GUT47222,GCF_000163735
MAG-GUT47256,14207_7_9
MAG-GUT4726,UMGS197
MAG-GUT47330,GCF_000172135
MAG-GUT47410,UMGS185
MAG-GUT47464,GCF_001025175
MAG-GUT47531,20298_3_11
MAG-GUT47559,18391_1_11
MAG-GUT47585,18391_1_7
MAG-GUT47603,UMGS631
MAG-GUT4760,UMGS175
MAG-GUT47622,GCF_000163735
MAG-GUT47637,20298_3_3
MAG-GUT47676,GCF_000163735
MAG-GUT47723,20298_3_3
MAG-GUT47777,18391_1_7
MAG-GUT47782,20298_3_3
MAG-GUT47800,21673_4_5
MAG-GUT47808,21673_4_22
MAG-GUT47840,GCF_001457835
MAG-GUT47843,GCF_000154325
MAG-GUT47875,GCF_000411395
MAG-GUT47922,GCF_000163735
MAG-GUT47959,UMGS185
MAG-GUT47995,UMGS185
MAG-GUT48077,21673_4_5
MAG-GUT48190,GCF_000163735
MAG-GUT48218,UMGS198
MAG-GUT48247,GCF_000163735
MAG-GUT48276,21673_4_5
MAG-GUT48302,UMGS65
MAG-GUT48321,UMGS84
MAG-GUT4832,GCF_000209405
MAG-GUT48445,UMGS154
MAG-GUT48460,21673_4_22
MAG-GUT48488,20298_3_11
MAG-GUT48498,20298_3_11
MAG-GUT48566,20298_3_11
MAG-GUT48571,20298_3_3
MAG-GUT48579,GCF_001025175
MAG-GUT48585,20298_3_11
MAG-GUT48612,20298_3_11
MAG-GUT48628,GCF_000163735
MAG-GUT48629,20298_2_33
MAG-GUT48630,GCF_000163735
MAG-GUT48634,GCF_000163735
MAG-GUT48635,GCF_000163735
MAG-GUT48651,GCF_000163735
MAG-GUT48654,GCF_000163735
MAG-GUT48673,20298_3_11
MAG-GUT48681,GCF_000413335
MAG-GUT48682,20298_2_33
MAG-GUT48684,GCF_000163735
MAG-GUT48686,20298_3_11
MAG-GUT48694,GCF_000163735
MAG-GUT48704,20298_3_11
MAG-GUT48721,GCF_000413335
MAG-GUT48723,20298_3_11
MAG-GUT48733,GCF_000163735
MAG-GUT48735,GCF_000161955
MAG-GUT48749,20298_3_11
MAG-GUT48754,20298_3_11
MAG-GUT48761,20298_3_11
MAG-GUT48763,GCF_000413335
MAG-GUT48773,GCF_000297815
MAG-GUT48779,GCF_000411535
MAG-GUT48798,20298_3_11
MAG-GUT48801,GCF_000413335
MAG-GUT48804,20298_3_11
MAG-GUT48805,UMGS56
MAG-GUT48825,GCF_000411535
MAG-GUT48829,20298_3_11
MAG-GUT48834,20298_3_11
MAG-GUT48852,GCF_000413335
MAG-GUT48863,GCF_000163735
MAG-GUT48887,20298_2_33
MAG-GUT48894,20298_3_11
MAG-GUT48902,GCF_000411535
MAG-GUT48923,GCF_000163735
MAG-GUT48926,GCF_000026505
MAG-GUT48940,20298_3_3
MAG-GUT48943,GCF_000163735
MAG-GUT48949,GCF_000163735
MAG-GUT48957,GCF_000163735
MAG-GUT48959,GCF_000163735
MAG-GUT48964,GCF_000163735
MAG-GUT48968,20298_3_11
MAG-GUT48971,20298_3_11
MAG-GUT48976,20298_3_11
MAG-GUT48986,GCF_000163735
MAG-GUT48995,20298_3_1
MAG-GUT49002,20298_2_33
MAG-GUT49003,GCF_000163735
MAG-GUT49004,20298_3_11
MAG-GUT49005,20298_3_3
MAG-GUT49009,GCF_000413335
MAG-GUT49010,20298_3_11
MAG-GUT49011,GCF_000163735
MAG-GUT49015,20298_3_11
MAG-GUT49023,GCF_000238615
MAG-GUT49026,20298_3_11
MAG-GUT4902,GCF_000163735
MAG-GUT49035,GCF_000163735
MAG-GUT49036,GCF_000163735
MAG-GUT49041,20298_3_1
MAG-GUT49046,UMGS56
MAG-GUT49051,GCF_000161955
MAG-GUT49058,20298_3_1
MAG-GUT49063,20298_3_11
MAG-GUT49069,20298_3_11
MAG-GUT49070,20298_3_11
MAG-GUT49071,20298_3_3
MAG-GUT49075,20298_3_11
MAG-GUT49076,GCF_000026505
MAG-GUT49079,GCF_000413335
MAG-GUT49083,20298_3_11
MAG-GUT49101,20298_3_11
MAG-GUT49107,GCF_000026505
MAG-GUT49118,20298_3_11
MAG-GUT49170,20298_3_11
MAG-GUT49176,20298_3_11
MAG-GUT49179,20298_3_3
MAG-GUT49203,GCF_000163735
MAG-GUT49226,20298_3_11
MAG-GUT49236,20298_3_11
MAG-GUT49243,GCF_000413335
MAG-GUT49261,GCF_000413335
MAG-GUT49266,GCF_000163735
MAG-GUT49289,20298_3_11
MAG-GUT49294,GCF_000163735
MAG-GUT49297,20298_3_11
MAG-GUT49302,20298_3_11
MAG-GUT49309,GCF_000411535
MAG-GUT49315,20298_3_11
MAG-GUT49326,20298_3_11
MAG-GUT49328,GCF_000163735
MAG-GUT49329,20298_3_11
MAG-GUT49355,GCF_000163735
MAG-GUT49356,20298_3_11
MAG-GUT49359,20298_3_11
MAG-GUT49371,GCF_000163735
MAG-GUT49379,20298_2_33
MAG-GUT49384,20298_2_49
MAG-GUT49393,20298_3_11
MAG-GUT49394,GCF_000413335
MAG-GUT49399,GCF_000163735
MAG-GUT49403,20298_3_11
MAG-GUT49409,20298_3_11
MAG-GUT49414,GCF_000163735
MAG-GUT49423,UMGS66
MAG-GUT4942,GCF_000413335
MAG-GUT49445,GCF_000026505
MAG-GUT49456,20298_3_11
MAG-GUT49458,20298_3_11
MAG-GUT49469,20298_3_11
MAG-GUT49474,GCF_000163735
MAG-GUT49487,GCF_000297815
MAG-GUT49499,20298_3_11
MAG-GUT49507,UMGS173
MAG-GUT4950,GCF_000413335
MAG-GUT49512,20298_3_11
MAG-GUT49516,GCF_000411535
MAG-GUT49526,20298_3_36
MAG-GUT49529,20298_3_11
MAG-GUT49534,GCF_000163735
MAG-GUT49535,20298_3_11
MAG-GUT49537,GCF_000413335
MAG-GUT49539,20298_3_11
MAG-GUT49541,20298_3_11
MAG-GUT49542,GCF_000155515
MAG-GUT49543,GCF_000413335
MAG-GUT49545,GCF_000163735
MAG-GUT49558,GCF_000163735
MAG-GUT49567,20298_2_33
MAG-GUT49568,GCF_000163735
MAG-GUT49571,GCF_000163735
MAG-GUT49574,20298_3_11
MAG-GUT49576,GCF_000411535
MAG-GUT49583,GCF_000163735
MAG-GUT49589,GCF_000163735
MAG-GUT49593,20298_3_11
MAG-GUT49596,GCF_000163735
MAG-GUT49597,GCF_000163735
MAG-GUT49599,20298_3_11
MAG-GUT49604,GCF_000163735
MAG-GUT49609,20298_3_11
MAG-GUT49616,20298_3_11
MAG-GUT4969,UMGS49
MAG-GUT49727,21673_4_22
MAG-GUT49742,21673_4_22
MAG-GUT49744,21673_4_22
MAG-GUT49768,21673_4_22
MAG-GUT49797,GCF_000311925
MAG-GUT4979,21673_4_22
MAG-GUT49813,21673_4_22
MAG-GUT49824,21673_4_22
MAG-GUT49876,21673_4_22
MAG-GUT50003,UMGS223
MAG-GUT50015,UMGS223
MAG-GUT5004,UMGS14
MAG-GUT50121,UMGS64
MAG-GUT50132,UMGS64
MAG-GUT50219,21673_4_22
MAG-GUT50240,UMGS245
MAG-GUT502,UMGS37
MAG-GUT50478,UMGS328
MAG-GUT50480,UMGS108
MAG-GUT50483,GCF_000235885
MAG-GUT50492,UMGS108
MAG-GUT50502,UMGS108
MAG-GUT50505,UMGS108
MAG-GUT50508,UMGS328
MAG-GUT50522,UMGS185
MAG-GUT50532,UMGS185
MAG-GUT50591,UMGS175
MAG-GUT5060,UMGS185
MAG-GUT50627,GCF_000154325
MAG-GUT50714,UMGS185
MAG-GUT50752,GCF_000154325
MAG-GUT50760,UMGS185
MAG-GUT50773,21673_4_22
MAG-GUT5083,UMGS197
MAG-GUT5085,UMGS70
MAG-GUT50866,UMGS149
MAG-GUT50868,UMGS177
MAG-GUT50872,UMGS149
MAG-GUT50906,UMGS65
MAG-GUT50925,UMGS65
MAG-GUT50928,UMGS65
MAG-GUT50936,UMGS65
MAG-GUT51267,20298_2_33
MAG-GUT51274,UMGS230
MAG-GUT51297,UMGS230
MAG-GUT51299,UMGS230
MAG-GUT51304,21673_4_22
MAG-GUT51316,21673_4_22
MAG-GUT51339,21673_4_22
MAG-GUT51353,UMGS505
MAG-GUT51357,UMGS505
MAG-GUT51377,UMGS4
MAG-GUT51488,UMGS4
MAG-GUT51497,21673_4_22
MAG-GUT51504,21673_4_22
MAG-GUT51557,21673_4_22
MAG-GUT51559,UMGS178
MAG-GUT51569,UMGS178
MAG-GUT51607,21673_4_22
MAG-GUT5168,21673_4_22
MAG-GUT51748,UMGS173
MAG-GUT51766,UMGS141
MAG-GUT51918,UMGS141
MAG-GUT51921,GCF_000209405
MAG-GUT51926,GCF_000209405
MAG-GUT51928,GCF_000411395
MAG-GUT51929,GCF_000411395
MAG-GUT51949,GCF_000209405
MAG-GUT5195,UMGS108
MAG-GUT51968,UMGS137
MAG-GUT51975,UMGS108
MAG-GUT51979,UMGS108
MAG-GUT5199,UMGS108
MAG-GUT51,UMGS16
MAG-GUT52007,UMGS4
MAG-GUT52094,UMGS52
MAG-GUT52107,UMGS52
MAG-GUT52138,UMGS52
MAG-GUT52236,UMGS186
MAG-GUT52246,UMGS186
MAG-GUT52319,UMGS130
MAG-GUT5249,UMGS145
MAG-GUT52579,UMGS253
MAG-GUT5258,UMGS110
MAG-GUT52677,21673_4_22
MAG-GUT52709,UMGS132
MAG-GUT52757,21673_4_22
MAG-GUT52820,UMGS177
MAG-GUT52821,UMGS4
MAG-GUT52871,GCF_000154325
MAG-GUT52881,GCF_000154325
MAG-GUT52916,UMGS64
MAG-GUT52923,UMGS64
MAG-GUT52941,UMGS64
MAG-GUT52992,UMGS328
MAG-GUT52995,14207_7_9
MAG-GUT53012,UMGS34
MAG-GUT53015,14207_7_9
MAG-GUT53019,14207_7_9
MAG-GUT53033,14207_7_9
MAG-GUT53065,14207_7_52
MAG-GUT53133,UMGS65
MAG-GUT53142,UMGS65
MAG-GUT53199,GCF_000209405
MAG-GUT5319,GCF_000154325
MAG-GUT53236,UMGS82
MAG-GUT53418,GCF_000411395
MAG-GUT5341,GCF_000154325
MAG-GUT5342,UMGS87
MAG-GUT53494,UMGS132
MAG-GUT53512,UMGS86
MAG-GUT53548,UMGS185
MAG-GUT53550,UMGS86
MAG-GUT5358,UMGS86
MAG-GUT53613,UMGS155
MAG-GUT53617,13414_6_43
MAG-GUT53622,21673_4_22
MAG-GUT53689,UMGS493
MAG-GUT5371,UMGS86
MAG-GUT5375,UMGS328
MAG-GUT5376,UMGS186
MAG-GUT53810,UMGS132
MAG-GUT53925,21673_4_22
MAG-GUT5396,GCF_000155205
MAG-GUT53979,UMGS83
MAG-GUT53991,21673_4_22
MAG-GUT5430,12718_7_41
MAG-GUT54322,21673_4_22
MAG-GUT54365,18048_1_70
MAG-GUT54489,UMGS185
MAG-GUT5449,UMGS175
MAG-GUT54519,UMGS39
MAG-GUT54544,UMGS84
MAG-GUT54559,UMGS177
MAG-GUT54574,UMGS178
MAG-GUT54583,UMGS20
MAG-GUT54681,UMGS264
MAG-GUT5471,GCF_000209405
MAG-GUT54831,11861_6_61
MAG-GUT5486,GCF_000225705
MAG-GUT54926,UMGS132
MAG-GUT54931,13414_6_43
MAG-GUT54955,18391_1_7
MAG-GUT54996,21673_4_22
MAG-GUT55179,UMGS132
MAG-GUT55210,GCF_000235885
MAG-GUT55217,UMGS87
MAG-GUT5525,UMGS132
MAG-GUT55383,UMGS61
MAG-GUT55461,21673_4_22
MAG-GUT55474,21673_4_22
MAG-GUT55518,21673_4_22
MAG-GUT5551,21673_4_22
MAG-GUT55540,21673_4_22
MAG-GUT55621,21673_4_22
MAG-GUT5563,UMGS132
MAG-GUT55663,GCF_000273525
MAG-GUT55688,GCF_000273525
MAG-GUT55743,UMGS112
MAG-GUT5576,UMGS185
MAG-GUT5577,21673_4_22
MAG-GUT55792,18391_1_7
MAG-GUT55810,UMGS81
MAG-GUT55970,21673_4_22
MAG-GUT55993,21673_4_22
MAG-GUT56059,18391_1_7
MAG-GUT5612,GCF_000209405
MAG-GUT56151,21673_4_22
MAG-GUT56228,21673_4_22
MAG-GUT56241,21673_4_22
MAG-GUT56243,UMGS280
MAG-GUT5628,21673_4_22
MAG-GUT56307,UMGS200
MAG-GUT56334,UMGS193
MAG-GUT56345,UMGS186
MAG-GUT5634,11861_6_61
MAG-GUT5635,UMGS132
MAG-GUT56361,UMGS245
MAG-GUT56414,UMGS132
MAG-GUT56417,21673_4_5
MAG-GUT56425,GCF_000242955
MAG-GUT56434,21673_4_22
MAG-GUT56457,UMGS611
MAG-GUT56503,GCF_000468015
MAG-GUT56517,21673_4_22
MAG-GUT56545,GCF_000186505
MAG-GUT56559,GCF_000411395
MAG-GUT56566,GCF_000186505
MAG-GUT56570,UMGS14
MAG-GUT56604,GCF_000411395
MAG-GUT56620,21673_4_22
MAG-GUT56622,UMGS179
MAG-GUT56644,UMGS185
MAG-GUT56645,UMGS710
MAG-GUT56652,UMGS132
MAG-GUT56660,UMGS203
MAG-GUT5673,UMGS175
MAG-GUT56762,GCF_000411395
MAG-GUT5676,UMGS185
MAG-GUT56776,UMGS200
MAG-GUT56791,UMGS137
MAG-GUT56852,GCF_000186505
MAG-GUT56854,21673_4_22
MAG-GUT5687,GCF_000163735
MAG-GUT56882,21673_4_22
MAG-GUT56896,UMGS185
MAG-GUT56948,UMGS84
MAG-GUT56987,UMGS203
MAG-GUT57018,UMGS185
MAG-GUT57047,UMGS185
MAG-GUT57064,21673_4_22
MAG-GUT57066,GCF_000411395
MAG-GUT57069,UMGS24
MAG-GUT57085,GCF_000186505
MAG-GUT57094,UMGS84
MAG-GUT57096,UMGS132
MAG-GUT57104,GCF_000209405
MAG-GUT57105,21673_4_22
MAG-GUT57140,21673_4_22
MAG-GUT57158,21673_4_5
MAG-GUT57167,18048_1_70
MAG-GUT57173,GCF_001182045
MAG-GUT57190,GCF_000411395
MAG-GUT57196,GCF_000209405
MAG-GUT57200,UMGS186
MAG-GUT5720,UMGS86
MAG-GUT57264,20298_3_11
MAG-GUT57273,UMGS52
MAG-GUT5727,UMGS138
MAG-GUT57343,UMGS83
MAG-GUT57346,GCF_000411395
MAG-GUT57352,UMGS138
MAG-GUT57360,21673_4_22
MAG-GUT57392,GCF_000156175
MAG-GUT57398,GCF_000411395
MAG-GUT57416,GCF_000159375
MAG-GUT57423,UMGS185
MAG-GUT57442,20298_3_11
MAG-GUT57492,GCF_000156175
MAG-GUT57498,GCF_000411395
MAG-GUT57542,GCF_000411395
MAG-GUT57584,21673_4_22
MAG-GUT57592,GCF_000411395
MAG-GUT57658,UMGS46
MAG-GUT57680,UMGS79
MAG-GUT57682,UMGS365
MAG-GUT57684,13470_2_58
MAG-GUT57687,UMGS137
MAG-GUT57690,UMGS46
MAG-GUT57693,UMGS179
MAG-GUT57726,UMGS117
MAG-GUT57727,GCF_000209405
MAG-GUT57729,UMGS490
MAG-GUT57739,UMGS137
MAG-GUT57765,UMGS14
MAG-GUT57771,GCF_000411395
MAG-GUT57773,21673_4_22
MAG-GUT57797,13414_6_58
MAG-GUT57808,18048_1_70
MAG-GUT57819,UMGS11
MAG-GUT57902,21673_4_22
MAG-GUT57904,UMGS84
MAG-GUT57924,UMGS36
MAG-GUT57959,UMGS87
MAG-GUT57988,GCF_000411395
MAG-GUT58004,UMGS137
MAG-GUT58014,GCF_000242955
MAG-GUT58031,18048_2_85
MAG-GUT58077,20298_3_71
MAG-GUT58131,GCF_000209405
MAG-GUT58133,GCF_000411395
MAG-GUT58135,UMGS168
MAG-GUT58137,21673_4_22
MAG-GUT58152,UMGS82
MAG-GUT58156,UMGS84
MAG-GUT58166,UMGS132
MAG-GUT58179,GCF_000186505
MAG-GUT58180,GCF_000209405
MAG-GUT58214,GCF_001182045
MAG-GUT58303,UMGS137
MAG-GUT58310,GCF_000411395
MAG-GUT58312,21673_4_22
MAG-GUT58318,14207_7_52
MAG-GUT58338,UMGS132
MAG-GUT58392,UMGS46
MAG-GUT58432,UMGS185
MAG-GUT58437,UMGS83
MAG-GUT5848,UMGS178
MAG-GUT58490,21673_4_22
MAG-GUT58607,UMGS86
MAG-GUT58671,21673_4_22
MAG-GUT58672,GCF_000411395
MAG-GUT58689,UMGS185
MAG-GUT58695,UMGS611
MAG-GUT58706,UMGS86
MAG-GUT58707,UMGS141
MAG-GUT58768,UMGS84
MAG-GUT5880,UMGS193
MAG-GUT5884,UMGS179
MAG-GUT58856,UMGS83
MAG-GUT58896,UMGS86
MAG-GUT58937,UMGS87
MAG-GUT58938,21673_4_5
MAG-GUT58949,UMGS137
MAG-GUT58957,GCF_000209405
MAG-GUT58986,21673_4_22
MAG-GUT5899,UMGS86
MAG-GUT59019,18048_2_85
MAG-GUT59039,UMGS52
MAG-GUT59042,21673_4_22
MAG-GUT59077,UMGS137
MAG-GUT59114,UMGS84
MAG-GUT59149,UMGS185
MAG-GUT5914,UMGS156
MAG-GUT59155,UMGS87
MAG-GUT59166,UMGS137
MAG-GUT59205,UMGS13
MAG-GUT5920,UMGS84
MAG-GUT59273,14207_7_9
MAG-GUT59278,20427_4_22
MAG-GUT59296,UMGS11
MAG-GUT59351,21673_4_5
MAG-GUT59382,GCF_000209405
MAG-GUT593,21673_4_22
MAG-GUT59412,21673_4_22
MAG-GUT59472,UMGS86
MAG-GUT59481,GCF_000273525
MAG-GUT5948,GCF_000209405
MAG-GUT59492,18048_1_70
MAG-GUT59497,21673_4_22
MAG-GUT594,UMGS82
MAG-GUT59502,GCF_000411395
MAG-GUT59515,UMGS132
MAG-GUT59532,GCF_000156175
MAG-GUT59561,GCF_000156215
MAG-GUT59569,GCF_000156175
MAG-GUT59576,GCF_000411395
MAG-GUT59579,21673_4_5
MAG-GUT59590,GCF_000411395
MAG-GUT59593,GCF_000154285
MAG-GUT59599,UMGS14
MAG-GUT5959,21673_4_5
MAG-GUT59626,GCF_000411395
MAG-GUT59628,21673_4_22
MAG-GUT59716,UMGS132
MAG-GUT59727,UMGS87
MAG-GUT5979,UMGS132
MAG-GUT59827,14207_7_9
MAG-GUT5994,UMGS186
MAG-GUT59980,UMGS137
MAG-GUT60025,UMGS77
MAG-GUT60028,21673_4_22
MAG-GUT60072,GCF_000209405
MAG-GUT60077,18048_1_70
MAG-GUT60123,GCF_000411395
MAG-GUT6013,GCF_000411395
MAG-GUT60153,UMGS186
MAG-GUT60157,21673_4_22
MAG-GUT60158,GCF_000411395
MAG-GUT60164,UMGS179
MAG-GUT60274,18048_1_70
MAG-GUT6030,UMGS137
MAG-GUT60320,UMGS243
MAG-GUT60365,GCF_000411395
MAG-GUT60370,GCF_000159455
MAG-GUT60374,GCF_000411395
MAG-GUT60386,GCF_000144975
MAG-GUT60388,UMGS86
MAG-GUT60414,21673_4_22
MAG-GUT60466,UMGS132
MAG-GUT60491,GCF_000411395
MAG-GUT60503,UMGS83
MAG-GUT60605,21673_4_22
MAG-GUT60756,GCF_000411395
MAG-GUT60769,UMGS14
MAG-GUT60783,UMGS132
MAG-GUT60799,UMGS130
MAG-GUT60810,UMGS137
MAG-GUT60838,21673_4_22
MAG-GUT60840,UMGS185
MAG-GUT60850,GCF_000209405
MAG-GUT60874,UMGS79
MAG-GUT60882,14207_7_52
MAG-GUT60901,GCF_000411395
MAG-GUT60999,21673_4_22
MAG-GUT61036,GCF_000411395
MAG-GUT61037,UMGS86
MAG-GUT61101,UMGS83
MAG-GUT61128,UMGS185
MAG-GUT61143,13414_6_3
MAG-GUT61151,UMGS200
MAG-GUT61159,21673_4_22
MAG-GUT61164,UMGS52
MAG-GUT61176,13414_6_3
MAG-GUT61197,GCF_000159455
MAG-GUT61230,UMGS87
MAG-GUT61245,UMGS137
MAG-GUT61259,21673_4_22
MAG-GUT61266,UMGS87
MAG-GUT61376,18048_1_70
MAG-GUT61406,GCF_000411395
MAG-GUT61409,21673_4_22
MAG-GUT61416,GCF_001182045
MAG-GUT61453,14207_7_52
MAG-GUT61486,21673_4_22
MAG-GUT61515,14207_7_9
MAG-GUT61546,21673_4_22
MAG-GUT61584,UMGS185
MAG-GUT61623,UMGS83
MAG-GUT61624,GCF_000411395
MAG-GUT61634,18048_1_70
MAG-GUT61637,UMGS24
MAG-GUT61639,GCF_000186505
MAG-GUT61658,21673_4_22
MAG-GUT61666,GCF_000411395
MAG-GUT61681,GCF_000156175
MAG-GUT61708,UMGS179
MAG-GUT61735,UMGS141
MAG-GUT61749,GCF_001182045
MAG-GUT61753,UMGS141
MAG-GUT61794,21673_4_22
MAG-GUT61880,GCF_000186505
MAG-GUT61918,20298_3_11
MAG-GUT61937,UMGS203
MAG-GUT61940,GCF_000411395
MAG-GUT61956,UMGS137
MAG-GUT61959,21673_4_22
MAG-GUT62011,UMGS52
MAG-GUT62023,UMGS185
MAG-GUT62028,GCF_000273525
MAG-GUT62033,12718_7_41
MAG-GUT62054,UMGS253
MAG-GUT62063,GCF_000411395
MAG-GUT62096,21673_4_22
MAG-GUT62117,21673_4_22
MAG-GUT62119,GCF_000411395
MAG-GUT62134,UMGS14
MAG-GUT62206,GCF_000186505
MAG-GUT6222,UMGS46
MAG-GUT6224,20298_3_11
MAG-GUT62257,20298_2_49
MAG-GUT62279,UMGS137
MAG-GUT62293,UMGS39
MAG-GUT6229,20298_3_11
MAG-GUT6233,UMGS11
MAG-GUT62370,20298_3_11
MAG-GUT6238,GCF_001182045
MAG-GUT62393,20298_3_11
MAG-GUT62413,UMGS141
MAG-GUT6241,20298_3_11
MAG-GUT62429,UMGS185
MAG-GUT62444,UMGS46
MAG-GUT6244,GCF_000413335
MAG-GUT62461,GCF_000411395
MAG-GUT62468,21673_4_22
MAG-GUT6247,GCF_000186505
MAG-GUT62485,GCF_000413335
MAG-GUT62491,UMGS185
MAG-GUT62509,21673_4_22
MAG-GUT6251,GCF_000411395
MAG-GUT6256,GCF_000413335
MAG-GUT62601,GCF_000413335
MAG-GUT6261,21673_4_22
MAG-GUT62629,GCF_000413335
MAG-GUT62657,UMGS132
MAG-GUT62658,GCF_000413335
MAG-GUT6265,UMGS132
MAG-GUT62666,21673_4_5
MAG-GUT6273,GCF_000411395
MAG-GUT6274,GCF_000413335
MAG-GUT62790,20298_3_11
MAG-GUT6280,UMGS220
MAG-GUT62857,GCF_000413335
MAG-GUT6286,UMGS90
MAG-GUT6290,GCF_000413335
MAG-GUT6291,GCF_000413335
MAG-GUT62924,20298_3_11
MAG-GUT62939,20427_4_22
MAG-GUT62996,20427_4_22
MAG-GUT63100,UMGS90
MAG-GUT63105,20427_4_22
MAG-GUT63117,UMGS90
MAG-GUT63164,UMGS90
MAG-GUT63198,UMGS178
MAG-GUT63214,UMGS18
MAG-GUT63219,UMGS18
MAG-GUT63279,UMGS18
MAG-GUT63286,UMGS90
MAG-GUT63356,UMGS18
MAG-GUT63373,20427_4_22
MAG-GUT63462,UMGS18
MAG-GUT63496,20427_4_22
MAG-GUT63569,UMGS18
MAG-GUT63586,20427_4_22
MAG-GUT63602,UMGS18
MAG-GUT6384,UMGS18
MAG-GUT640,UMGS178
MAG-GUT64345,GCF_000209405
MAG-GUT64457,GCF_000163735
MAG-GUT6445,UMGS178
MAG-GUT64513,GCF_001025175
MAG-GUT64686,GCF_000163735
MAG-GUT646,UMGS59
MAG-GUT6489,UMGS39
MAG-GUT65341,UMGS178
MAG-GUT65359,UMGS153
MAG-GUT65550,UMGS4
MAG-GUT65553,UMGS64
MAG-GUT65559,13414_6_2
MAG-GUT65576,UMGS4
MAG-GUT65584,UMGS154
MAG-GUT65588,GCF_000154325
MAG-GUT65671,UMGS154
MAG-GUT65795,UMGS482
MAG-GUT65836,21673_4_5
MAG-GUT65895,UMGS185
MAG-GUT66011,UMGS65
MAG-GUT66097,14207_7_9
MAG-GUT66098,UMGS48
MAG-GUT66111,UMGS115
MAG-GUT6612,UMGS115
MAG-GUT66152,UMGS83
MAG-GUT6615,GCF_000186505
MAG-GUT66161,UMGS611
MAG-GUT6619,UMGS611
MAG-GUT6623,UMGS64
MAG-GUT66278,UMGS148
MAG-GUT66279,14207_7_9
MAG-GUT66288,UMGS223
MAG-GUT66322,14207_7_9
MAG-GUT66330,UMGS154
MAG-GUT66335,UMGS154
MAG-GUT66378,14207_7_9
MAG-GUT66382,GCF_000242435
MAG-GUT66408,GCF_000242435
MAG-GUT66514,UMGS99
MAG-GUT66577,UMGS160
MAG-GUT66621,21673_4_22
MAG-GUT66668,21673_4_22
MAG-GUT66701,21673_4_22
MAG-GUT66714,21673_4_5
MAG-GUT6679,UMGS160
MAG-GUT66843,GCF_000411395
MAG-GUT66846,UMGS65
MAG-GUT66874,UMGS65
MAG-GUT66881,21673_4_22
MAG-GUT66885,21673_4_22
MAG-GUT66889,21673_4_22
MAG-GUT66901,UMGS185
MAG-GUT66915,UMGS39
MAG-GUT66916,UMGS12
MAG-GUT66918,GCF_000209405
MAG-GUT66949,UMGS175
MAG-GUT66953,UMGS130
MAG-GUT66991,GCF_000163735
MAG-GUT67012,GCF_000273525
MAG-GUT67029,GCF_001025175
MAG-GUT6708,GCF_001025175
MAG-GUT67120,UMGS223
MAG-GUT67224,GCF_000273525
MAG-GUT6722,UMGS64
MAG-GUT67253,UMGS156
MAG-GUT67256,GCF_000163735
MAG-GUT6727,GCF_000163735
MAG-GUT67367,GCF_000186505
MAG-GUT67531,UMGS223
MAG-GUT6753,UMGS12
MAG-GUT67550,GCF_000186505
MAG-GUT67625,UMGS223
MAG-GUT67681,20298_3_12
MAG-GUT67689,UMGS65
MAG-GUT67723,UMGS223
MAG-GUT67741,GCF_000273525
MAG-GUT67770,UMGS108
MAG-GUT67779,GCF_000273525
MAG-GUT67799,GCF_000273525
MAG-GUT67830,GCF_000163735
MAG-GUT67839,GCF_000273525
MAG-GUT6784,GCF_000273525
MAG-GUT67975,GCF_000186505
MAG-GUT67977,GCF_001025175
MAG-GUT67985,GCF_000273525
MAG-GUT68007,20298_2_33
MAG-GUT68023,GCF_000273525
MAG-GUT68043,GCF_000273525
MAG-GUT6806,20298_3_11
MAG-GUT68072,UMGS184
MAG-GUT68086,21673_4_5
MAG-GUT68091,GCF_000163735
MAG-GUT68111,UMGS64
MAG-GUT68145,20298_2_33
MAG-GUT68157,GCF_000273525
MAG-GUT68181,GCF_000273525
MAG-GUT68189,GCF_000273525
MAG-GUT68190,GCF_001025175
MAG-GUT68197,GCF_001025175
MAG-GUT68204,GCF_000273525
MAG-GUT68216,UMGS132
MAG-GUT68234,GCF_000163735
MAG-GUT68241,GCF_000026505
MAG-GUT68245,21673_4_22
MAG-GUT68260,20298_2_29
MAG-GUT68269,GCF_000163735
MAG-GUT68301,14207_7_9
MAG-GUT68308,UMGS21
MAG-GUT68311,UMGS223
MAG-GUT68316,21673_4_5
MAG-GUT68371,UMGS175
MAG-GUT68475,21673_4_22
MAG-GUT68537,GCF_000273525
MAG-GUT68542,GCF_000026505
MAG-GUT68561,20287_6_22
MAG-GUT6856,UMGS84
MAG-GUT68570,UMGS223
MAG-GUT68598,GCF_000163735
MAG-GUT68629,GCF_000191845
MAG-GUT68640,20298_3_11
MAG-GUT68642,20298_2_33
MAG-GUT68659,GCF_001025175
MAG-GUT68697,GCF_000273525
MAG-GUT68726,GCF_001025175
MAG-GUT6873,GCF_000163735
MAG-GUT68780,UMGS223
MAG-GUT68785,UMGS223
MAG-GUT68810,UMGS277
MAG-GUT68858,GCF_000163735
MAG-GUT68872,20287_6_22
MAG-GUT68960,GCF_000163735
MAG-GUT68968,21673_4_22
MAG-GUT68996,GCF_000209405
MAG-GUT689,18391_1_7
MAG-GUT69048,GCF_000186505
MAG-GUT69064,GCF_000273525
MAG-GUT69096,GCF_001025175
MAG-GUT69113,GCF_000163735
MAG-GUT69117,GCF_000163735
MAG-GUT69121,GCF_001025175
MAG-GUT69123,GCF_001025175
MAG-GUT69144,GCF_000411535
MAG-GUT69179,GCF_000163735
MAG-GUT69198,UMGS39
MAG-GUT69224,GCF_000163735
MAG-GUT69229,GCF_001025175
MAG-GUT69244,GCF_001025175
MAG-GUT69253,UMGS87
MAG-GUT69285,18391_1_7
MAG-GUT6929,UMGS132
MAG-GUT69364,UMGS130
MAG-GUT69367,UMGS39
MAG-GUT69378,GCF_000163735
MAG-GUT69384,GCF_000163735
MAG-GUT69417,20427_4_22
MAG-GUT69432,GCF_000163735
MAG-GUT69434,14207_7_9
MAG-GUT69447,GCF_001025175
MAG-GUT69465,GCF_001025175
MAG-GUT69468,GCF_000163735
MAG-GUT69483,UMGS39
MAG-GUT69501,GCF_000163735
MAG-GUT69551,20298_3_11
MAG-GUT6955,UMGS499
MAG-GUT69595,GCF_000163735
MAG-GUT69640,UMGS223
MAG-GUT69662,UMGS223
MAG-GUT69665,GCF_000186505
MAG-GUT6968,UMGS223
MAG-GUT69729,UMGS499
MAG-GUT69771,UMGS65
MAG-GUT69905,GCF_000411395
MAG-GUT6,UMGS4
MAG-GUT7012,21673_4_5
MAG-GUT70165,GCF_000186505
MAG-GUT7016,UMGS77
MAG-GUT70172,UMGS160
MAG-GUT70200,UMGS692
MAG-GUT7031,GCF_000411395
MAG-GUT70404,GCF_000411395
MAG-GUT7040,UMGS48
MAG-GUT70414,UMGS115
MAG-GUT7042,GCF_000186505
MAG-GUT70460,UMGS611
MAG-GUT70620,20298_3_11
MAG-GUT7062,UMGS154
MAG-GUT70635,UMGS64
MAG-GUT7064,GCF_000010185
MAG-GUT70664,GCF_000010185
MAG-GUT7066,UMGS99
MAG-GUT70836,21673_4_22
MAG-GUT7086,20298_2_33
MAG-GUT7088,GCF_000163735
MAG-GUT7090,20298_3_11
MAG-GUT70913,21673_4_5
MAG-GUT70918,21673_4_22
MAG-GUT7095,GCF_000163735
MAG-GUT70973,UMGS148
MAG-GUT7099,GCF_000163735
MAG-GUT7102,20298_3_11
MAG-GUT71042,21673_4_22
MAG-GUT7105,GCF_000163735
MAG-GUT71084,UMGS116
MAG-GUT7112,GCF_000163735
MAG-GUT71140,UMGS87
MAG-GUT71156,21673_4_22
MAG-GUT7118,20298_3_11
MAG-GUT71208,GCF_000163735
MAG-GUT7120,21673_4_22
MAG-GUT7121,20298_3_11
MAG-GUT7125,20298_3_11
MAG-GUT7132,UMGS9
MAG-GUT71347,UMGS77
MAG-GUT71390,UMGS65
MAG-GUT71501,UMGS185
MAG-GUT7155,GCF_000163735
MAG-GUT71562,UMGS87
MAG-GUT71577,11861_6_61
MAG-GUT7161,GCF_000163735
MAG-GUT7166,GCF_000163735
MAG-GUT71679,13414_6_53
MAG-GUT71686,13414_6_3
MAG-GUT71751,20298_3_11
MAG-GUT7175,UMGS99
MAG-GUT71840,14207_7_9
MAG-GUT71866,21673_4_22
MAG-GUT7197,UMGS16
MAG-GUT71989,21673_4_22
MAG-GUT72017,21673_4_22
MAG-GUT72020,13414_6_3
MAG-GUT72079,UMGS223
MAG-GUT72100,UMGS16
MAG-GUT7210,UMGS223
MAG-GUT72119,GCF_000411395
MAG-GUT72127,GCF_000411395
MAG-GUT7213,20298_3_11
MAG-GUT7214,20298_3_11
MAG-GUT7216,20298_3_11
MAG-GUT7222,21673_4_5
MAG-GUT72283,20298_3_11
MAG-GUT72293,UMGS65
MAG-GUT7229,GCF_000411535
MAG-GUT722,21673_4_5
MAG-GUT72315,12718_7_41
MAG-GUT72317,GCF_000209405
MAG-GUT7247,GCF_000411535
MAG-GUT7253,20298_3_11
MAG-GUT72571,UMGS65
MAG-GUT72585,UMGS65
MAG-GUT72738,UMGS185
MAG-GUT7278,20298_3_11
MAG-GUT72832,UMGS65
MAG-GUT72841,UMGS65
MAG-GUT7285,20298_2_53
MAG-GUT7291,GCF_000010185
MAG-GUT72929,21673_4_5
MAG-GUT73018,UMGS185
MAG-GUT73024,UMGS65
MAG-GUT73031,UMGS185
MAG-GUT73157,UMGS108
MAG-GUT73278,21673_4_22
MAG-GUT7328,UMGS352
MAG-GUT73298,21673_4_22
MAG-GUT73376,20287_6_22
MAG-GUT73407,13414_6_3
MAG-GUT73422,UMGS138
MAG-GUT73491,GCF_000242435
MAG-GUT73497,21673_4_22
MAG-GUT73734,UMGS65
MAG-GUT73749,20287_6_22
MAG-GUT73804,20287_6_22
MAG-GUT73847,UMGS483
MAG-GUT73862,11861_6_61
MAG-GUT73909,UMGS65
MAG-GUT73910,UMGS65
MAG-GUT73961,21673_4_22
MAG-GUT73962,UMGS39
MAG-GUT73967,UMGS12
MAG-GUT73968,UMGS42
MAG-GUT73992,21673_4_22
MAG-GUT74023,21673_4_22
MAG-GUT74028,UMGS39
MAG-GUT74183,UMGS483
MAG-GUT74302,UMGS223
MAG-GUT74311,GCF_000186505
MAG-GUT74323,UMGS223
MAG-GUT74324,GCF_000273525
MAG-GUT74329,GCF_000411395
MAG-GUT74335,UMGS223
MAG-GUT74347,GCF_000273525
MAG-GUT74380,GCF_000411395
MAG-GUT74415,UMGS130
MAG-GUT74428,UMGS87
MAG-GUT74507,UMGS87
MAG-GUT74526,UMGS130
MAG-GUT74537,UMGS185
MAG-GUT74541,UMGS89
MAG-GUT74585,UMGS87
MAG-GUT74622,UMGS605
MAG-GUT74662,20287_6_22
MAG-GUT74669,UMGS21
MAG-GUT74675,UMGS81
MAG-GUT74686,UMGS175
MAG-GUT74695,UMGS63
MAG-GUT74889,20287_6_22
MAG-GUT74895,20287_6_22
MAG-GUT74916,UMGS156
MAG-GUT74962,13414_6_3
MAG-GUT74997,14207_7_9
MAG-GUT75018,UMGS87
MAG-GUT75060,18048_1_70
MAG-GUT75063,UMGS87
MAG-GUT75133,UMGS87
MAG-GUT75402,21673_4_22
MAG-GUT7540,GCF_000411395
MAG-GUT75430,GCF_000411395
MAG-GUT7546,UMGS13
MAG-GUT75471,UMGS12
MAG-GUT75478,UMGS223
MAG-GUT75522,GCF_000411395
MAG-GUT75577,18048_1_70
MAG-GUT7559,GCF_000209405
MAG-GUT75631,GCF_000209405
MAG-GUT7565,21673_4_22
MAG-GUT75677,18048_1_70
MAG-GUT7570,21673_4_22
MAG-GUT75788,UMGS70
MAG-GUT75820,UMGS70
MAG-GUT75834,UMGS70
MAG-GUT75928,UMGS87
MAG-GUT7598,UMGS40
MAG-GUT76034,UMGS178
MAG-GUT76112,21673_4_5
MAG-GUT761,21673_4_22
MAG-GUT76200,UMGS185
MAG-GUT76377,20287_6_22
MAG-GUT76426,GCF_000159455
MAG-GUT76486,UMGS483
MAG-GUT76518,11861_6_61
MAG-GUT76530,UMGS483
MAG-GUT7654,UMGS83
MAG-GUT76573,21673_4_22
MAG-GUT76584,13414_6_3
MAG-GUT76659,UMGS132
MAG-GUT7675,21673_4_22
MAG-GUT76906,UMGS223
MAG-GUT76950,21673_4_22
MAG-GUT76981,UMGS223
MAG-GUT76988,UMGS223
MAG-GUT76995,UMGS223
MAG-GUT77004,UMGS223
MAG-GUT7701,GCF_000468015
MAG-GUT77026,21673_4_22
MAG-GUT7719,21673_4_22
MAG-GUT7728,UMGS87
MAG-GUT7733,14207_7_52
MAG-GUT77348,UMGS65
MAG-GUT77357,UMGS65
MAG-GUT77371,UMGS65
MAG-GUT77386,UMGS160
MAG-GUT77389,UMGS65
MAG-GUT77408,14207_7_9
MAG-GUT7746,UMGS83
MAG-GUT77471,UMGS483
MAG-GUT7749,GCF_000209405
MAG-GUT77514,UMGS611
MAG-GUT7751,UMGS148
MAG-GUT77526,UMGS148
MAG-GUT77563,UMGS12
MAG-GUT77576,UMGS483
MAG-GUT77590,20287_6_22
MAG-GUT77597,11861_6_61
MAG-GUT77615,20287_6_22
MAG-GUT77633,11861_6_61
MAG-GUT7772,GCF_000273525
MAG-GUT7779,UMGS87
MAG-GUT77839,UMGS223
MAG-GUT77900,20287_6_22
MAG-GUT77913,UMGS185
MAG-GUT77956,20287_6_22
MAG-GUT77982,UMGS52
MAG-GUT77996,UMGS132
MAG-GUT78002,UMGS186
MAG-GUT7808,UMGS185
MAG-GUT78207,UMGS148
MAG-GUT78247,UMGS186
MAG-GUT78278,GCF_000155855
MAG-GUT78280,UMGS186
MAG-GUT78295,20287_6_22
MAG-GUT78307,UMGS186
MAG-GUT78358,GCF_000155855
MAG-GUT78371,UMGS70
MAG-GUT78377,UMGS186
MAG-GUT78403,UMGS132
MAG-GUT78410,20287_6_22
MAG-GUT78413,GCF_000155855
MAG-GUT7849,UMGS197
MAG-GUT7852,UMGS87
MAG-GUT78564,UMGS175
MAG-GUT78566,UMGS130
MAG-GUT78571,UMGS39
MAG-GUT78579,11861_6_61
MAG-GUT78632,UMGS83
MAG-GUT78681,UMGS185
MAG-GUT78688,21673_4_22
MAG-GUT78853,UMGS185
MAG-GUT78879,UMGS52
MAG-GUT78908,UMGS52
MAG-GUT78910,UMGS27
MAG-GUT78914,UMGS185
MAG-GUT78923,UMGS619
MAG-GUT78940,UMGS4
MAG-GUT78958,UMGS132
MAG-GUT78976,UMGS132
MAG-GUT79005,UMGS4
MAG-GUT79013,UMGS132
MAG-GUT79048,UMGS186
MAG-GUT79053,UMGS4
MAG-GUT79096,UMGS132
MAG-GUT79180,UMGS690
MAG-GUT79219,UMGS84
MAG-GUT79248,UMGS185
MAG-GUT79275,UMGS185
MAG-GUT79289,UMGS185
MAG-GUT79304,UMGS185
MAG-GUT79312,UMGS185
MAG-GUT79322,UMGS185
MAG-GUT79350,GCF_000411395
MAG-GUT79351,UMGS185
MAG-GUT7944,UMGS203
MAG-GUT79485,21673_4_22
MAG-GUT7957,UMGS340
MAG-GUT79662,UMGS82
MAG-GUT79767,UMGS185
MAG-GUT7981,13414_6_2
MAG-GUT7988,UMGS230
MAG-GUT79996,UMGS129
MAG-GUT80007,UMGS86
MAG-GUT80031,18048_1_70
MAG-GUT80052,UMGS86
MAG-GUT80232,GCF_000159215
MAG-GUT80318,14207_7_9
MAG-GUT80330,21673_4_5
MAG-GUT80383,UMGS86
MAG-GUT80384,GCF_000186505
MAG-GUT80385,GCF_000411395
MAG-GUT80437,UMGS39
MAG-GUT80449,UMGS12
MAG-GUT80453,GCF_000411395
MAG-GUT80561,UMGS203
MAG-GUT80567,UMGS86
MAG-GUT80568,UMGS710
MAG-GUT8056,GCF_000273525
MAG-GUT80585,21673_4_22
MAG-GUT80685,GCF_000026505
MAG-GUT80705,UMGS59
MAG-GUT80718,GCF_000411395
MAG-GUT80720,GCF_000297775
MAG-GUT80758,UMGS83
MAG-GUT80771,GCF_000411395
MAG-GUT80792,14207_7_9
MAG-GUT80804,UMGS203
MAG-GUT8080,GCF_000186505
MAG-GUT80816,GCF_000411395
MAG-GUT80819,GCF_000191845
MAG-GUT80839,UMGS419
MAG-GUT8083,UMGS90
MAG-GUT80925,UMGS86
MAG-GUT81000,21673_4_22
MAG-GUT81029,UMGS59
MAG-GUT81065,GCF_001182045
MAG-GUT81123,UMGS59
MAG-GUT81145,21673_4_5
MAG-GUT81146,GCF_001182045
MAG-GUT81204,GCF_000209405
MAG-GUT81205,GCF_000186505
MAG-GUT81226,UMGS137
MAG-GUT8128,UMGS137
MAG-GUT81308,UMGS186
MAG-GUT81392,UMGS137
MAG-GUT81409,GCF_000209405
MAG-GUT81432,21673_4_5
MAG-GUT81434,GCF_001182045
MAG-GUT8151,GCF_000209405
MAG-GUT81523,UMGS144
MAG-GUT81560,GCF_001182045
MAG-GUT81578,UMGS86
MAG-GUT81646,UMGS90
MAG-GUT8165,21673_4_5
MAG-GUT81671,UMGS87
MAG-GUT81679,GCF_000238615
MAG-GUT81692,GCF_000411395
MAG-GUT81714,UMGS59
MAG-GUT81784,12718_7_72
MAG-GUT81831,UMGS86
MAG-GUT81880,UMGS137
MAG-GUT81885,UMGS86
MAG-GUT81918,21673_4_22
MAG-GUT81926,UMGS82
MAG-GUT81936,GCF_000411395
MAG-GUT81946,21673_4_5
MAG-GUT81959,GCF_000411395
MAG-GUT81987,GCF_000273525
MAG-GUT81,GCF_000411395
MAG-GUT82008,UMGS33
MAG-GUT82014,UMGS185
MAG-GUT82016,UMGS82
MAG-GUT82039,GCF_000411395
MAG-GUT82089,21673_4_5
MAG-GUT82091,GCF_000209405
MAG-GUT82105,GCF_000411395
MAG-GUT82115,GCF_000186505
MAG-GUT82160,GCF_000411395
MAG-GUT82165,14207_7_9
MAG-GUT82176,GCF_000238615
MAG-GUT82177,21673_4_5
MAG-GUT82203,UMGS82
MAG-GUT82239,GCF_000238615
MAG-GUT82264,UMGS185
MAG-GUT82295,21673_4_22
MAG-GUT822,UMGS86
MAG-GUT82314,21673_4_5
MAG-GUT82436,GCF_000411395
MAG-GUT82468,GCF_000411395
MAG-GUT82472,21673_4_5
MAG-GUT82505,21673_4_5
MAG-GUT82509,GCF_000411395
MAG-GUT82545,UMGS86
MAG-GUT82562,GCF_000411395
MAG-GUT82571,21673_4_5
MAG-GUT82635,GCF_000411395
MAG-GUT82654,GCF_000411395
MAG-GUT8267,UMGS409
MAG-GUT82703,GCF_000411395
MAG-GUT82738,GCF_000411395
MAG-GUT82744,GCF_000411395
MAG-GUT82789,UMGS65
MAG-GUT82810,20287_6_22
MAG-GUT8281,21673_4_22
MAG-GUT82831,21673_4_22
MAG-GUT82836,13414_6_3
MAG-GUT8287,UMGS203
MAG-GUT8292,UMGS134
MAG-GUT82944,21673_4_22
MAG-GUT82976,21673_4_22
MAG-GUT82998,21673_4_5
MAG-GUT83028,UMGS132
MAG-GUT83117,UMGS185
MAG-GUT83184,GCF_000154325
MAG-GUT83190,21673_4_22
MAG-GUT83203,13414_6_3
MAG-GUT83205,21673_4_22
MAG-GUT83214,13414_6_3
MAG-GUT83242,21673_4_22
MAG-GUT83363,21673_4_22
MAG-GUT83377,21673_4_22
MAG-GUT83390,UMGS133
MAG-GUT83414,21673_4_22
MAG-GUT83493,21673_4_22
MAG-GUT83497,UMGS231
MAG-GUT83501,GCF_000159455
MAG-GUT83503,18391_1_11
MAG-GUT83507,GCF_000159455
MAG-GUT83542,UMGS159
MAG-GUT83561,UMGS185
MAG-GUT83564,UMGS185
MAG-GUT83592,UMGS12
MAG-GUT83636,UMGS65
MAG-GUT83640,UMGS65
MAG-GUT83643,14207_7_70
MAG-GUT83657,UMGS40
MAG-GUT83666,UMGS65
MAG-GUT83683,UMGS65
MAG-GUT83759,21673_4_22
MAG-GUT83780,UMGS132
MAG-GUT83835,21673_4_5
MAG-GUT83851,13414_6_3
MAG-GUT83863,UMGS40
MAG-GUT83864,UMGS87
MAG-GUT8388,GCF_000155205
MAG-GUT838,GCF_000155205
MAG-GUT83922,20287_6_22
MAG-GUT83946,UMGS106
MAG-GUT8399,UMGS86
MAG-GUT84014,UMGS64
MAG-GUT84054,21673_4_22
MAG-GUT84088,GCF_000154325
MAG-GUT840,UMGS223
MAG-GUT84116,UMGS4
MAG-GUT84132,UMGS4
MAG-GUT84166,21673_4_5
MAG-GUT84184,13414_6_3
MAG-GUT8428,UMGS230
MAG-GUT84304,21673_4_5
MAG-GUT84361,UMGS65
MAG-GUT84374,UMGS65
MAG-GUT84395,21673_4_22
MAG-GUT84479,UMGS223
MAG-GUT84500,UMGS39
MAG-GUT84532,UMGS185
MAG-GUT84535,21673_4_22
MAG-GUT84548,GCF_000209405
MAG-GUT84562,UMGS22
MAG-GUT8457,UMGS132
MAG-GUT84598,GCF_000411395
MAG-GUT84613,GCF_000411395
MAG-GUT84648,21673_4_22
MAG-GUT84692,UMGS231
MAG-GUT84696,UMGS685
MAG-GUT84701,UMGS133
MAG-GUT84710,21673_4_22
MAG-GUT84771,UMGS185
MAG-GUT84793,13414_6_43
MAG-GUT84803,18048_1_70
MAG-GUT84856,UMGS230
MAG-GUT84859,UMGS12
MAG-GUT84909,UMGS280
MAG-GUT84961,UMGS231
MAG-GUT85016,GCF_000154325
MAG-GUT85046,GCF_000154325
MAG-GUT85059,GCF_000154325
MAG-GUT85068,GCF_000154325
MAG-GUT85070,18391_1_7
MAG-GUT85090,UMGS40
MAG-GUT85104,GCF_000411395
MAG-GUT85118,21673_4_22
MAG-GUT85125,UMGS132
MAG-GUT85133,GCF_000156175
MAG-GUT85136,14207_7_52
MAG-GUT85141,UMGS95
MAG-GUT8521,UMGS230
MAG-GUT8523,UMGS185
MAG-GUT85260,21673_4_22
MAG-GUT85264,GCF_000154325
MAG-GUT8529,UMGS132
MAG-GUT85312,UMGS132
MAG-GUT8531,UMGS82
MAG-GUT85378,UMGS130
MAG-GUT85381,21673_4_22
MAG-GUT85458,21673_4_22
MAG-GUT85462,UMGS65
MAG-GUT85491,UMGS130
MAG-GUT85493,21673_4_22
MAG-GUT85568,GCF_000155855
MAG-GUT85578,21673_4_22
MAG-GUT85582,UMGS130
MAG-GUT85601,UMGS223
MAG-GUT85677,UMGS133
MAG-GUT85702,UMGS65
MAG-GUT85763,21673_4_22
MAG-GUT85785,21673_4_22
MAG-GUT85792,21673_4_22
MAG-GUT85822,21673_4_22
MAG-GUT85843,21673_4_22
MAG-GUT85846,UMGS231
MAG-GUT85866,21673_4_22
MAG-GUT85881,20287_6_22
MAG-GUT85904,UMGS141
MAG-GUT85906,11861_6_61
MAG-GUT85919,UMGS141
MAG-GUT85926,GCF_000210095
MAG-GUT85992,UMGS65
MAG-GUT86091,UMGS40
MAG-GUT86112,21673_4_5
MAG-GUT8612,UMGS126
MAG-GUT86199,21673_4_22
MAG-GUT86276,UMGS175
MAG-GUT86281,21673_4_22
MAG-GUT86329,UMGS65
MAG-GUT86338,21673_4_22
MAG-GUT8633,21673_4_22
MAG-GUT86341,UMGS65
MAG-GUT86352,UMGS65
MAG-GUT86360,21673_4_22
MAG-GUT86368,GCF_000154325
MAG-GUT86370,GCF_000209405
MAG-GUT86385,21673_4_22
MAG-GUT86388,21673_4_22
MAG-GUT8640,UMGS84
MAG-GUT86439,GCF_000210095
MAG-GUT86504,UMGS209
MAG-GUT86514,UMGS106
MAG-GUT86544,UMGS185
MAG-GUT86559,21673_4_22
MAG-GUT86569,20298_3_81
MAG-GUT86570,UMGS65
MAG-GUT86606,GCF_000273525
MAG-GUT86612,21673_4_22
MAG-GUT86613,UMGS40
MAG-GUT86727,UMGS367
MAG-GUT86747,20427_4_22
MAG-GUT86758,20427_4_22
MAG-GUT86853,UMGS14
MAG-GUT86868,UMGS285
MAG-GUT86870,UMGS203
MAG-GUT8687,GCF_000411395
MAG-GUT86935,UMGS14
MAG-GUT87091,UMGS285
MAG-GUT87133,GCF_000468015
MAG-GUT87142,UMGS132
MAG-GUT87208,UMGS14
MAG-GUT87253,UMGS132
MAG-GUT87297,UMGS14
MAG-GUT87358,UMGS14
MAG-GUT87407,20298_2_33
MAG-GUT87479,GCF_000411395
MAG-GUT87486,UMGS285
MAG-GUT87573,UMGS285
MAG-GUT87575,GCF_000411395
MAG-GUT87621,20298_2_33
MAG-GUT87674,20298_2_33
MAG-GUT8776,UMGS11
MAG-GUT87793,UMGS14
MAG-GUT87821,GCF_000163735
MAG-GUT87828,UMGS285
MAG-GUT87833,GCF_000411395
MAG-GUT87851,GCF_000468015
MAG-GUT87861,UMGS132
MAG-GUT87873,GCF_000163735
MAG-GUT87904,UMGS86
MAG-GUT8790,GCF_000154325
MAG-GUT87941,20298_2_33
MAG-GUT87994,GCF_000154325
MAG-GUT88016,20427_4_22
MAG-GUT88052,GCF_000273525
MAG-GUT88081,GCF_000411395
MAG-GUT88085,UMGS285
MAG-GUT88142,GCF_000468015
MAG-GUT88218,UMGS285
MAG-GUT88255,GCF_000411395
MAG-GUT88257,UMGS285
MAG-GUT88263,UMGS14
MAG-GUT88291,UMGS14
MAG-GUT88359,UMGS132
MAG-GUT8839,UMGS132
MAG-GUT88444,18391_1_7
MAG-GUT88477,GCF_000468015
MAG-GUT88487,UMGS132
MAG-GUT8851,UMGS79
MAG-GUT88563,UMGS14
MAG-GUT88626,UMGS14
MAG-GUT88654,GCF_000158195
MAG-GUT88679,UMGS285
MAG-GUT88680,GCF_000411395
MAG-GUT88709,GCF_000158195
MAG-GUT88714,20298_2_33
MAG-GUT88733,20298_2_33
MAG-GUT88737,20298_2_33
MAG-GUT88746,GCF_000468015
MAG-GUT88811,UMGS262
MAG-GUT88824,UMGS132
MAG-GUT88854,UMGS14
MAG-GUT88862,UMGS285
MAG-GUT88876,20298_2_33
MAG-GUT88891,UMGS14
MAG-GUT88995,GCF_000411395
MAG-GUT89009,UMGS14
MAG-GUT89050,20298_2_1
MAG-GUT89068,20298_2_33
MAG-GUT89102,20298_2_53
MAG-GUT89162,GCF_000146325
MAG-GUT89164,20298_2_1
MAG-GUT89179,20298_2_33
MAG-GUT89180,GCF_000411395
MAG-GUT89204,20298_2_33
MAG-GUT89205,GCF_000163735
MAG-GUT89206,GCF_000411395
MAG-GUT89239,GCF_000411395
MAG-GUT89244,20298_2_1
MAG-GUT89246,GCF_000146325
MAG-GUT89255,20298_2_53
MAG-GUT89273,18391_1_11
MAG-GUT89279,GCF_000411395
MAG-GUT89282,UMGS132
MAG-GUT8928,20298_2_53
MAG-GUT89290,GCF_000411395
MAG-GUT89291,GCF_000163735
MAG-GUT89292,20298_2_33
MAG-GUT89309,20298_2_53
MAG-GUT89315,GCF_000411395
MAG-GUT89317,20298_2_33
MAG-GUT89318,GCF_000163735
MAG-GUT89323,GCF_900095855
MAG-GUT89332,18391_1_11
MAG-GUT89335,20298_2_53
MAG-GUT89344,GCF_000411395
MAG-GUT89353,GCF_000411395
MAG-GUT89355,20298_2_33
MAG-GUT89356,GCF_000163735
MAG-GUT89363,20298_2_33
MAG-GUT89364,GCF_000411535
MAG-GUT8940,UMGS84
MAG-GUT89413,20298_2_33
MAG-GUT89416,GCF_000411395
MAG-GUT89571,GCF_000411395
MAG-GUT89577,20298_2_53
MAG-GUT8958,21673_4_22
MAG-GUT89608,GCF_000146325
MAG-GUT89668,18391_1_11
MAG-GUT89684,18391_1_11
MAG-GUT89695,18391_1_11
MAG-GUT89697,18391_1_11
MAG-GUT89717,GCF_000163735
MAG-GUT89719,GCF_000411395
MAG-GUT89720,20298_2_33
MAG-GUT89735,20298_2_53
MAG-GUT89747,20298_2_53
MAG-GUT89772,20298_2_1
MAG-GUT89784,GCF_000146325
MAG-GUT89815,GCF_000146325
MAG-GUT89816,20298_2_1
MAG-GUT89833,20298_2_53
MAG-GUT89836,20298_2_53
MAG-GUT89851,20298_2_1
MAG-GUT89852,GCF_000146325
MAG-GUT89858,18391_1_11
MAG-GUT89860,18391_1_11
MAG-GUT89868,GCF_000411395
MAG-GUT89896,GCF_000411395
MAG-GUT8993,UMGS134
MAG-GUT89941,18391_1_11
MAG-GUT89959,UMGS68
MAG-GUT89992,20298_2_33
MAG-GUT90020,21673_4_22
MAG-GUT90054,GCF_000146325
MAG-GUT9005,UMGS203
MAG-GUT90064,GCF_000146325
MAG-GUT90076,20298_2_33
MAG-GUT90077,GCF_000411535
MAG-GUT90087,20298_2_33
MAG-GUT90090,GCF_000411395
MAG-GUT90107,20298_2_53
MAG-GUT90108,20298_2_33
MAG-GUT90109,GCF_000163735
MAG-GUT90127,GCF_000411395
MAG-GUT90143,20298_2_33
MAG-GUT90165,20298_2_1
MAG-GUT90167,18391_1_7
MAG-GUT90168,GCF_000411395
MAG-GUT9016,20298_2_33
MAG-GUT90189,GCF_000163735
MAG-GUT90190,20298_2_33
MAG-GUT90191,GCF_000163735
MAG-GUT90251,GCF_000411395
MAG-GUT90266,20298_2_33
MAG-GUT90290,20298_2_33
MAG-GUT90291,GCF_000411395
MAG-GUT90292,20298_2_33
MAG-GUT90323,GCF_000163735
MAG-GUT90362,GCF_000411395
MAG-GUT90367,GCF_000146325
MAG-GUT90368,GCF_000411535
MAG-GUT90390,20298_2_33
MAG-GUT90408,20298_2_33
MAG-GUT90429,20298_2_1
MAG-GUT90441,20298_2_33
MAG-GUT90442,GCF_000146325
MAG-GUT90444,20298_2_1
MAG-GUT90475,18391_1_11
MAG-GUT90479,18391_1_11
MAG-GUT90502,GCF_000411395
MAG-GUT90505,GCF_000411395
MAG-GUT90506,20298_2_33
MAG-GUT90508,GCF_000411395
MAG-GUT90581,18391_1_11
MAG-GUT90583,18391_1_11
MAG-GUT90598,UMGS68
MAG-GUT90600,20298_2_33
MAG-GUT90614,GCF_000411535
MAG-GUT90615,GCF_000146325
MAG-GUT90630,20298_2_1
MAG-GUT90634,20298_2_33
MAG-GUT90636,GCF_000411535
MAG-GUT90671,20298_2_33
MAG-GUT90675,GCF_000146325
MAG-GUT90682,GCF_000146325
MAG-GUT90683,GCF_000146325
MAG-GUT90686,20298_2_1
MAG-GUT90694,GCF_000411395
MAG-GUT90699,21673_4_22
MAG-GUT9069,20298_2_53
MAG-GUT90730,GCF_000411395
MAG-GUT90775,GCF_000146325
MAG-GUT90777,GCF_000146325
MAG-GUT9085,20298_2_33
MAG-GUT90901,20287_6_22
MAG-GUT9090,GCF_000155855
MAG-GUT90913,20298_2_33
MAG-GUT90941,18391_1_11
MAG-GUT90946,GCF_000146325
MAG-GUT90947,20298_2_33
MAG-GUT90963,GCF_000163735
MAG-GUT90975,GCF_000146325
MAG-GUT90976,20298_2_33
MAG-GUT90977,GCF_000411395
MAG-GUT90995,GCF_000163735
MAG-GUT90996,GCF_000146325
MAG-GUT90,20298_2_1
MAG-GUT91012,20298_2_1
MAG-GUT91014,GCF_000146325
MAG-GUT91032,20298_2_33
MAG-GUT91033,GCF_000411535
MAG-GUT91042,GCF_000411395
MAG-GUT91072,20298_2_33
MAG-GUT91110,20298_2_53
MAG-GUT91117,GCF_000163735
MAG-GUT91118,GCF_000411395
MAG-GUT91119,20298_2_33
MAG-GUT91131,13470_2_58
MAG-GUT91135,20298_2_33
MAG-GUT91136,20298_2_33
MAG-GUT91137,GCF_000163735
MAG-GUT9113,GCF_000411395
MAG-GUT91144,18391_1_11
MAG-GUT91192,20298_3_11
MAG-GUT91196,20298_3_11
MAG-GUT91199,20298_3_3
MAG-GUT91251,20298_3_11
MAG-GUT91256,UMGS45
MAG-GUT91259,GCF_000413335
MAG-GUT91262,20298_3_11
MAG-GUT91264,20298_3_11
MAG-GUT91265,20298_3_3
MAG-GUT91267,20298_3_11
MAG-GUT91272,20298_3_11
MAG-GUT91276,GCF_000163735
MAG-GUT91278,GCF_000411535
MAG-GUT91291,UMGS44
MAG-GUT91297,20298_3_11
MAG-GUT91303,20298_3_11
MAG-GUT91320,20298_3_11
MAG-GUT91328,GCF_000010185
MAG-GUT91330,20298_3_11
MAG-GUT91345,GCF_000163735
MAG-GUT91355,GCF_000186545
MAG-GUT91359,20298_3_3
MAG-GUT91364,GCF_000411535
MAG-GUT91370,20298_3_3
MAG-GUT91379,20298_3_3
MAG-GUT91383,GCF_000411535
MAG-GUT91385,20298_3_11
MAG-GUT91407,GCF_000155205
MAG-GUT91430,20298_3_3
MAG-GUT91432,20298_3_3
MAG-GUT91468,20298_3_11
MAG-GUT91470,20298_3_11
MAG-GUT91475,GCF_000163735
MAG-GUT91486,20298_3_11
MAG-GUT91490,20298_3_11
MAG-GUT91491,20298_3_11
MAG-GUT91492,20298_3_11
MAG-GUT91493,20298_3_3
MAG-GUT91496,20298_3_11
MAG-GUT91520,18391_1_11
MAG-GUT91528,20298_3_11
MAG-GUT91536,GCF_000413335
MAG-GUT91537,20298_3_11
MAG-GUT91546,20298_3_3
MAG-GUT91549,20298_3_11
MAG-GUT91566,GCF_000413335
MAG-GUT91568,GCF_000297815
MAG-GUT91584,20298_3_11
MAG-GUT9158,UMGS87
MAG-GUT915,20298_3_3
MAG-GUT91600,GCF_000163735
MAG-GUT91603,GCF_000163735
MAG-GUT91622,20298_3_3
MAG-GUT91631,UMGS44
MAG-GUT91633,20298_3_2
MAG-GUT91672,UMGS62
MAG-GUT91675,UMGS62
MAG-GUT91702,GCF_000297815
MAG-GUT91705,20298_3_3
MAG-GUT91712,20298_3_11
MAG-GUT91717,20298_3_11
MAG-GUT91733,GCF_001025175
MAG-GUT91735,GCF_001025175
MAG-GUT91736,20298_3_11
MAG-GUT91762,UMGS132
MAG-GUT9176,20298_3_11
MAG-GUT91779,20298_3_11
MAG-GUT91793,20298_2_1
MAG-GUT91815,20298_3_11
MAG-GUT91816,20298_3_3
MAG-GUT91818,20298_3_11
MAG-GUT91821,20298_3_11
MAG-GUT91823,20298_3_11
MAG-GUT91830,20298_3_3
MAG-GUT91833,20298_3_11
MAG-GUT91835,GCF_000413335
MAG-GUT91860,20298_3_11
MAG-GUT91865,GCF_000413335
MAG-GUT91866,GCF_000411535
MAG-GUT91873,GCF_000411535
MAG-GUT91882,20298_3_11
MAG-GUT91886,20298_3_11
MAG-GUT91887,20298_3_3
MAG-GUT91898,GCF_000297815
MAG-GUT91911,20298_3_11
MAG-GUT91912,20298_3_11
MAG-GUT91923,20298_3_11
MAG-GUT91926,20298_3_11
MAG-GUT91932,20298_3_11
MAG-GUT91938,GCF_000163735
MAG-GUT91939,20298_3_3
MAG-GUT91941,20298_3_11
MAG-GUT91943,20298_3_11
MAG-GUT91947,GCF_001025175
MAG-GUT91954,20298_3_11
MAG-GUT91958,20298_3_3
MAG-GUT91960,20298_3_11
MAG-GUT91964,GCF_000163735
MAG-GUT91967,20298_3_3
MAG-GUT91970,GCF_000163735
MAG-GUT91971,GCF_000163735
MAG-GUT91990,GCF_000163735
MAG-GUT91993,GCF_000163735
MAG-GUT92001,GCF_000163735
MAG-GUT92002,18048_2_85
MAG-GUT92006,20298_3_11
MAG-GUT92007,18048_2_85
MAG-GUT92065,GCF_001025175
MAG-GUT92066,20298_3_11
MAG-GUT92079,GCF_000413335
MAG-GUT92091,GCF_000163735
MAG-GUT92111,20298_3_11
MAG-GUT92127,GCF_000413335
MAG-GUT9228,UMGS11
MAG-GUT9275,UMGS132
MAG-GUT9303,UMGS13
MAG-GUT9316,UMGS13
MAG-GUT9364,UMGS13
MAG-GUT9376,UMGS13
MAG-GUT9396,UMGS37
MAG-GUT9405,20298_3_11
MAG-GUT940,UMGS37
MAG-GUT9421,GCF_000209405
MAG-GUT9435,UMGS132
MAG-GUT945,20298_3_11
MAG-GUT9461,GCF_000209405
MAG-GUT9523,GCF_000273525
MAG-GUT956,UMGS16
MAG-GUT9594,GCF_000155205
MAG-GUT9612,UMGS34
MAG-GUT9618,GCF_000218385
MAG-GUT9621,GCF_000209405
MAG-GUT9640,GCF_000209405
MAG-GUT9642,GCF_000218385
MAG-GUT9659,GCF_000411395
MAG-GUT9669,18048_1_70
MAG-GUT9674,GCF_000209405
MAG-GUT9681,14207_7_52
MAG-GUT9684,18048_1_70
MAG-GUT9688,GCF_000159375
MAG-GUT9692,GCF_000159375
MAG-GUT9714,18048_1_70
MAG-GUT9744,UMGS710
MAG-GUT9760,GCF_000752675
MAG-GUT9766,UMGS1
MAG-GUT984,20298_3_11
MAG-GUT988,GCF_000413335
MAG-GUT9964,21673_4_22
MAG-GUT9970,UMGS710
