,Reads,Species,IDS,Taxon
0,25714,992,reads_0,UMGS1420
1,29406,1990,reads_1000,UMGS511
2,29907,1550,reads_100,UMGS1956
3,25850,1981,reads_1001,UMGS502
4,26638,2020,reads_1002,UMGS540
5,27272,651,reads_1003,UMGS1095
6,28634,2235,reads_1004,UMGS74
7,25394,1216,reads_1005,UMGS1635
8,29906,687,reads_1006,UMGS1128
9,22673,1952,reads_1007,UMGS476
10,29429,1,reads_1008,11861_6_58
11,28838,2116,reads_1009,UMGS638
12,32280,938,reads_10,UMGS1368
13,25438,1944,reads_1010,UMGS469
14,27435,1704,reads_101,UMGS235
15,28022,1962,reads_1011,UMGS485
16,32522,181,reads_1012,20298_3_52
17,31594,921,reads_1013,UMGS1350
18,30320,2015,reads_1014,UMGS536
19,29613,1501,reads_1015,UMGS190
20,29130,2428,reads_1016,UMGS92
21,28948,2165,reads_1017,UMGS683
22,30320,2451,reads_1018,UMGS951
23,29157,235,reads_1019,GCF_000154285
24,27884,2396,reads_1020,UMGS8
25,28186,1746,reads_102,UMGS279
26,28072,1168,reads_1021,UMGS158
27,29730,1287,reads_1022,UMGS1700
28,24660,503,reads_1023,GCF_001433855
29,28656,928,reads_1024,UMGS1357
30,26332,2473,reads_1025,UMGS972
31,25485,1128,reads_1026,UMGS1552
32,27229,2482,reads_1027,UMGS980
33,28626,1021,reads_1028,UMGS1448
34,30486,712,reads_1029,UMGS1152
35,29094,2380,reads_1030,UMGS886
36,29152,2283,reads_103,UMGS796
37,30084,1259,reads_1031,UMGS1675
38,25340,2104,reads_1032,UMGS627
39,26698,1784,reads_1033,UMGS313
40,28109,1219,reads_1034,UMGS1638
41,25266,1957,reads_1035,UMGS480
42,26637,545,reads_1036,GCF_900095825
43,26020,1527,reads_1037,UMGS1934
44,28551,2220,reads_1038,UMGS735
45,26992,2416,reads_1039,UMGS918
46,28937,509,reads_1040,GCF_001457835
47,28124,1301,reads_104,UMGS1713
48,32408,370,reads_1041,GCF_000239255
49,27752,1227,reads_1042,UMGS1645
50,32396,16,reads_1043,12718_7_3
51,24986,2288,reads_1044,UMGS7
52,25354,2420,reads_1045,UMGS921
53,33570,466,reads_1046,GCF_000821325
54,29429,1693,reads_1047,UMGS223
55,30885,1756,reads_1048,UMGS288
56,25262,1173,reads_1049,UMGS1596
57,24889,1042,reads_1050,UMGS1468
58,25890,129,reads_105,18391_1_11
59,27668,1725,reads_1051,UMGS256
60,27926,1551,reads_1052,UMGS1958
61,27350,426,reads_1053,GCF_000411535
62,31798,385,reads_1054,GCF_000285555
63,26505,1633,reads_1055,UMGS2038
64,29530,1635,reads_1056,UMGS203
65,33203,1673,reads_1057,UMGS2075
66,29556,647,reads_1058,UMGS1091
67,28170,1931,reads_1059,UMGS457
68,30789,2408,reads_1060,UMGS910
69,25727,1882,reads_106,UMGS40
70,29994,1385,reads_1061,UMGS1793
71,23423,617,reads_1062,UMGS1062
72,28437,1171,reads_1063,UMGS1594
73,29061,2017,reads_1064,UMGS538
74,32156,573,reads_1065,UMGS101
75,26232,1519,reads_1066,UMGS1927
76,23364,312,reads_1067,GCF_000163955
77,29281,1676,reads_1068,UMGS2079
78,27278,1493,reads_1069,UMGS1902
79,30268,507,reads_1070,GCF_001457795
80,30249,2139,reads_107,UMGS659
81,28982,1889,reads_1071,UMGS416
82,31096,1033,reads_1072,UMGS1459
83,26010,796,reads_1073,UMGS1231
84,31375,1376,reads_1074,UMGS1784
85,27398,1710,reads_1075,UMGS241
86,24603,1834,reads_1076,UMGS363
87,28548,1762,reads_1077,UMGS294
88,31955,2443,reads_1078,UMGS944
89,27194,620,reads_1079,UMGS1065
90,27698,1642,reads_1080,UMGS2047
91,27966,1598,reads_108,UMGS2004
92,26085,263,reads_1081,GCF_000156395
93,25538,577,reads_1082,UMGS1023
94,26885,812,reads_1083,UMGS1248
95,28978,1304,reads_1084,UMGS1716
96,25641,197,reads_1085,20427_4_25
97,29550,381,reads_1086,GCF_000273525
98,24717,2052,reads_1087,UMGS574
99,24930,2323,reads_1088,UMGS833
100,28310,298,reads_1089,GCF_000160455
101,28197,596,reads_1090,UMGS1042
102,29415,732,reads_109,UMGS1170
103,23165,338,reads_1091,GCF_000204455
104,30524,1936,reads_1092,UMGS461
105,25722,1345,reads_1093,UMGS1755
106,30573,1509,reads_1094,UMGS1917
107,28945,1422,reads_1095,UMGS1831
108,26374,554,reads_1096,UMGS1002
109,29111,1742,reads_1097,UMGS275
110,34615,81,reads_1098,14207_6_13
111,27318,2133,reads_1099,UMGS653
112,26250,912,reads_1,UMGS1341
113,31562,1330,reads_1100,UMGS1741
114,31062,2330,reads_110,UMGS83
115,33145,109,reads_1101,14207_7_89
116,30061,1343,reads_1102,UMGS1753
117,29201,1461,reads_1103,UMGS1870
118,22098,1081,reads_1104,UMGS1504
119,29236,770,reads_1105,UMGS1206
120,24948,1392,reads_1106,UMGS179
121,26852,1236,reads_1107,UMGS1653
122,29700,1661,reads_1108,UMGS2064
123,21660,249,reads_1109,GCF_000155435
124,30465,2151,reads_11,UMGS66
125,27340,2188,reads_1110,UMGS705
126,30168,1876,reads_111,UMGS403
127,30902,170,reads_1111,20298_3_28
128,27808,290,reads_1112,GCF_000159375
129,18896,365,reads_1113,GCF_000238655
130,29814,1347,reads_1114,UMGS1757
131,29916,1543,reads_1115,UMGS194
132,31028,2468,reads_1116,UMGS968
133,25006,851,reads_1117,UMGS1285
134,26331,1414,reads_1118,UMGS1822
135,24696,643,reads_1119,UMGS1087
136,28392,1525,reads_1120,UMGS1932
137,31343,92,reads_112,14207_7_30
138,29578,1683,reads_1121,UMGS213
139,34500,1768,reads_1122,UMGS29
140,26068,2156,reads_1123,UMGS674
141,28140,1389,reads_1124,UMGS1797
142,25728,592,reads_1125,UMGS1038
143,30493,1073,reads_1126,UMGS1497
144,27698,2437,reads_1127,UMGS939
145,29936,1858,reads_1128,UMGS387
146,23930,113,reads_1129,14670_1_61
147,31710,1023,reads_1130,UMGS144
148,24888,969,reads_113,UMGS1397
149,22123,184,reads_1131,20298_3_59
150,24244,35,reads_1132,12718_7_9
151,28320,2305,reads_1133,UMGS815
152,26966,642,reads_1134,UMGS1086
153,29772,1336,reads_1135,UMGS1747
154,35076,506,reads_1136,GCF_001457415
155,28998,1586,reads_1137,UMGS1992
156,28213,1668,reads_1138,UMGS2070
157,28186,1573,reads_1139,UMGS1980
158,27181,939,reads_1140,UMGS1369
159,25290,2462,reads_114,UMGS962
160,28116,1508,reads_1141,UMGS1916
161,28064,1072,reads_1142,UMGS1496
162,25310,736,reads_1143,UMGS1174
163,26504,1346,reads_1144,UMGS1756
164,28725,995,reads_1145,UMGS1424
165,25638,781,reads_1146,UMGS1216
166,30066,972,reads_1147,UMGS1400
167,27829,512,reads_1148,GCF_001486445
168,28740,1610,reads_1149,UMGS2016
169,26171,2282,reads_1150,UMGS795
170,28982,1517,reads_115,UMGS1925
171,30576,595,reads_1151,UMGS1041
172,31152,2216,reads_1152,UMGS731
173,30643,2154,reads_1153,UMGS672
174,28040,511,reads_1154,GCF_001458115
175,23401,382,reads_1155,GCF_000285495
176,28056,1341,reads_1156,UMGS1751
177,27663,1690,reads_1157,UMGS220
178,30680,2301,reads_1158,UMGS811
179,28196,1563,reads_1159,UMGS1970
180,29004,1599,reads_1160,UMGS2005
181,29430,2418,reads_116,UMGS91
182,32221,427,reads_1161,GCF_000412335
183,32105,1971,reads_1162,UMGS493
184,31524,990,reads_1163,UMGS1419
185,27385,1356,reads_1164,UMGS1765
186,26424,400,reads_1165,GCF_000312145
187,30850,2404,reads_1166,UMGS907
188,32872,296,reads_1167,GCF_000159915
189,28308,1315,reads_1168,UMGS1727
190,22758,472,reads_1169,GCF_000942395
191,28334,844,reads_1170,UMGS1278
192,28206,1871,reads_117,UMGS39
193,28376,238,reads_1171,GCF_000154405
194,30662,624,reads_1172,UMGS1069
195,31098,361,reads_1173,GCF_000236865
196,31062,2118,reads_1174,UMGS63
197,25336,1582,reads_1175,UMGS1989
198,31133,2078,reads_1176,UMGS600
199,30950,1721,reads_1177,UMGS252
200,27634,2013,reads_1178,UMGS534
201,24600,1421,reads_1179,UMGS182
202,32030,2289,reads_1180,UMGS800
203,28370,1735,reads_118,UMGS269
204,28588,2007,reads_1181,UMGS529
205,29393,1184,reads_1182,UMGS1606
206,25131,1176,reads_1183,UMGS159
207,28314,2503,reads_1184,UMGS99
208,27242,428,reads_1185,GCF_000413335
209,25840,2066,reads_1186,UMGS588
210,31330,991,reads_1187,UMGS141
211,29808,1531,reads_1188,UMGS1938
212,26537,1329,reads_1189,UMGS1740
213,30366,2219,reads_1190,UMGS734
214,28318,1939,reads_119,UMGS464
215,30928,2307,reads_1191,UMGS817
216,27503,1335,reads_1192,UMGS1746
217,28458,959,reads_1193,UMGS1387
218,30041,48,reads_1194,13414_6_37
219,30918,2313,reads_1195,UMGS822
220,33709,514,reads_1196,GCF_001486585
221,27542,1636,reads_1197,UMGS2040
222,25137,1688,reads_1198,UMGS219
223,32044,104,reads_1199,14207_7_70
224,28064,1570,reads_1200,UMGS1977
225,32078,619,reads_120,UMGS1064
226,30652,2003,reads_1201,UMGS524
227,29220,1566,reads_1202,UMGS1973
228,24743,508,reads_1203,GCF_001457815
229,24128,1443,reads_1204,UMGS1851
230,26308,345,reads_1205,GCF_000213575
231,26961,1078,reads_1206,UMGS1500
232,25767,1451,reads_1207,UMGS1860
233,24550,4,reads_1208,11861_6_65
234,31706,2079,reads_1209,UMGS601
235,24705,558,reads_12,UMGS1006
236,29108,1898,reads_1210,UMGS424
237,32907,415,reads_121,GCF_000398925
238,28622,2119,reads_1211,UMGS640
239,25090,2372,reads_1212,UMGS879
240,27802,1763,reads_1213,UMGS295
241,28352,847,reads_1214,UMGS1280
242,24475,1274,reads_1215,UMGS168
243,33608,2091,reads_1216,UMGS615
244,29202,2229,reads_1217,UMGS743
245,29120,1132,reads_1218,UMGS1556
246,25220,702,reads_1219,UMGS1141
247,24804,1486,reads_1220,UMGS1896
248,27443,546,reads_122,GCF_900095835
249,28944,1228,reads_1221,UMGS1646
250,27283,1311,reads_1222,UMGS1722
251,31360,2364,reads_1223,UMGS871
252,28354,149,reads_1224,20298_2_33
253,31255,1086,reads_1225,UMGS1511
254,23469,2163,reads_1226,UMGS681
255,24367,754,reads_1227,UMGS1191
256,26200,2308,reads_1228,UMGS818
257,28528,2209,reads_1229,UMGS724
258,30180,2317,reads_1230,UMGS826
259,27084,1217,reads_123,UMGS1636
260,26815,1912,reads_1231,UMGS439
261,25789,483,reads_1232,GCF_001185345
262,24303,311,reads_1233,GCF_000163935
263,31078,2249,reads_1234,UMGS763
264,29217,1734,reads_1235,UMGS268
265,30189,1342,reads_1236,UMGS1752
266,30068,1306,reads_1237,UMGS1718
267,25430,287,reads_1238,GCF_000159055
268,26658,705,reads_1239,UMGS1144
269,26654,1004,reads_1240,UMGS1432
270,29552,2080,reads_124,UMGS602
271,27416,1995,reads_1241,UMGS516
272,31548,689,reads_1242,UMGS112
273,31240,237,reads_1243,GCF_000154385
274,30401,436,reads_1244,GCF_000466605
275,28382,1814,reads_1245,UMGS342
276,30318,2120,reads_1246,UMGS641
277,28534,1905,reads_1247,UMGS430
278,25712,1118,reads_1248,UMGS1542
279,28360,1518,reads_1249,UMGS1926
280,27532,574,reads_1250,UMGS1020
281,29360,1657,reads_125,UMGS2060
282,24811,822,reads_1251,UMGS1257
283,23245,551,reads_1252,GCF_900107675
284,21485,473,reads_1253,GCF_000969835
285,32253,254,reads_1254,GCF_000155875
286,30162,1881,reads_1255,UMGS409
287,30370,15,reads_1256,12718_7_39
288,27603,1507,reads_1257,UMGS1915
289,24546,1978,reads_1258,UMGS4
290,28149,1240,reads_1259,UMGS1658
291,23527,1817,reads_1260,UMGS346
292,26636,1731,reads_126,UMGS262
293,25562,2070,reads_1261,UMGS593
294,27182,566,reads_1262,UMGS1013
295,25194,768,reads_1263,UMGS1204
296,27270,1318,reads_1264,UMGS172
297,29328,1051,reads_1265,UMGS1476
298,30344,1135,reads_1266,UMGS1559
299,27558,1011,reads_1267,UMGS1439
300,29375,2334,reads_1268,UMGS843
301,22590,861,reads_1269,UMGS1294
302,22826,1436,reads_1270,UMGS1844
303,28661,1634,reads_127,UMGS2039
304,28872,1545,reads_1271,UMGS1951
305,26155,1897,reads_1272,UMGS423
306,22525,434,reads_1273,GCF_000455285
307,28698,1655,reads_1274,UMGS2059
308,21881,303,reads_1275,GCF_000162075
309,29183,1625,reads_1276,UMGS2030
310,27211,10,reads_1277,12718_7_21
311,29766,1523,reads_1278,UMGS1930
312,27372,1090,reads_1279,UMGS1515
313,26654,1695,reads_1280,UMGS227
314,23990,1055,reads_128,UMGS147
315,25835,2461,reads_1281,UMGS961
316,30548,2312,reads_1282,UMGS821
317,24687,1727,reads_1283,UMGS258
318,29626,2034,reads_1284,UMGS556
319,26545,1080,reads_1285,UMGS1502
320,25268,99,reads_1286,14207_7_54
321,26671,788,reads_1287,UMGS1224
322,29322,731,reads_1288,UMGS116
323,25158,2148,reads_1289,UMGS667
324,27144,1002,reads_1290,UMGS1430
325,35914,455,reads_129,GCF_000750635
326,30120,2033,reads_1291,UMGS555
327,22753,2105,reads_1292,UMGS628
328,25581,1089,reads_1293,UMGS1514
329,26044,2438,reads_1294,UMGS93
330,22941,1830,reads_1295,UMGS35
331,27148,1608,reads_1296,UMGS2013
332,29852,1339,reads_1297,UMGS174
333,28955,191,reads_1298,20298_3_70
334,26784,1083,reads_1299,UMGS1506
335,29174,1601,reads_1300,UMGS2007
336,25682,2223,reads_130,UMGS738
337,28910,2075,reads_1301,UMGS598
338,26400,1149,reads_1302,UMGS1571
339,27544,1694,reads_1303,UMGS225
340,24869,459,reads_1304,GCF_000752215
341,27290,1677,reads_1305,UMGS207
342,28818,1940,reads_1306,UMGS465
343,29450,1282,reads_1307,UMGS1697
344,27006,1520,reads_1308,UMGS1928
345,27840,726,reads_1309,UMGS1165
346,28836,945,reads_13,UMGS1374
347,27364,1846,reads_1310,UMGS376
348,26620,1651,reads_131,UMGS2055
349,30075,1567,reads_1311,UMGS1974
350,28964,1012,reads_1312,UMGS143
351,28254,2131,reads_1313,UMGS651
352,25783,1829,reads_1314,UMGS359
353,23362,834,reads_1315,UMGS1269
354,26466,294,reads_1316,GCF_000159715
355,25814,2228,reads_1317,UMGS742
356,30528,1213,reads_1318,UMGS1632
357,26386,2386,reads_1319,UMGS891
358,27745,2177,reads_1320,UMGS695
359,29982,1849,reads_132,UMGS379
360,26540,1181,reads_1321,UMGS1603
361,29469,983,reads_1322,UMGS1411
362,28670,1892,reads_1323,UMGS419
363,29728,2049,reads_1324,UMGS571
364,33193,1895,reads_1325,UMGS421
365,27946,262,reads_1326,GCF_000156375
366,26302,101,reads_1327,14207_7_57
367,24459,460,reads_1328,GCF_000752675
368,31116,2327,reads_1329,UMGS837
369,29054,1711,reads_1330,UMGS242
370,27834,652,reads_133,UMGS1096
371,23704,1185,reads_1331,UMGS1607
372,28114,2065,reads_1332,UMGS587
373,28852,987,reads_1333,UMGS1416
374,26563,1328,reads_1334,UMGS173
375,25753,1014,reads_1335,UMGS1441
376,25430,632,reads_1336,UMGS1077
377,28394,1950,reads_1337,UMGS474
378,27499,1408,reads_1338,UMGS1817
379,26794,975,reads_1339,UMGS1403
380,28069,1696,reads_1340,UMGS228
381,26848,2484,reads_134,UMGS982
382,27908,1669,reads_1341,UMGS2071
383,27038,1233,reads_1342,UMGS1650
384,23428,1592,reads_1343,UMGS199
385,25516,386,reads_1344,GCF_000285575
386,26422,59,reads_1345,13414_6_60
387,27884,1975,reads_1346,UMGS498
388,28064,1319,reads_1347,UMGS1730
389,29641,676,reads_1348,UMGS1118
390,29103,50,reads_1349,13414_6_3
391,26849,146,reads_1350,20298_2_28
392,31126,166,reads_135,20298_3_21
393,26488,1841,reads_1351,UMGS36
394,33176,134,reads_1352,20287_6_37
395,30187,2413,reads_1353,UMGS915
396,26341,350,reads_1354,GCF_000220865
397,26382,919,reads_1355,UMGS1349
398,31800,1948,reads_1356,UMGS472
399,31248,1753,reads_1357,UMGS285
400,26052,2027,reads_1358,UMGS548
401,28773,2264,reads_1359,UMGS779
402,32408,392,reads_1360,GCF_000311725
403,27362,1058,reads_136,UMGS1482
404,27797,922,reads_1361,UMGS1351
405,26388,633,reads_1362,UMGS1078
406,30442,1808,reads_1363,UMGS337
407,30174,957,reads_1364,UMGS1385
408,30306,538,reads_1365,GCF_900086715
409,25610,783,reads_1366,UMGS1219
410,30552,379,reads_1367,GCF_000250875
411,27402,1603,reads_1368,UMGS2009
412,25029,1170,reads_1369,UMGS1591
413,25333,2502,reads_1370,UMGS999
414,29331,881,reads_137,UMGS1312
415,27648,77,reads_1371,13470_2_92
416,27364,2290,reads_1372,UMGS801
417,30246,865,reads_1373,UMGS1298
418,27768,1028,reads_1374,UMGS1454
419,28347,606,reads_1375,UMGS1051
420,27553,952,reads_1376,UMGS1380
421,24253,579,reads_1377,UMGS1025
422,27834,1660,reads_1378,UMGS2063
423,25477,1874,reads_1379,UMGS401
424,31086,1114,reads_1380,UMGS1539
425,23972,1638,reads_138,UMGS2042
426,25956,2410,reads_1381,UMGS912
427,29868,412,reads_1382,GCF_000349975
428,26634,745,reads_1383,UMGS1183
429,27140,1136,reads_1384,UMGS155
430,26356,485,reads_1385,GCF_001243895
431,27706,1786,reads_1386,UMGS315
432,22751,2101,reads_1387,UMGS624
433,26220,1103,reads_1388,UMGS1527
434,26156,1740,reads_1389,UMGS273
435,28298,1243,reads_1390,UMGS1660
436,27304,448,reads_139,GCF_000527275
437,30397,954,reads_1391,UMGS1382
438,30330,1820,reads_1392,UMGS34
439,28227,996,reads_1393,UMGS1425
440,25276,753,reads_1394,UMGS1190
441,26647,829,reads_1395,UMGS1264
442,30192,1354,reads_1396,UMGS1763
443,25670,1155,reads_1397,UMGS1577
444,24256,2108,reads_1398,UMGS630
445,28058,2063,reads_1399,UMGS585
446,30405,1390,reads_1400,UMGS1798
447,27690,1294,reads_140,UMGS1707
448,27470,49,reads_1401,13414_6_39
449,27343,247,reads_1402,GCF_000155085
450,30361,845,reads_1403,UMGS1279
451,32158,1831,reads_1404,UMGS360
452,27367,1934,reads_1405,UMGS45
453,31010,1218,reads_1406,UMGS1637
454,32325,815,reads_1407,UMGS1250
455,26411,887,reads_1408,UMGS1318
456,28730,863,reads_1409,UMGS1296
457,23878,1605,reads_14,UMGS2010
458,32672,557,reads_1410,UMGS1005
459,26887,703,reads_141,UMGS1142
460,28800,457,reads_1411,GCF_000751675
461,27927,1452,reads_1412,UMGS1861
462,22024,355,reads_1413,GCF_000233455
463,27712,1872,reads_1414,UMGS3
464,29072,1961,reads_1415,UMGS484
465,27602,823,reads_1416,UMGS1258
466,27496,1134,reads_1417,UMGS1558
467,28587,1656,reads_1418,UMGS205
468,25296,1645,reads_1419,UMGS204
469,26930,797,reads_1420,UMGS1232
470,28398,2025,reads_142,UMGS545
471,32903,1424,reads_1421,UMGS1833
472,25688,2316,reads_1422,UMGS825
473,26552,1338,reads_1423,UMGS1749
474,26425,157,reads_1424,20298_2_7
475,26916,1377,reads_1425,UMGS1785
476,26205,1457,reads_1426,UMGS1867
477,26694,2262,reads_1427,UMGS776
478,28480,673,reads_1428,UMGS1115
479,35972,568,reads_1429,UMGS1015
480,30078,1909,reads_1430,UMGS434
481,27040,525,reads_143,GCF_900046455
482,32215,3,reads_1431,11861_6_63
483,27660,916,reads_1432,UMGS1346
484,25949,1749,reads_1433,UMGS281
485,30000,2303,reads_1434,UMGS813
486,19814,1437,reads_1435,UMGS1845
487,30696,947,reads_1436,UMGS1376
488,33079,541,reads_1437,GCF_900091675
489,31380,1714,reads_1438,UMGS245
490,24479,155,reads_1439,20298_2_5
491,30525,502,reads_1440,GCF_001407835
492,26906,2387,reads_144,UMGS892
493,27778,1847,reads_1441,UMGS377
494,29968,121,reads_1442,18048_1_70
495,27644,1147,reads_1443,UMGS156
496,26275,1607,reads_1444,UMGS2012
497,26196,1583,reads_1445,UMGS198
498,34326,344,reads_1446,GCF_000213555
499,29538,1972,reads_1447,UMGS494
500,29638,1539,reads_1448,UMGS1945
501,29018,1777,reads_1449,UMGS307
502,26601,915,reads_1450,UMGS1345
503,27187,1353,reads_145,UMGS1762
504,27788,613,reads_1451,UMGS1058
505,26088,2261,reads_1452,UMGS775
506,28588,1541,reads_1453,UMGS1948
507,28169,36,reads_1454,13154_4_43
508,26762,656,reads_1455,UMGS109
509,26407,935,reads_1456,UMGS1365
510,24781,443,reads_1457,GCF_000499525
511,25864,699,reads_1458,UMGS1139
512,31487,469,reads_1459,GCF_000826105
513,27302,1916,reads_1460,UMGS442
514,25558,933,reads_146,UMGS1362
515,32717,715,reads_1461,UMGS1155
516,27252,1253,reads_1462,UMGS166
517,25889,233,reads_1463,GCF_000148995
518,25302,1029,reads_1464,UMGS1455
519,25204,339,reads_1465,GCF_000205165
520,30923,1367,reads_1466,UMGS1776
521,25428,2455,reads_1467,UMGS956
522,28850,1514,reads_1468,UMGS1922
523,24065,1161,reads_1469,UMGS1582
524,27291,1076,reads_1470,UMGS149
525,28345,2299,reads_147,UMGS80
526,24287,2266,reads_1471,UMGS780
527,24405,1183,reads_1472,UMGS1605
528,28472,1611,reads_1473,UMGS2017
529,31383,445,reads_1474,GCF_000507845
530,27454,1000,reads_1475,UMGS1429
531,27045,1816,reads_1476,UMGS344
532,28670,932,reads_1477,UMGS1360
533,25516,870,reads_1478,UMGS1302
534,26474,741,reads_1479,UMGS117
535,30522,2055,reads_1480,UMGS578
536,29348,751,reads_148,UMGS1189
537,24644,1087,reads_1481,UMGS1512
538,29163,424,reads_1482,GCF_000411475
539,27369,2014,reads_1483,UMGS535
540,27150,2498,reads_1484,UMGS995
541,36953,433,reads_1485,GCF_000455265
542,31673,452,reads_1486,GCF_000612625
543,28612,63,reads_1487,13414_6_70
544,28168,2214,reads_1488,UMGS729
545,32094,2048,reads_1489,UMGS570
546,29864,678,reads_1490,UMGS111
547,27612,1327,reads_149,UMGS1739
548,25998,425,reads_1491,GCF_000411495
549,27166,2076,reads_1492,UMGS599
550,30114,611,reads_1493,UMGS1056
551,26474,2098,reads_1494,UMGS621
552,19236,219,reads_1495,8080_1_73
553,25834,984,reads_1496,UMGS1413
554,28510,733,reads_1497,UMGS1171
555,19521,95,reads_1498,14207_7_42
556,29180,2427,reads_1499,UMGS929
557,26910,390,reads_1500,GCF_000297815
558,29193,1397,reads_150,UMGS1805
559,32688,1804,reads_1501,UMGS332
560,28732,1022,reads_1502,UMGS1449
561,28506,582,reads_1503,UMGS1028
562,24887,2242,reads_1504,UMGS757
563,19341,179,reads_1505,20298_3_48
564,27973,2246,reads_1506,UMGS760
565,27848,1790,reads_1507,UMGS319
566,25177,1844,reads_1508,UMGS373
567,25602,1105,reads_1509,UMGS152
568,29984,2367,reads_15,UMGS874
569,29597,1802,reads_1510,UMGS32
570,27369,2352,reads_151,UMGS85
571,26965,871,reads_1511,UMGS1303
572,26830,2345,reads_1512,UMGS853
573,32132,1805,reads_1513,UMGS333
574,26916,1707,reads_1514,UMGS238
575,24743,343,reads_1515,GCF_000210095
576,28107,1207,reads_1516,UMGS1627
577,27793,1612,reads_1517,UMGS2018
578,26450,2248,reads_1518,UMGS762
579,26768,2174,reads_1519,UMGS691
580,32092,1100,reads_1520,UMGS1524
581,28082,1497,reads_152,UMGS1906
582,28814,1061,reads_1521,UMGS1485
583,27525,1303,reads_1522,UMGS1715
584,23013,161,reads_1523,20298_3_14
585,23245,420,reads_1524,GCF_000411295
586,29654,2421,reads_1525,UMGS922
587,25506,1502,reads_1526,UMGS1910
588,28925,2061,reads_1527,UMGS583
589,27407,2028,reads_1528,UMGS549
590,24626,766,reads_1529,UMGS1202
591,23663,463,reads_1530,GCF_000820705
592,25894,740,reads_153,UMGS1179
593,31220,1398,reads_1531,UMGS1806
594,29792,998,reads_1532,UMGS1427
595,29779,260,reads_1533,GCF_000156175
596,30648,528,reads_1534,GCF_900049755
597,25574,2016,reads_1535,UMGS537
598,25039,587,reads_1536,UMGS1033
599,25995,212,reads_1537,21673_4_71
600,25315,110,reads_1538,14207_7_90
601,27824,2170,reads_1539,UMGS688
602,27834,1453,reads_1540,UMGS1862
603,29392,1585,reads_154,UMGS1991
604,26304,1606,reads_1541,UMGS2011
605,32557,281,reads_1542,GCF_000158415
606,28428,429,reads_1543,GCF_000413355
607,29057,627,reads_1544,UMGS1071
608,28402,2440,reads_1545,UMGS941
609,27631,679,reads_1546,UMGS1120
610,28402,2194,reads_1547,UMGS710
611,22706,2082,reads_1548,UMGS604
612,28256,810,reads_1549,UMGS1246
613,26686,1516,reads_1550,UMGS1924
614,28195,1366,reads_155,UMGS1775
615,31006,2062,reads_1551,UMGS584
616,31980,1441,reads_1552,UMGS184
617,25668,547,reads_1553,GCF_900095845
618,32457,2024,reads_1554,UMGS544
619,27472,2189,reads_1555,UMGS706
620,29233,2276,reads_1556,UMGS78
621,28916,1020,reads_1557,UMGS1447
622,24040,66,reads_1558,13470_2_62
623,26912,2011,reads_1559,UMGS532
624,31352,2383,reads_1560,UMGS889
625,29181,879,reads_156,UMGS1310
626,25948,2446,reads_1561,UMGS947
627,28084,1998,reads_1562,UMGS519
628,30052,793,reads_1563,UMGS1229
629,26926,2371,reads_1564,UMGS878
630,26252,2376,reads_1565,UMGS882
631,30170,2426,reads_1566,UMGS928
632,30051,532,reads_1567,GCF_900078305
633,30761,2356,reads_1568,UMGS864
634,23566,78,reads_1569,13470_2_93
635,30503,375,reads_1570,GCF_000242955
636,30745,723,reads_157,UMGS1162
637,25176,1716,reads_1571,UMGS248
638,29226,1191,reads_1572,UMGS1612
639,25566,2237,reads_1573,UMGS751
640,29396,1426,reads_1574,UMGS1835
641,29366,2492,reads_1575,UMGS98
642,23467,2471,reads_1576,UMGS970
643,28180,1590,reads_1577,UMGS1996
644,30324,2255,reads_1578,UMGS769
645,28460,2068,reads_1579,UMGS590
646,27704,1467,reads_1580,UMGS1877
647,28720,1410,reads_158,UMGS1819
648,27574,1034,reads_1581,UMGS145
649,30676,1547,reads_1582,UMGS1953
650,26504,1856,reads_1583,UMGS385
651,30034,841,reads_1584,UMGS1275
652,28011,1739,reads_1585,UMGS272
653,30510,132,reads_1586,20287_6_22
654,25952,1313,reads_1587,UMGS1725
655,27580,1016,reads_1588,UMGS1443
656,27211,248,reads_1589,GCF_000155205
657,29336,930,reads_1590,UMGS1359
658,27186,739,reads_159,UMGS1178
659,30730,785,reads_1591,UMGS1220
660,33706,2419,reads_1592,UMGS920
661,20863,224,reads_1593,8080_1_83
662,29430,1230,reads_1594,UMGS1648
663,24750,284,reads_1595,GCF_000158475
664,19532,119,reads_1596,17138_5_75
665,18676,359,reads_1597,GCF_000235505
666,27933,693,reads_1598,UMGS1133
667,30216,111,reads_1599,14207_7_95
668,26878,979,reads_1600,UMGS1407
669,27315,1692,reads_160,UMGS222
670,27840,902,reads_1601,UMGS1331
671,28670,2324,reads_1602,UMGS834
672,30474,622,reads_1603,UMGS1067
673,30676,776,reads_1604,UMGS1211
674,29390,842,reads_1605,UMGS1276
675,27821,918,reads_1606,UMGS1348
676,28699,106,reads_1607,14207_7_83
677,28137,1505,reads_1608,UMGS1913
678,25730,1561,reads_1609,UMGS1969
679,27726,477,reads_16,GCF_001025195
680,36804,140,reads_1610,20287_6_88
681,24867,500,reads_161,GCF_001403635
682,33675,2051,reads_1611,UMGS573
683,29584,1188,reads_1612,UMGS160
684,31102,692,reads_1613,UMGS1132
685,23547,2267,reads_1614,UMGS781
686,27412,1918,reads_1615,UMGS445
687,30700,2319,reads_1616,UMGS828
688,33459,444,reads_1617,GCF_000499785
689,31956,808,reads_1618,UMGS1244
690,29342,567,reads_1619,UMGS1014
691,26658,1796,reads_1620,UMGS324
692,29504,1530,reads_162,UMGS1937
693,29888,183,reads_1621,20298_3_58
694,30174,2121,reads_1622,UMGS642
695,26313,899,reads_1623,UMGS1329
696,30112,1751,reads_1624,UMGS283
697,28089,2040,reads_1625,UMGS562
698,28752,2205,reads_1626,UMGS720
699,33515,2336,reads_1627,UMGS845
700,27904,1815,reads_1628,UMGS343
701,25706,1270,reads_1629,UMGS1686
702,24299,590,reads_1630,UMGS1036
703,29621,437,reads_163,GCF_000468015
704,26766,1490,reads_1631,UMGS18
705,32188,1431,reads_1632,UMGS183
706,25571,447,reads_1633,GCF_000523555
707,24566,2452,reads_1634,UMGS953
708,25272,1821,reads_1635,UMGS351
709,30368,1826,reads_1636,UMGS356
710,28430,478,reads_1637,GCF_001049895
711,31961,322,reads_1638,GCF_000177015
712,27956,2203,reads_1639,UMGS719
713,30284,593,reads_1640,UMGS1039
714,24581,510,reads_164,GCF_001457875
715,28602,773,reads_1641,UMGS1209
716,25788,1646,reads_1642,UMGS2050
717,26154,1337,reads_1643,UMGS1748
718,28456,603,reads_1644,UMGS1049
719,29916,671,reads_1645,UMGS1113
720,27680,2433,reads_1646,UMGS934
721,27898,1922,reads_1647,UMGS449
722,29408,2221,reads_1648,UMGS736
723,29764,2202,reads_1649,UMGS718
724,31194,56,reads_1650,13414_6_50
725,28314,1459,reads_165,UMGS1869
726,27122,479,reads_1651,GCF_001050095
727,29540,2297,reads_1652,UMGS808
728,25895,1057,reads_1653,UMGS1481
729,28581,882,reads_1654,UMGS1313
730,27346,993,reads_1655,UMGS1421
731,27919,1578,reads_1656,UMGS1985
732,28924,2393,reads_1657,UMGS898
733,28710,970,reads_1658,UMGS1399
734,27844,1761,reads_1659,UMGS293
735,22774,349,reads_1660,GCF_000218465
736,25996,2002,reads_166,UMGS523
737,28055,1499,reads_1661,UMGS1908
738,28111,1640,reads_1662,UMGS2044
739,26822,2100,reads_1663,UMGS623
740,25006,654,reads_1664,UMGS1098
741,24032,240,reads_1665,GCF_000154505
742,27142,1384,reads_1666,UMGS1791
743,26982,1308,reads_1667,UMGS171
744,25941,2477,reads_1668,UMGS976
745,25052,242,reads_1669,GCF_000154805
746,26877,163,reads_1670,20298_3_18
747,29540,1852,reads_167,UMGS381
748,31432,2213,reads_1671,UMGS728
749,28695,1348,reads_1672,UMGS1758
750,26498,854,reads_1673,UMGS1288
751,30974,2499,reads_1674,UMGS996
752,27464,1198,reads_1675,UMGS1619
753,28843,1649,reads_1676,UMGS2053
754,25380,2361,reads_1677,UMGS869
755,26943,1085,reads_1678,UMGS1510
756,26872,1684,reads_1679,UMGS214
757,29400,1416,reads_1680,UMGS1824
758,30088,1800,reads_168,UMGS328
759,30514,560,reads_1681,UMGS1008
760,26718,2026,reads_1682,UMGS547
761,26868,2257,reads_1683,UMGS771
762,29041,84,reads_1684,14207_6_9
763,30531,408,reads_1685,GCF_000321185
764,25672,1254,reads_1686,UMGS1670
765,28408,2394,reads_1687,UMGS899
766,30089,1890,reads_1688,UMGS417
767,27984,1629,reads_1689,UMGS2034
768,28365,1406,reads_1690,UMGS1815
769,24421,1925,reads_169,UMGS451
770,30055,2029,reads_1691,UMGS54
771,26664,888,reads_1692,UMGS1319
772,29746,1654,reads_1693,UMGS2058
773,29861,1133,reads_1694,UMGS1557
774,28240,914,reads_1695,UMGS1344
775,27216,2073,reads_1696,UMGS596
776,27029,2107,reads_1697,UMGS62
777,27113,1475,reads_1698,UMGS1884
778,24630,2348,reads_1699,UMGS856
779,26228,2292,reads_1700,UMGS803
780,29037,2071,reads_170,UMGS594
781,28016,2274,reads_1701,UMGS788
782,25571,669,reads_1702,UMGS1111
783,27670,2008,reads_1703,UMGS52
784,30738,28,reads_1704,12718_7_7
785,29138,1878,reads_1705,UMGS406
786,25158,700,reads_1706,UMGS113
787,29300,946,reads_1707,UMGS1375
788,27478,2369,reads_1708,UMGS876
789,27034,308,reads_1709,GCF_000162575
790,31284,2230,reads_17,UMGS744
791,31268,2485,reads_1710,UMGS983
792,28358,1888,reads_171,UMGS415
793,24110,102,reads_1711,14207_7_59
794,24867,1126,reads_1712,UMGS1550
795,31220,304,reads_1713,GCF_000162115
796,34337,486,reads_1714,GCF_001244405
797,25762,1423,reads_1715,UMGS1832
798,27315,1712,reads_1716,UMGS243
799,27956,2450,reads_1717,UMGS950
800,30189,1929,reads_1718,UMGS455
801,29699,302,reads_1719,GCF_000161955
802,28011,885,reads_1720,UMGS1316
803,28122,2448,reads_172,UMGS949
804,28810,2192,reads_1721,UMGS709
805,25575,151,reads_1722,20298_2_47
806,28946,2399,reads_1723,UMGS902
807,27862,1867,reads_1724,UMGS396
808,28595,1462,reads_1725,UMGS1871
809,32684,1747,reads_1726,UMGS27
810,27748,1101,reads_1727,UMGS1525
811,28539,809,reads_1728,UMGS1245
812,29901,1146,reads_1729,UMGS1569
813,23420,261,reads_1730,GCF_000156215
814,29721,1736,reads_173,UMGS26
815,26488,226,reads_1731,GCF_000010185
816,29022,1562,reads_1732,UMGS196
817,30040,1760,reads_1733,UMGS292
818,30484,890,reads_1734,UMGS1320
819,22935,85,reads_1735,14207_7_10
820,25350,2115,reads_1736,UMGS637
821,27976,2145,reads_1737,UMGS664
822,27902,521,reads_1738,GCF_001941425
823,27370,529,reads_1739,GCF_900059565
824,35062,1225,reads_1740,UMGS1643
825,28094,1797,reads_174,UMGS325
826,27532,158,reads_1741,20298_3_11
827,25556,2331,reads_1742,UMGS840
828,29151,1596,reads_1743,UMGS2002
829,30024,1904,reads_1744,UMGS42
830,29781,442,reads_1745,GCF_000479265
831,33097,398,reads_1746,GCF_000312105
832,25742,895,reads_1747,UMGS1325
833,22456,474,reads_1748,GCF_000969845
834,28937,89,reads_1749,14207_7_25
835,27945,388,reads_1750,GCF_000296445
836,30000,405,reads_175,GCF_000321025
837,32536,116,reads_1751,15841_8_85
838,26120,2193,reads_1752,UMGS70
839,29575,306,reads_1753,GCF_000162215
840,26310,1479,reads_1754,UMGS188
841,29437,2146,reads_1755,UMGS665
842,32170,1210,reads_1756,UMGS162
843,28916,1662,reads_1757,UMGS2065
844,32205,347,reads_1758,GCF_000218385
845,25580,1351,reads_1759,UMGS1760
846,30007,1332,reads_1760,UMGS1743
847,33207,2325,reads_176,UMGS835
848,26332,2054,reads_1761,UMGS577
849,29470,1394,reads_1762,UMGS1800
850,29592,1718,reads_1763,UMGS24
851,28260,2370,reads_1764,UMGS877
852,27830,638,reads_1765,UMGS1082
853,25384,717,reads_1766,UMGS1157
854,25831,1138,reads_1767,UMGS1561
855,26268,571,reads_1768,UMGS1018
856,30115,988,reads_1769,UMGS1417
857,26630,2490,reads_1770,UMGS988
858,26046,1054,reads_177,UMGS1479
859,26765,2306,reads_1771,UMGS816
860,24593,522,reads_1772,GCF_900018785
861,29514,1546,reads_1773,UMGS1952
862,20177,318,reads_1774,GCF_000172175
863,27952,2500,reads_1775,UMGS997
864,27501,1506,reads_1776,UMGS1914
865,30495,245,reads_1777,GCF_000154865
866,28510,1908,reads_1778,UMGS433
867,26693,1974,reads_1779,UMGS496
868,27696,409,reads_1780,GCF_000321205
869,26241,2010,reads_178,UMGS531
870,23539,33,reads_1781,12718_7_92
871,27258,1568,reads_1782,UMGS1975
872,26778,1383,reads_1783,UMGS1790
873,30722,609,reads_1784,UMGS1054
874,33172,83,reads_1785,14207_6_3
875,26263,1154,reads_1786,UMGS1576
876,31167,728,reads_1787,UMGS1167
877,30981,2497,reads_1788,UMGS994
878,29286,1269,reads_1789,UMGS1685
879,26164,758,reads_1790,UMGS1196
880,30896,98,reads_179,14207_7_52
881,23565,204,reads_1791,21673_4_37
882,30556,1685,reads_1792,UMGS215
883,28080,1575,reads_1793,UMGS1982
884,25310,2481,reads_1794,UMGS97
885,23300,694,reads_1795,UMGS1134
886,28260,1266,reads_1796,UMGS1682
887,33157,2006,reads_1797,UMGS528
888,28692,1917,reads_1798,UMGS443
889,29450,327,reads_1799,GCF_000186505
890,33728,730,reads_1800,UMGS1169
891,28380,1325,reads_180,UMGS1737
892,30455,243,reads_1801,GCF_000154825
893,27446,1251,reads_1802,UMGS1668
894,31814,29,reads_1803,12718_7_81
895,30796,1044,reads_1804,UMGS146
896,27163,1129,reads_1805,UMGS1553
897,28092,1524,reads_1806,UMGS1931
898,25737,380,reads_1807,GCF_000269565
899,30359,565,reads_1808,UMGS1012
900,26164,5,reads_1809,12718_7_10
901,30935,1839,reads_18,UMGS368
902,30620,326,reads_1810,GCF_000185845
903,29080,2366,reads_181,UMGS873
904,25148,904,reads_1811,UMGS1333
905,33176,41,reads_1812,13414_6_17
906,29817,1084,reads_1813,UMGS1508
907,27873,124,reads_1814,18048_2_57
908,30537,849,reads_1815,UMGS1282
909,28122,1699,reads_1816,UMGS230
910,29406,1964,reads_1817,UMGS487
911,28696,1774,reads_1818,UMGS304
912,26626,200,reads_1819,21673_4_19
913,29008,1778,reads_1820,UMGS308
914,22372,659,reads_182,UMGS1102
915,23123,744,reads_1821,UMGS1182
916,25263,1160,reads_1822,UMGS1581
917,32314,1393,reads_1823,UMGS17
918,26436,1175,reads_1824,UMGS1598
919,28696,749,reads_1825,UMGS1187
920,30183,2340,reads_1826,UMGS849
921,22327,286,reads_1827,GCF_000158655
922,32632,222,reads_1828,8080_1_80
923,22953,72,reads_1829,13470_2_75
924,28132,1877,reads_1830,UMGS404
925,26248,1835,reads_183,UMGS364
926,27922,650,reads_1831,UMGS1094
927,29021,1122,reads_1832,UMGS1547
928,29796,2333,reads_1833,UMGS842
929,28127,2398,reads_1834,UMGS901
930,25621,686,reads_1835,UMGS1127
931,29302,1371,reads_1836,UMGS177
932,28116,1418,reads_1837,UMGS1826
933,28535,1442,reads_1838,UMGS1850
934,30214,1476,reads_1839,UMGS1886
935,26704,2351,reads_1840,UMGS859
936,30626,896,reads_184,UMGS1326
937,30918,1447,reads_1841,UMGS1857
938,26360,2001,reads_1842,UMGS522
939,25839,432,reads_1843,GCF_000455245
940,26225,1512,reads_1844,UMGS1920
941,26446,1824,reads_1845,UMGS354
942,27391,1843,reads_1846,UMGS372
943,28532,2175,reads_1847,UMGS692
944,28928,1435,reads_1848,UMGS1843
945,26066,561,reads_1849,UMGS1009
946,25606,2457,reads_1850,UMGS958
947,28322,1794,reads_185,UMGS322
948,27595,1600,reads_1851,UMGS2006
949,30182,1854,reads_1852,UMGS383
950,27161,1036,reads_1853,UMGS1462
951,29851,549,reads_1854,GCF_900095865
952,27495,1074,reads_1855,UMGS1498
953,27156,2302,reads_1856,UMGS812
954,31088,2155,reads_1857,UMGS673
955,25579,178,reads_1858,20298_3_3
956,30400,795,reads_1859,UMGS1230
957,29796,1124,reads_1860,UMGS1549
958,31552,1748,reads_186,UMGS280
959,30669,207,reads_1861,21673_4_43
960,31708,1679,reads_1862,UMGS209
961,23139,880,reads_1863,UMGS1311
962,25770,2211,reads_1864,UMGS726
963,30633,564,reads_1865,UMGS1011
964,25121,220,reads_1866,8080_1_77
965,26432,2479,reads_1867,UMGS978
966,28000,2239,reads_1868,UMGS753
967,27810,2064,reads_1869,UMGS586
968,28258,1632,reads_1870,UMGS2037
969,24388,1485,reads_187,UMGS1895
970,29261,11,reads_1871,12718_7_23
971,27561,1438,reads_1872,UMGS1846
972,20939,418,reads_1873,GCF_000411255
973,28974,1179,reads_1874,UMGS1601
974,32158,2182,reads_1875,UMGS69
975,28496,217,reads_1876,8080_1_69
976,33497,1063,reads_1877,UMGS1488
977,25770,1675,reads_1878,UMGS2078
978,28375,752,reads_1879,UMGS118
979,25470,657,reads_1880,UMGS1100
980,30127,1109,reads_188,UMGS1533
981,30459,2360,reads_1881,UMGS868
982,28253,1511,reads_1882,UMGS1919
983,27518,665,reads_1883,UMGS1108
984,25757,1428,reads_1884,UMGS1837
985,35910,309,reads_1885,GCF_000163075
986,29630,2459,reads_1886,UMGS95
987,30296,2047,reads_1887,UMGS56
988,25500,2058,reads_1888,UMGS580
989,22900,589,reads_1889,UMGS1035
990,24929,376,reads_1890,GCF_000243215
991,30683,1242,reads_189,UMGS165
992,28284,1887,reads_1891,UMGS414
993,28495,1340,reads_1892,UMGS1750
994,25625,17,reads_1893,12718_7_41
995,32324,825,reads_1894,UMGS125
996,30329,139,reads_1895,20287_6_70
997,24333,1980,reads_1896,UMGS501
998,27034,2281,reads_1897,UMGS794
999,30874,569,reads_1898,UMGS1016
1000,29458,1723,reads_1899,UMGS254
1001,29142,663,reads_1900,UMGS1106
1002,30651,1622,reads_190,UMGS2027
1003,26018,1915,reads_1901,UMGS441
1004,27362,1533,reads_1902,UMGS193
1005,30158,328,reads_1903,GCF_000186545
1006,28315,31,reads_1904,12718_7_87
1007,27696,764,reads_1905,UMGS1200
1008,27204,1137,reads_1906,UMGS1560
1009,31469,924,reads_1907,UMGS1353
1010,26344,2019,reads_1908,UMGS53
1011,25722,264,reads_1909,GCF_000156515
1012,26338,743,reads_19,UMGS1181
1013,26043,936,reads_1910,UMGS1366
1014,27957,2252,reads_191,UMGS766
1015,25621,255,reads_1911,GCF_000155955
1016,26398,2259,reads_1912,UMGS773
1017,27090,1369,reads_1913,UMGS1778
1018,27391,1271,reads_1914,UMGS1687
1019,25455,367,reads_1915,GCF_000238695
1020,26728,698,reads_1916,UMGS1138
1021,23660,265,reads_1917,GCF_000156655
1022,29502,626,reads_1918,UMGS1070
1023,32122,1627,reads_1919,UMGS2032
1024,26136,636,reads_1920,UMGS1080
1025,30012,1106,reads_192,UMGS1530
1026,24431,45,reads_1921,13414_6_32
1027,30255,1235,reads_1922,UMGS1652
1028,28387,57,reads_1923,13414_6_53
1029,25118,250,reads_1924,GCF_000155495
1030,28146,114,reads_1925,14672_4_4
1031,26942,630,reads_1926,UMGS1074
1032,30063,1769,reads_1927,UMGS2
1033,30044,2161,reads_1928,UMGS679
1034,27346,2270,reads_1929,UMGS784
1035,25630,446,reads_1930,GCF_000507865
1036,30964,1609,reads_193,UMGS2014
1037,29251,1801,reads_1931,UMGS329
1038,30481,1926,reads_1932,UMGS452
1039,26424,411,reads_1933,GCF_000345485
1040,29088,981,reads_1934,UMGS1409
1041,27858,552,reads_1935,GCF_900119705
1042,28712,1764,reads_1936,UMGS296
1043,31163,1409,reads_1937,UMGS1818
1044,30108,2168,reads_1938,UMGS686
1045,26930,716,reads_1939,UMGS1156
1046,27403,1053,reads_1940,UMGS1478
1047,29949,1455,reads_194,UMGS1864
1048,26834,1553,reads_1941,UMGS1960
1049,25203,377,reads_1942,GCF_000244855
1050,27462,570,reads_1943,UMGS1017
1051,27988,524,reads_1944,GCF_900021175
1052,33162,64,reads_1945,13414_6_73
1053,26950,1156,reads_1946,UMGS1578
1054,25211,690,reads_1947,UMGS1130
1055,28382,2231,reads_1948,UMGS745
1056,30336,2090,reads_1949,UMGS613
1057,35125,176,reads_1950,20298_3_37
1058,31130,855,reads_195,UMGS1289
1059,24284,862,reads_1951,UMGS1295
1060,25759,583,reads_1952,UMGS1029
1061,26301,1513,reads_1953,UMGS1921
1062,28044,499,reads_1954,GCF_001403595
1063,24813,911,reads_1955,UMGS1340
1064,28338,1496,reads_1956,UMGS1905
1065,27815,364,reads_1957,GCF_000238635
1066,28432,1473,reads_1958,UMGS1882
1067,31200,2166,reads_1959,UMGS684
1068,29714,422,reads_1960,GCF_000411395
1069,29695,1261,reads_196,UMGS1677
1070,25154,2022,reads_1961,UMGS542
1071,31064,670,reads_1962,UMGS1112
1072,31475,725,reads_1963,UMGS1164
1073,21182,13,reads_1964,12718_7_29
1074,27915,1119,reads_1965,UMGS1543
1075,30089,1705,reads_1966,UMGS236
1076,25292,2466,reads_1967,UMGS966
1077,25394,1472,reads_1968,UMGS1881
1078,30343,2157,reads_1969,UMGS675
1079,27944,1982,reads_1970,UMGS503
1080,28336,2441,reads_197,UMGS942
1081,28182,1404,reads_1971,UMGS1812
1082,28264,1766,reads_1972,UMGS298
1083,30666,14,reads_1973,12718_7_37
1084,26774,2487,reads_1974,UMGS985
1085,20808,218,reads_1975,8080_1_72
1086,28200,668,reads_1976,UMGS1110
1087,31128,846,reads_1977,UMGS127
1088,29153,2130,reads_1978,UMGS650
1089,29392,1069,reads_1979,UMGS1493
1090,29703,1445,reads_1980,UMGS1853
1091,25300,1840,reads_198,UMGS369
1092,25100,137,reads_1981,20287_6_63
1093,30229,2260,reads_1982,UMGS774
1094,33604,1276,reads_1983,UMGS1691
1095,28222,201,reads_1984,21673_4_22
1096,28172,1542,reads_1985,UMGS1949
1097,29760,1285,reads_1986,UMGS169
1098,30787,1733,reads_1987,UMGS264
1099,29061,1484,reads_1988,UMGS1894
1100,27405,1894,reads_1989,UMGS420
1101,29775,926,reads_1990,UMGS1355
1102,31642,366,reads_199,GCF_000238675
1103,28198,771,reads_1991,UMGS1207
1104,30598,1859,reads_1992,UMGS388
1105,29289,26,reads_1993,12718_7_72
1106,29396,1046,reads_1994,UMGS1471
1107,32180,1913,reads_1995,UMGS43
1108,29130,152,reads_1996,20298_2_49
1109,28908,2186,reads_1997,UMGS702
1110,27566,819,reads_1998,UMGS1254
1111,26480,1361,reads_1999,UMGS176
1112,29234,1597,reads_2000,UMGS2003
1113,29669,828,reads_200,UMGS1263
1114,27028,1429,reads_2001,UMGS1838
1115,31813,164,reads_2002,20298_3_19
1116,31039,2373,reads_2003,UMGS87
1117,30146,2295,reads_2004,UMGS806
1118,25746,664,reads_2005,UMGS1107
1119,30489,360,reads_2006,GCF_000235885
1120,30012,811,reads_2007,UMGS1247
1121,22277,135,reads_2008,20287_6_4
1122,27402,2447,reads_2009,UMGS948
1123,26110,323,reads_20,GCF_000178935
1124,23680,1973,reads_2010,UMGS495
1125,27140,1001,reads_201,UMGS142
1126,28627,464,reads_2011,GCF_000820725
1127,29906,2284,reads_2012,UMGS797
1128,26847,1937,reads_2013,UMGS462
1129,25512,1065,reads_2014,UMGS148
1130,22649,1038,reads_2015,UMGS1464
1131,30396,441,reads_2016,GCF_000479045
1132,25218,1258,reads_2017,UMGS1674
1133,26552,1293,reads_2018,UMGS1706
1134,27939,1265,reads_2019,UMGS1681
1135,26447,792,reads_2020,UMGS1228
1136,29338,540,reads_202,GCF_900091655
1137,33137,211,reads_2021,21673_4_5
1138,30281,112,reads_2022,14207_7_9
1139,29738,1064,reads_2023,UMGS1489
1140,25973,1628,reads_2024,UMGS2033
1141,29178,2086,reads_2025,UMGS608
1142,30297,1709,reads_2026,UMGS240
1143,29170,601,reads_2027,UMGS1047
1144,31659,1743,reads_2028,UMGS276
1145,29618,2501,reads_2029,UMGS998
1146,30655,1906,reads_2030,UMGS431
1147,30122,1832,reads_203,UMGS361
1148,29540,1534,reads_2031,UMGS1940
1149,33875,2050,reads_2032,UMGS572
1150,27142,115,reads_2033,15841_8_64
1151,28254,2315,reads_2034,UMGS824
1152,25174,2335,reads_2035,UMGS844
1153,26658,1780,reads_2036,UMGS30
1154,30332,2233,reads_2037,UMGS748
1155,31445,430,reads_2038,GCF_000413375
1156,27169,1125,reads_2039,UMGS154
1157,23114,27,reads_2040,12718_7_73
1158,26904,1352,reads_204,UMGS1761
1159,27404,1942,reads_2041,UMGS467
1160,25911,2142,reads_2042,UMGS661
1161,28618,1140,reads_2043,UMGS1563
1162,26825,7,reads_2044,12718_7_14
1163,29686,2136,reads_2045,UMGS656
1164,26155,189,reads_2046,20298_3_66
1165,27167,1498,reads_2047,UMGS1907
1166,29540,1968,reads_2048,UMGS490
1167,26823,168,reads_2049,20298_3_25
1168,27870,2060,reads_2050,UMGS582
1169,29558,1991,reads_205,UMGS512
1170,26805,1388,reads_2051,UMGS1796
1171,26894,321,reads_2052,GCF_000174195
1172,27026,1430,reads_2053,UMGS1839
1173,26832,2414,reads_2054,UMGS916
1174,27488,709,reads_2055,UMGS1148
1175,26696,293,reads_2056,GCF_000159675
1176,30033,1116,reads_2057,UMGS1540
1177,31222,802,reads_2058,UMGS1237
1178,24802,963,reads_2059,UMGS1390
1179,19611,305,reads_2060,GCF_000162155
1180,25419,484,reads_206,GCF_001243045
1181,26239,1979,reads_2061,UMGS500
1182,31996,373,reads_2062,GCF_000242175
1183,28935,1569,reads_2063,UMGS1976
1184,29546,1572,reads_2064,UMGS197
1185,26028,927,reads_2065,UMGS1356
1186,28792,780,reads_2066,UMGS1215
1187,30429,599,reads_2067,UMGS1045
1188,26922,756,reads_2068,UMGS1193
1189,27782,1943,reads_2069,UMGS468
1190,26330,2128,reads_2070,UMGS649
1191,26730,994,reads_207,UMGS1423
1192,29166,641,reads_2071,UMGS1085
1193,26507,539,reads_2072,GCF_900087015
1194,28314,2425,reads_2073,UMGS927
1195,28294,1560,reads_2074,UMGS1968
1196,26550,1595,reads_2075,UMGS2001
1197,24352,612,reads_2076,UMGS1057
1198,29646,1480,reads_2077,UMGS1890
1199,30030,65,reads_2078,13470_2_58
1200,31977,333,reads_2079,GCF_000189615
1201,28908,897,reads_2080,UMGS1327
1202,36092,358,reads_208,GCF_000234155
1203,27676,1924,reads_2081,UMGS450
1204,23061,937,reads_2082,UMGS1367
1205,28323,526,reads_2083,GCF_900046475
1206,29793,832,reads_2084,UMGS1267
1207,28804,86,reads_2085,14207_7_18
1208,29845,708,reads_2086,UMGS1147
1209,29762,2342,reads_2087,UMGS850
1210,19441,530,reads_2088,GCF_900069005
1211,27446,2081,reads_2089,UMGS603
1212,30856,107,reads_2090,14207_7_86
1213,26118,103,reads_209,14207_7_64
1214,32636,685,reads_2091,UMGS1126
1215,29553,1463,reads_2092,UMGS1872
1216,30817,1402,reads_2093,UMGS1810
1217,28693,1289,reads_2094,UMGS1702
1218,31856,1812,reads_2095,UMGS340
1219,28584,2310,reads_2096,UMGS81
1220,28775,1637,reads_2097,UMGS2041
1221,28716,2023,reads_2098,UMGS543
1222,25618,2488,reads_2099,UMGS986
1223,27225,1910,reads_2,UMGS437
1224,28901,80,reads_2100,14207_6_12
1225,29595,803,reads_210,UMGS1238
1226,29765,504,reads_2101,GCF_001435475
1227,26734,1032,reads_2102,UMGS1458
1228,29899,128,reads_2103,18048_2_90
1229,25699,518,reads_2104,GCF_001487145
1230,27980,1005,reads_2105,UMGS1433
1231,32323,406,reads_2106,GCF_000321045
1232,29181,1532,reads_2107,UMGS1939
1233,30276,2362,reads_2108,UMGS86
1234,30048,1059,reads_2109,UMGS1483
1235,26206,1284,reads_21,UMGS1699
1236,30706,1350,reads_2110,UMGS175
1237,25672,231,reads_211,GCF_000146325
1238,33071,1744,reads_2111,UMGS277
1239,29266,1899,reads_2112,UMGS425
1240,25215,1604,reads_2113,UMGS200
1241,27835,232,reads_2114,GCF_000146835
1242,27338,1823,reads_2115,UMGS353
1243,28519,821,reads_2116,UMGS1256
1244,26658,2357,reads_2117,UMGS865
1245,27459,875,reads_2118,UMGS1307
1246,30144,2241,reads_2119,UMGS755
1247,31939,2210,reads_2120,UMGS725
1248,25565,1097,reads_212,UMGS1521
1249,30874,2375,reads_2121,UMGS881
1250,26722,1959,reads_2122,UMGS482
1251,29556,2117,reads_2123,UMGS639
1252,27386,2341,reads_2124,UMGS84
1253,28146,1223,reads_2125,UMGS1641
1254,29571,2343,reads_2126,UMGS851
1255,32109,0,reads_2127,11861_6_55
1256,24390,316,reads_2128,GCF_000169035
1257,28060,1866,reads_2129,UMGS395
1258,27666,2417,reads_2130,UMGS919
1259,26972,750,reads_213,UMGS1188
1260,28554,1557,reads_2131,UMGS1965
1261,33080,623,reads_2132,UMGS1068
1262,26878,2464,reads_2133,UMGS964
1263,28185,1503,reads_2134,UMGS1911
1264,30703,1491,reads_2135,UMGS1900
1265,28591,548,reads_2136,GCF_900095855
1266,27689,734,reads_2137,UMGS1172
1267,27750,2111,reads_2138,UMGS633
1268,30360,830,reads_2139,UMGS1265
1269,30728,2381,reads_2140,UMGS887
1270,30951,1433,reads_214,UMGS1841
1271,19145,195,reads_2141,20298_3_9
1272,24425,230,reads_2142,GCF_000145315
1273,28846,966,reads_2143,UMGS1394
1274,28072,1405,reads_2144,UMGS1813
1275,29174,1056,reads_2145,UMGS1480
1276,25924,2382,reads_2146,UMGS888
1277,23250,269,reads_2147,GCF_000157935
1278,27015,492,reads_2148,GCF_001286805
1279,27140,142,reads_2149,20298_2_10
1280,28107,719,reads_2150,UMGS1159
1281,28136,683,reads_215,UMGS1124
1282,23222,223,reads_2151,8080_1_81
1283,25957,2320,reads_2152,UMGS82
1284,23712,54,reads_2153,13414_6_47
1285,24319,1158,reads_2154,UMGS157
1286,32580,34,reads_2155,12718_7_94
1287,28452,1427,reads_2156,UMGS1836
1288,27194,1209,reads_2157,UMGS1629
1289,28304,1177,reads_2158,UMGS15
1290,30659,516,reads_2159,GCF_001487105
1291,24904,1260,reads_2160,UMGS1676
1292,27278,2041,reads_216,UMGS564
1293,26222,1088,reads_2161,UMGS1513
1294,29388,982,reads_2162,UMGS1410
1295,24942,2294,reads_2163,UMGS805
1296,26108,1206,reads_2164,UMGS1626
1297,28111,2181,reads_2165,UMGS699
1298,26420,317,reads_2166,GCF_000172135
1299,30258,476,reads_2167,GCF_001025175
1300,30883,2472,reads_2168,UMGS971
1301,33402,2094,reads_2169,UMGS618
1302,23588,695,reads_2170,UMGS1135
1303,24036,450,reads_217,GCF_000577335
1304,30775,2379,reads_2171,UMGS885
1305,23668,401,reads_2172,GCF_000313565
1306,24460,527,reads_2173,GCF_900048895
1307,22618,439,reads_2174,GCF_000469345
1308,29524,1030,reads_2175,UMGS1456
1309,21443,494,reads_2176,GCF_001368795
1310,27607,1456,reads_2177,UMGS1865
1311,29160,1226,reads_2178,UMGS1644
1312,26788,1591,reads_2179,UMGS1999
1313,25690,913,reads_2180,UMGS1342
1314,22668,94,reads_218,14207_7_37
1315,27326,2271,reads_2181,UMGS785
1316,24781,1554,reads_2182,UMGS1962
1317,31232,2253,reads_2183,UMGS767
1318,27750,1842,reads_2184,UMGS370
1319,30731,967,reads_2185,UMGS1395
1320,30319,2159,reads_2186,UMGS677
1321,31070,535,reads_2187,GCF_900086585
1322,29447,814,reads_2188,UMGS124
1323,28194,1399,reads_2189,UMGS1807
1324,28326,227,reads_2190,GCF_000020425
1325,30500,1613,reads_219,UMGS2019
1326,29558,1102,reads_2191,UMGS1526
1327,27738,898,reads_2192,UMGS1328
1328,27820,860,reads_2193,UMGS1293
1329,25823,1880,reads_2194,UMGS408
1330,26621,1145,reads_2195,UMGS1568
1331,29030,1130,reads_2196,UMGS1554
1332,26395,2460,reads_2197,UMGS960
1333,27279,1153,reads_2198,UMGS1575
1334,31929,1708,reads_2199,UMGS239
1335,28610,1855,reads_2200,UMGS384
1336,31827,38,reads_220,13414_6_12
1337,27708,1930,reads_2201,UMGS456
1338,28161,866,reads_2202,UMGS129
1339,30875,1364,reads_2203,UMGS1773
1340,28245,490,reads_2204,GCF_001282625
1341,29147,1195,reads_2205,UMGS1616
1342,27833,997,reads_2206,UMGS1426
1343,30574,2043,reads_2207,UMGS566
1344,25882,24,reads_2208,12718_7_59
1345,24972,282,reads_2209,GCF_000158435
1346,25855,2153,reads_22,UMGS671
1347,23088,206,reads_2210,21673_4_3
1348,26264,1278,reads_221,UMGS1693
1349,20985,396,reads_2211,GCF_000312005
1350,28502,2368,reads_2212,UMGS875
1351,30636,1098,reads_2213,UMGS1522
1352,28053,2424,reads_2214,UMGS926
1353,24325,1667,reads_2215,UMGS206
1354,28483,1037,reads_2216,UMGS1463
1355,27042,1111,reads_2217,UMGS1535
1356,24223,61,reads_2218,13414_6_67
1357,27212,635,reads_2219,UMGS107
1358,26915,618,reads_2220,UMGS1063
1359,25225,1700,reads_222,UMGS231
1360,26075,1681,reads_2221,UMGS211
1361,28439,498,reads_2222,GCF_001375675
1362,29839,1186,reads_2223,UMGS1608
1363,19012,2467,reads_2224,UMGS967
1364,29444,1434,reads_2225,UMGS1842
1365,25850,1752,reads_2226,UMGS284
1366,26788,585,reads_2227,UMGS1031
1367,23688,1040,reads_2228,UMGS1466
1368,29608,2140,reads_2229,UMGS65
1369,24920,410,reads_2230,GCF_000327285
1370,25174,2244,reads_223,UMGS759
1371,27288,1117,reads_2231,UMGS1541
1372,25890,903,reads_2232,UMGS1332
1373,24833,208,reads_2233,21673_4_46
1374,26072,1806,reads_2234,UMGS334
1375,28110,1544,reads_2235,UMGS1950
1376,26166,817,reads_2236,UMGS1252
1377,27138,840,reads_2237,UMGS1274
1378,27382,1495,reads_2238,UMGS1904
1379,26236,597,reads_2239,UMGS1043
1380,29002,1737,reads_2240,UMGS270
1381,29328,1827,reads_224,UMGS357
1382,25562,1047,reads_2241,UMGS1472
1383,21854,136,reads_2242,20287_6_53
1384,26792,1194,reads_2243,UMGS1615
1385,29336,1450,reads_2244,UMGS185
1386,25732,438,reads_2245,GCF_000469305
1387,30190,2036,reads_2246,UMGS559
1388,23509,51,reads_2247,13414_6_41
1389,26487,2430,reads_2248,UMGS931
1390,28372,1650,reads_2249,UMGS2054
1391,27250,1994,reads_2250,UMGS515
1392,27452,951,reads_225,UMGS137
1393,28934,175,reads_2251,20298_3_36
1394,26993,2093,reads_2252,UMGS617
1395,30409,789,reads_2253,UMGS1225
1396,26876,1787,reads_2254,UMGS316
1397,29691,1157,reads_2255,UMGS1579
1398,25486,71,reads_2256,13470_2_73
1399,26974,2199,reads_2257,UMGS715
1400,24824,1204,reads_2258,UMGS1624
1401,28823,1108,reads_2259,UMGS1532
1402,28148,1798,reads_2260,UMGS326
1403,28618,1767,reads_226,UMGS299
1404,28162,1773,reads_2261,UMGS303
1405,28098,971,reads_2262,UMGS13
1406,30856,1900,reads_2263,UMGS426
1407,30381,1487,reads_2264,UMGS1897
1408,28377,1938,reads_2265,UMGS463
1409,27341,2374,reads_2266,UMGS880
1410,28472,1167,reads_2267,UMGS1589
1411,26536,1809,reads_2268,UMGS338
1412,29406,9,reads_2269,12718_7_17
1413,30558,843,reads_2270,UMGS1277
1414,28590,1775,reads_227,UMGS305
1415,29044,1248,reads_2271,UMGS1665
1416,26148,942,reads_2272,UMGS1371
1417,31249,2084,reads_2273,UMGS606
1418,30120,661,reads_2274,UMGS1104
1419,26900,1571,reads_2275,UMGS1979
1420,32077,962,reads_2276,UMGS138
1421,24874,562,reads_2277,UMGS100
1422,30716,824,reads_2278,UMGS1259
1423,29733,1401,reads_2279,UMGS1809
1424,28632,1863,reads_2280,UMGS391
1425,29010,1166,reads_228,UMGS1587
1426,28461,244,reads_2281,GCF_000154845
1427,30047,883,reads_2282,UMGS1314
1428,31288,173,reads_2283,20298_3_34
1429,31308,968,reads_2284,UMGS1396
1430,20691,138,reads_2285,20287_6_6
1431,26895,1323,reads_2286,UMGS1734
1432,29964,1092,reads_2287,UMGS1517
1433,28186,1619,reads_2288,UMGS2024
1434,27510,1558,reads_2289,UMGS1966
1435,30340,1229,reads_2290,UMGS1647
1436,24246,1521,reads_229,UMGS1929
1437,31019,489,reads_2291,GCF_001244995
1438,24582,2149,reads_2292,UMGS668
1439,30048,1701,reads_2293,UMGS232
1440,30368,2018,reads_2294,UMGS539
1441,31768,1208,reads_2295,UMGS1628
1442,26751,2057,reads_2296,UMGS57
1443,28378,2110,reads_2297,UMGS632
1444,27999,1666,reads_2298,UMGS2069
1445,31470,1907,reads_2299,UMGS432
1446,19240,697,reads_2300,UMGS1137
1447,25548,2475,reads_230,UMGS974
1448,25567,1309,reads_2301,UMGS1720
1449,28062,1488,reads_2302,UMGS1898
1450,26928,192,reads_2303,20298_3_71
1451,26396,908,reads_2304,UMGS1338
1452,28532,948,reads_2305,UMGS1377
1453,27944,1615,reads_2306,UMGS2020
1454,25088,37,reads_2307,13414_6_10
1455,29510,1903,reads_2308,UMGS429
1456,30508,384,reads_2309,GCF_000285535
1457,26468,701,reads_23,UMGS1140
1458,31520,941,reads_2310,UMGS1370
1459,31330,1355,reads_231,UMGS1764
1460,30525,2346,reads_2311,UMGS854
1461,28055,958,reads_2312,UMGS1386
1462,24524,419,reads_2313,GCF_000411275
1463,24961,461,reads_2314,GCF_000753355
1464,27232,1845,reads_2315,UMGS375
1465,30371,288,reads_2316,GCF_000159175
1466,26890,236,reads_2317,GCF_000154325
1467,25449,1113,reads_2318,UMGS1538
1468,26796,2470,reads_2319,UMGS96
1469,28912,2243,reads_2320,UMGS758
1470,28446,1584,reads_232,UMGS1990
1471,29810,677,reads_2321,UMGS1119
1472,35359,413,reads_2322,GCF_000381365
1473,26894,1333,reads_2323,UMGS1744
1474,28584,1860,reads_2324,UMGS389
1475,25544,1983,reads_2325,UMGS504
1476,23613,1914,reads_2326,UMGS440
1477,30654,1851,reads_2327,UMGS380
1478,27793,706,reads_2328,UMGS1145
1479,31126,1614,reads_2329,UMGS201
1480,28518,1896,reads_2330,UMGS422
1481,27152,70,reads_233,13470_2_71
1482,28752,2109,reads_2331,UMGS631
1483,30840,1466,reads_2332,UMGS1875
1484,25814,196,reads_2333,20427_4_22
1485,25654,2436,reads_2334,UMGS938
1486,29946,1141,reads_2335,UMGS1564
1487,26768,724,reads_2336,UMGS1163
1488,27162,931,reads_2337,UMGS135
1489,25036,1291,reads_2338,UMGS1704
1490,30757,1956,reads_2339,UMGS47
1491,19519,160,reads_2340,20298_3_13
1492,27063,1192,reads_234,UMGS1613
1493,24248,423,reads_2341,GCF_000411415
1494,27808,2112,reads_2342,UMGS634
1495,26973,761,reads_2343,UMGS1199
1496,22951,1713,reads_2344,UMGS244
1497,28022,2412,reads_2345,UMGS914
1498,30118,799,reads_2346,UMGS1234
1499,30128,1411,reads_2347,UMGS181
1500,26185,1060,reads_2348,UMGS1484
1501,30101,228,reads_2349,GCF_000026505
1502,24403,2474,reads_2350,UMGS973
1503,28870,1671,reads_235,UMGS2073
1504,25276,2476,reads_2351,UMGS975
1505,29288,2258,reads_2352,UMGS772
1506,29001,2286,reads_2353,UMGS799
1507,26747,1256,reads_2354,UMGS1672
1508,30526,1949,reads_2355,UMGS473
1509,25977,965,reads_2356,UMGS1392
1510,26465,2389,reads_2357,UMGS894
1511,33887,185,reads_2358,20298_3_62
1512,28304,1799,reads_2359,UMGS327
1513,27324,1623,reads_2360,UMGS2028
1514,25864,1249,reads_236,UMGS1666
1515,30727,341,reads_2361,GCF_000209405
1516,19738,501,reads_2362,GCF_001403875
1517,36265,944,reads_2363,UMGS1373
1518,27262,2432,reads_2364,UMGS933
1519,25536,2197,reads_2365,UMGS713
1520,27687,735,reads_2366,UMGS1173
1521,26542,1041,reads_2367,UMGS1467
1522,27764,2275,reads_2368,UMGS789
1523,29608,225,reads_2369,8080_1_93
1524,30870,2280,reads_2370,UMGS793
1525,26535,556,reads_237,UMGS1004
1526,29736,572,reads_2371,UMGS1019
1527,26344,2215,reads_2372,UMGS730
1528,28146,1468,reads_2373,UMGS1878
1529,30910,2256,reads_2374,UMGS770
1530,30470,1933,reads_2375,UMGS459
1531,27707,1199,reads_2376,UMGS161
1532,28022,1920,reads_2377,UMGS447
1533,33805,2434,reads_2378,UMGS935
1534,24263,88,reads_2379,14207_7_23
1535,30018,1131,reads_2380,UMGS1555
1536,30921,2445,reads_238,UMGS946
1537,29990,1792,reads_2381,UMGS320
1538,25780,2123,reads_2382,UMGS644
1539,27848,1993,reads_2383,UMGS514
1540,24930,378,reads_2384,GCF_000245775
1541,27202,820,reads_2385,UMGS1255
1542,32274,1245,reads_2386,UMGS1662
1543,31296,105,reads_2387,14207_7_75
1544,27405,2359,reads_2388,UMGS867
1545,29963,1031,reads_2389,UMGS1457
1546,27912,1286,reads_2390,UMGS16
1547,25875,229,reads_239,GCF_000144975
1548,28800,1789,reads_2391,UMGS318
1549,23682,491,reads_2392,GCF_001282665
1550,28938,1252,reads_2393,UMGS1669
1551,30792,1951,reads_2394,UMGS475
1552,26596,1999,reads_2395,UMGS51
1553,29384,2059,reads_2396,UMGS581
1554,28826,372,reads_2397,GCF_000241405
1555,28233,790,reads_2398,UMGS1226
1556,29246,856,reads_2399,UMGS128
1557,27826,2293,reads_2400,UMGS804
1558,25596,470,reads_240,GCF_000826525
1559,23110,301,reads_2401,GCF_000160855
1560,24838,2134,reads_2402,UMGS654
1561,30644,1035,reads_2403,UMGS1461
1562,30253,1189,reads_2404,UMGS1610
1563,25604,853,reads_2405,UMGS1287
1564,29704,1460,reads_2406,UMGS186
1565,29487,2069,reads_2407,UMGS592
1566,25557,2385,reads_2408,UMGS890
1567,26697,42,reads_2409,13414_6_20
1568,23102,1093,reads_24,UMGS1518
1569,28317,1652,reads_2410,UMGS2056
1570,31068,1043,reads_241,UMGS1469
1571,27468,818,reads_2411,UMGS1253
1572,29988,1099,reads_2412,UMGS1523
1573,22692,122,reads_2413,18048_1_72
1574,28106,615,reads_2414,UMGS1060
1575,33557,215,reads_2415,21673_4_87
1576,20826,356,reads_2416,GCF_000233495
1577,28394,1538,reads_2417,UMGS1944
1578,25838,2185,reads_2418,UMGS701
1579,29984,1403,reads_2419,UMGS1811
1580,25706,188,reads_2420,20298_3_65
1581,32007,2250,reads_242,UMGS764
1582,25796,1094,reads_2421,UMGS1519
1583,28408,2458,reads_2422,UMGS959
1584,25546,1395,reads_2423,UMGS1801
1585,23468,169,reads_2424,20298_3_26
1586,29724,1178,reads_2425,UMGS1600
1587,26140,2072,reads_2426,UMGS595
1588,25782,75,reads_2427,13470_2_81
1589,27946,1193,reads_2428,UMGS1614
1590,35328,22,reads_2429,12718_7_51
1591,27662,2067,reads_2430,UMGS589
1592,31087,1674,reads_243,UMGS2076
1593,36565,523,reads_2431,GCF_900021165
1594,28879,314,reads_2432,GCF_000166035
1595,24187,276,reads_2433,GCF_000158235
1596,30868,2435,reads_2434,UMGS937
1597,27444,1358,reads_2435,UMGS1767
1598,19757,414,reads_2436,GCF_000382465
1599,26866,2365,reads_2437,UMGS872
1600,23384,1966,reads_2438,UMGS489
1601,25403,150,reads_2439,20298_2_3
1602,27648,1310,reads_2440,UMGS1721
1603,26112,1027,reads_244,UMGS1453
1604,26602,1288,reads_2441,UMGS1701
1605,32580,363,reads_2442,GCF_000238615
1606,27532,765,reads_2443,UMGS1201
1607,29768,97,reads_2444,14207_7_50
1608,30573,1123,reads_2445,UMGS1548
1609,28010,2172,reads_2446,UMGS68
1610,29028,1793,reads_2447,UMGS321
1611,22822,786,reads_2448,UMGS1221
1612,32094,467,reads_2449,GCF_000826065
1613,34325,267,reads_2450,GCF_000157035
1614,29678,1239,reads_245,UMGS1657
1615,26812,2042,reads_2451,UMGS565
1616,24452,1382,reads_2452,UMGS178
1617,25185,2453,reads_2453,UMGS954
1618,27610,1262,reads_2454,UMGS1678
1619,25278,1062,reads_2455,UMGS1487
1620,26922,580,reads_2456,UMGS1026
1621,33106,1104,reads_2457,UMGS1529
1622,28936,737,reads_2458,UMGS1175
1623,24367,205,reads_2459,21673_4_38
1624,26718,454,reads_2460,GCF_000741205
1625,27792,1151,reads_246,UMGS1573
1626,29316,2401,reads_2461,UMGS904
1627,27342,1985,reads_2462,UMGS506
1628,28477,1706,reads_2463,UMGS237
1629,33956,517,reads_2464,GCF_001487125
1630,29466,1783,reads_2465,UMGS312
1631,29430,2251,reads_2466,UMGS765
1632,35757,1008,reads_2467,UMGS1436
1633,26928,2074,reads_2468,UMGS597
1634,29362,920,reads_2469,UMGS134
1635,29720,2329,reads_2470,UMGS839
1636,26193,1471,reads_247,UMGS1880
1637,26779,1807,reads_2471,UMGS335
1638,28869,310,reads_2472,GCF_000163735
1639,33262,193,reads_2473,20298_3_81
1640,23560,209,reads_2474,21673_4_53
1641,30659,2377,reads_2475,UMGS883
1642,18841,537,reads_2476,GCF_900086655
1643,29876,1050,reads_2477,UMGS1475
1644,28963,960,reads_2478,UMGS1388
1645,32464,1391,reads_2479,UMGS1799
1646,31336,777,reads_2480,UMGS1212
1647,26220,2439,reads_248,UMGS940
1648,28218,1464,reads_2481,UMGS1873
1649,26262,2504,reads_2482,UMGS9
1650,30964,214,reads_2483,21673_4_80
1651,33609,335,reads_2484,GCF_000191845
1652,27549,2095,reads_2485,UMGS619
1653,29579,578,reads_2486,UMGS1024
1654,28036,616,reads_2487,UMGS1061
1655,25834,1386,reads_2488,UMGS1794
1656,25507,278,reads_2489,GCF_000158295
1657,29632,1757,reads_2490,UMGS289
1658,28782,337,reads_249,GCF_000195635
1659,27992,2160,reads_2491,UMGS678
1660,32652,79,reads_2492,14207_6_11
1661,27244,1515,reads_2493,UMGS1923
1662,27064,1702,reads_2494,UMGS233
1663,18834,440,reads_2495,GCF_000478505
1664,25756,2147,reads_2496,UMGS666
1665,28762,1470,reads_2497,UMGS187
1666,29750,153,reads_2498,20298_2_4
1667,25468,1362,reads_2499,UMGS1771
1668,28975,1932,reads_2500,UMGS458
1669,22777,213,reads_250,21673_4_77
1670,30570,1273,reads_2501,UMGS1689
1671,30706,1326,reads_2502,UMGS1738
1672,26966,602,reads_2503,UMGS1048
1673,26826,1935,reads_2504,UMGS460
1674,27684,1891,reads_25,UMGS418
1675,32148,563,reads_251,UMGS1010
1676,28292,1848,reads_252,UMGS378
1677,30317,1945,reads_253,UMGS46
1678,25906,1232,reads_254,UMGS164
1679,30320,542,reads_255,GCF_900091705
1680,30085,640,reads_256,UMGS1084
1681,28896,2171,reads_257,UMGS689
1682,27029,1190,reads_258,UMGS1611
1683,29664,867,reads_259,UMGS12
1684,29363,1079,reads_260,UMGS1501
1685,27309,1110,reads_26,UMGS1534
1686,20622,68,reads_261,13470_2_65
1687,30459,1299,reads_262,UMGS1711
1688,31929,456,reads_263,GCF_000751555
1689,26436,1412,reads_264,UMGS1820
1690,28453,354,reads_265,GCF_000231275
1691,33299,1729,reads_266,UMGS260
1692,23598,2444,reads_267,UMGS945
1693,27948,713,reads_268,UMGS1153
1694,27761,774,reads_269,UMGS120
1695,26842,631,reads_270,UMGS1075
1696,26494,2311,reads_27,UMGS820
1697,24884,1400,reads_271,UMGS1808
1698,24765,481,reads_272,GCF_001182045
1699,28895,1212,reads_273,UMGS1631
1700,31178,1947,reads_274,UMGS471
1701,26513,389,reads_275,GCF_000297775
1702,26668,645,reads_276,UMGS1089
1703,28675,1440,reads_277,UMGS1848
1704,30135,1244,reads_278,UMGS1661
1705,19613,1750,reads_279,UMGS282
1706,28662,130,reads_280,18391_1_7
1707,26549,300,reads_28,GCF_000160595
1708,30825,1237,reads_281,UMGS1654
1709,29396,2279,reads_282,UMGS792
1710,31305,272,reads_283,GCF_000158055
1711,28399,329,reads_284,GCF_000187265
1712,29723,1698,reads_285,UMGS22
1713,27271,747,reads_286,UMGS1185
1714,26552,1552,reads_287,UMGS1959
1715,26558,2212,reads_288,UMGS727
1716,33389,131,reads_289,20287_6_18
1717,26203,297,reads_290,GCF_000159975
1718,30497,1875,reads_29,UMGS402
1719,33042,1689,reads_291,UMGS21
1720,30110,1873,reads_292,UMGS400
1721,28948,707,reads_293,UMGS1146
1722,29232,2483,reads_294,UMGS981
1723,24802,1180,reads_295,UMGS1602
1724,25400,1836,reads_296,UMGS365
1725,30626,2053,reads_297,UMGS576
1726,27216,1234,reads_298,UMGS1651
1727,25457,239,reads_299,GCF_000154465
1728,28507,1458,reads_300,UMGS1868
1729,28657,32,reads_30,12718_7_89
1730,30120,2125,reads_301,UMGS646
1731,26958,475,reads_302,GCF_001025155
1732,31036,1593,reads_303,UMGS1
1733,24436,1732,reads_304,UMGS263
1734,24584,2338,reads_305,UMGS847
1735,24719,351,reads_306,GCF_000225705
1736,27000,2092,reads_307,UMGS616
1737,24439,1883,reads_308,UMGS410
1738,31209,1984,reads_309,UMGS505
1739,22739,519,reads_3,GCF_001517625
1740,27082,894,reads_310,UMGS1324
1741,28666,458,reads_31,GCF_000752035
1742,30088,1049,reads_311,UMGS1474
1743,25344,2226,reads_312,UMGS740
1744,28418,607,reads_313,UMGS1052
1745,25466,1159,reads_314,UMGS1580
1746,28175,1013,reads_315,UMGS1440
1747,30458,2206,reads_316,UMGS721
1748,29699,1407,reads_317,UMGS1816
1749,27340,1958,reads_318,UMGS481
1750,25776,714,reads_319,UMGS1154
1751,28309,718,reads_320,UMGS1158
1752,26242,876,reads_32,UMGS1308
1753,24690,417,reads_321,GCF_000411235
1754,27151,1616,reads_322,UMGS2021
1755,29404,43,reads_323,13414_6_24
1756,28206,1772,reads_324,UMGS302
1757,31164,1215,reads_325,UMGS1634
1758,28012,604,reads_326,UMGS104
1759,26887,76,reads_327,13470_2_91
1760,25584,892,reads_328,UMGS1322
1761,28946,2232,reads_329,UMGS746
1762,32089,2463,reads_330,UMGS963
1763,19155,1678,reads_33,UMGS208
1764,22846,1719,reads_331,UMGS250
1765,27805,961,reads_332,UMGS1389
1766,25136,319,reads_333,GCF_000173355
1767,30484,588,reads_334,UMGS1034
1768,29161,123,reads_335,18048_1_93
1769,29372,1465,reads_336,UMGS1874
1770,26122,2056,reads_337,UMGS579
1771,28437,858,reads_338,UMGS1291
1772,25580,1143,reads_339,UMGS1566
1773,28006,1741,reads_340,UMGS274
1774,29828,1172,reads_34,UMGS1595
1775,29562,798,reads_341,UMGS1233
1776,29238,1901,reads_342,UMGS427
1777,30668,2044,reads_343,UMGS567
1778,28001,878,reads_344,UMGS130
1779,27152,1992,reads_345,UMGS513
1780,28784,1380,reads_346,UMGS1788
1781,26260,906,reads_347,UMGS1336
1782,28365,1246,reads_348,UMGS1663
1783,30726,1822,reads_349,UMGS352
1784,29619,1474,reads_350,UMGS1883
1785,27393,2353,reads_35,UMGS860
1786,31080,594,reads_351,UMGS1040
1787,25958,1296,reads_352,UMGS1709
1788,28306,2152,reads_353,UMGS670
1789,24192,46,reads_354,13414_6_33
1790,26721,1396,reads_355,UMGS1802
1791,25184,2037,reads_356,UMGS55
1792,34060,368,reads_357,GCF_000238735
1793,28354,1857,reads_358,UMGS386
1794,27086,2403,reads_359,UMGS906
1795,26517,1672,reads_360,UMGS2074
1796,27455,800,reads_36,UMGS1235
1797,27518,576,reads_361,UMGS1022
1798,27104,495,reads_362,GCF_001368835
1799,25239,1481,reads_363,UMGS1891
1800,35762,513,reads_364,GCF_001486505
1801,27337,710,reads_365,UMGS1149
1802,24256,374,reads_366,GCF_000242435
1803,29172,2328,reads_367,UMGS838
1804,29089,2113,reads_368,UMGS635
1805,32632,2349,reads_369,UMGS857
1806,32752,202,reads_370,21673_4_33
1807,29256,1803,reads_37,UMGS331
1808,25320,869,reads_371,UMGS1301
1809,25568,2285,reads_372,UMGS798
1810,26154,877,reads_373,UMGS1309
1811,24078,1095,reads_374,UMGS151
1812,25140,277,reads_375,GCF_000158275
1813,31688,1024,reads_376,UMGS1450
1814,26708,1819,reads_377,UMGS349
1815,23077,2493,reads_378,UMGS990
1816,28014,910,reads_379,UMGS133
1817,26095,2077,reads_380,UMGS59
1818,26600,989,reads_38,UMGS1418
1819,29363,1886,reads_381,UMGS413
1820,21099,801,reads_382,UMGS1236
1821,29206,2127,reads_383,UMGS648
1822,25828,1928,reads_384,UMGS454
1823,26664,1828,reads_385,UMGS358
1824,26840,148,reads_386,20298_2_31
1825,25368,2296,reads_387,UMGS807
1826,23519,1813,reads_388,UMGS341
1827,31348,465,reads_389,GCF_000821085
1828,25679,625,reads_390,UMGS106
1829,28190,2273,reads_39,UMGS787
1830,30820,621,reads_391,UMGS1066
1831,26081,1626,reads_392,UMGS2031
1832,27840,852,reads_393,UMGS1286
1833,29734,1425,reads_394,UMGS1834
1834,33015,190,reads_395,20298_3_69
1835,22865,1241,reads_396,UMGS1659
1836,26873,2031,reads_397,UMGS552
1837,24404,2278,reads_398,UMGS791
1838,25507,23,reads_399,12718_7_56
1839,28092,1594,reads_400,UMGS2000
1840,24101,285,reads_40,GCF_000158495
1841,29464,2135,reads_401,UMGS655
1842,31744,1221,reads_402,UMGS163
1843,30016,1644,reads_403,UMGS2049
1844,25970,1565,reads_404,UMGS1972
1845,27553,874,reads_405,UMGS1306
1846,25626,2191,reads_406,UMGS708
1847,29559,1960,reads_407,UMGS483
1848,23132,125,reads_408,18048_2_67
1849,30064,1927,reads_409,UMGS453
1850,26694,1305,reads_4,UMGS1717
1851,26097,2397,reads_410,UMGS900
1852,28476,1257,reads_41,UMGS1673
1853,23181,47,reads_411,13414_6_34
1854,23904,259,reads_412,GCF_000156055
1855,27405,2391,reads_413,UMGS896
1856,36386,1738,reads_414,UMGS271
1857,28212,1019,reads_415,UMGS1446
1858,31583,194,reads_416,20298_3_8
1859,27323,283,reads_417,GCF_000158455
1860,27746,2287,reads_418,UMGS79
1861,26864,1861,reads_419,UMGS38
1862,28992,2240,reads_420,UMGS754
1863,28356,1238,reads_42,UMGS1656
1864,31052,1580,reads_421,UMGS1987
1865,30564,2291,reads_422,UMGS802
1866,30041,2495,reads_423,UMGS992
1867,27067,2392,reads_424,UMGS897
1868,29770,1096,reads_425,UMGS1520
1869,27574,203,reads_426,21673_4_36
1870,33221,62,reads_427,13414_6_68
1871,29568,1536,reads_428,UMGS1942
1872,29175,999,reads_429,UMGS1428
1873,29545,399,reads_430,GCF_000312125
1874,26815,742,reads_43,UMGS1180
1875,27546,1618,reads_431,UMGS2023
1876,26360,2442,reads_432,UMGS943
1877,30422,315,reads_433,GCF_000169015
1878,27920,1665,reads_434,UMGS2068
1879,29122,216,reads_435,21673_4_91
1880,28022,357,reads_436,GCF_000233955
1881,25227,280,reads_437,GCF_000158375
1882,31492,159,reads_438,20298_3_12
1883,28347,2395,reads_439,UMGS89
1884,31121,371,reads_440,GCF_000239335
1885,29266,325,reads_44,GCF_000185705
1886,29696,2415,reads_441,UMGS917
1887,26055,2143,reads_442,UMGS662
1888,29084,1152,reads_443,UMGS1574
1889,29896,1724,reads_444,UMGS255
1890,26613,2332,reads_445,UMGS841
1891,29601,1144,reads_446,UMGS1567
1892,31115,395,reads_447,GCF_000311925
1893,30242,1577,reads_448,UMGS1984
1894,25030,497,reads_449,GCF_001375555
1895,28290,1653,reads_450,UMGS2057
1896,36149,141,reads_45,20287_6_9
1897,30409,555,reads_451,UMGS1003
1898,27751,1413,reads_452,UMGS1821
1899,30158,827,reads_453,UMGS1262
1900,26110,1687,reads_454,UMGS218
1901,29963,1267,reads_455,UMGS1683
1902,31584,1268,reads_456,UMGS1684
1903,25154,2272,reads_457,UMGS786
1904,23939,769,reads_458,UMGS1205
1905,30848,886,reads_459,UMGS1317
1906,28590,2124,reads_460,UMGS645
1907,24681,271,reads_46,GCF_000157995
1908,27273,1292,reads_461,UMGS1705
1909,25464,2009,reads_462,UMGS530
1910,29547,210,reads_463,21673_4_55
1911,30664,1722,reads_464,UMGS253
1912,29283,2039,reads_465,UMGS561
1913,26442,1987,reads_466,UMGS509
1914,31058,391,reads_467,GCF_000308055
1915,28544,893,reads_468,UMGS1323
1916,25071,1967,reads_469,UMGS48
1917,28650,2431,reads_470,UMGS932
1918,30387,727,reads_47,UMGS1166
1919,25767,1510,reads_471,UMGS1918
1920,28156,1279,reads_472,UMGS1694
1921,26899,1250,reads_473,UMGS1667
1922,25881,775,reads_474,UMGS1210
1923,32862,20,reads_475,12718_7_49
1924,26205,831,reads_476,UMGS1266
1925,27591,586,reads_477,UMGS1032
1926,28754,1953,reads_478,UMGS477
1927,28500,763,reads_479,UMGS11
1928,30586,505,reads_480,GCF_001435665
1929,28395,1357,reads_48,UMGS1766
1930,19671,2126,reads_481,UMGS647
1931,28005,943,reads_482,UMGS1372
1932,28550,1295,reads_483,UMGS1708
1933,31799,2035,reads_484,UMGS558
1934,27374,2187,reads_485,UMGS704
1935,27092,767,reads_486,UMGS1203
1936,25440,722,reads_487,UMGS1161
1937,30638,684,reads_488,UMGS1125
1938,29924,1222,reads_489,UMGS1640
1939,26392,759,reads_490,UMGS1197
1940,24543,39,reads_49,13414_6_14
1941,28360,1663,reads_491,UMGS2066
1942,25595,493,reads_492,GCF_001299475
1943,27622,536,reads_493,GCF_900086625
1944,30007,393,reads_494,GCF_000311845
1945,34959,435,reads_495,GCF_000466385
1946,29262,2354,reads_496,UMGS861
1947,24321,826,reads_497,UMGS1260
1948,32344,1825,reads_498,UMGS355
1949,28502,471,reads_499,GCF_000829905
1950,28183,6,reads_500,12718_7_13
1951,24938,1018,reads_50,UMGS1445
1952,29445,352,reads_501,GCF_000227195
1953,29977,1379,reads_502,UMGS1787
1954,26928,1870,reads_503,UMGS399
1955,31175,1682,reads_504,UMGS212
1956,28057,1564,reads_505,UMGS1971
1957,26459,40,reads_506,13414_6_15
1958,28653,1148,reads_507,UMGS1570
1959,25102,268,reads_508,GCF_000157915
1960,27372,2184,reads_509,UMGS700
1961,30762,1211,reads_5,UMGS1630
1962,29231,674,reads_510,UMGS1116
1963,28416,2406,reads_51,UMGS909
1964,27216,55,reads_511,13414_6_49
1965,26424,1419,reads_512,UMGS1828
1966,27760,1659,reads_513,UMGS2062
1967,26761,2102,reads_514,UMGS625
1968,28767,581,reads_515,UMGS1027
1969,27564,868,reads_516,UMGS1300
1970,33569,180,reads_517,20298_3_4
1971,31110,559,reads_518,UMGS1007
1972,27983,1197,reads_519,UMGS1618
1973,26876,1247,reads_520,UMGS1664
1974,29204,1448,reads_52,UMGS1858
1975,29439,289,reads_521,GCF_000159215
1976,26748,784,reads_522,UMGS121
1977,25363,482,reads_523,GCF_001182725
1978,29016,1202,reads_524,UMGS1622
1979,30300,320,reads_525,GCF_000173815
1980,30200,44,reads_526,13414_6_2
1981,26640,1492,reads_527,UMGS1901
1982,29728,1373,reads_528,UMGS1781
1983,24669,2326,reads_529,UMGS836
1984,26766,2183,reads_530,UMGS6
1985,29298,985,reads_53,UMGS1414
1986,27531,1489,reads_531,UMGS1899
1987,26530,2222,reads_532,UMGS737
1988,30104,533,reads_533,GCF_900078545
1989,31339,634,reads_534,UMGS1079
1990,31361,241,reads_535,GCF_000154545
1991,23663,2038,reads_536,UMGS560
1992,24921,688,reads_537,UMGS1129
1993,24382,1717,reads_538,UMGS249
1994,29094,1631,reads_539,UMGS2036
1995,32064,270,reads_540,GCF_000157955
1996,27274,1280,reads_54,UMGS1695
1997,31317,591,reads_541,UMGS1037
1998,28172,1921,reads_542,UMGS448
1999,28470,1015,reads_543,UMGS1442
2000,25847,2378,reads_544,UMGS884
2001,29950,850,reads_545,UMGS1284
2002,26213,147,reads_546,20298_2_29
2003,32244,82,reads_547,14207_6_2
2004,26078,1300,reads_548,UMGS1712
2005,31697,816,reads_549,UMGS1251
2006,27684,2407,reads_550,UMGS90
2007,26614,1316,reads_55,UMGS1728
2008,27660,1997,reads_551,UMGS518
2009,28016,1788,reads_552,UMGS317
2010,30892,721,reads_553,UMGS1160
2011,27928,872,reads_554,UMGS1304
2012,29371,1091,reads_555,UMGS1516
2013,27684,848,reads_556,UMGS1281
2014,29120,2201,reads_557,UMGS717
2015,30222,1620,reads_558,UMGS2025
2016,27488,675,reads_559,UMGS1117
2017,22516,387,reads_560,GCF_000285835
2018,29022,804,reads_56,UMGS1239
2019,27847,2411,reads_561,UMGS913
2020,31050,950,reads_562,UMGS1379
2021,29220,1556,reads_563,UMGS1964
2022,35487,334,reads_564,GCF_000190355
2023,28250,2200,reads_565,UMGS716
2024,27991,791,reads_566,UMGS1227
2025,27782,1378,reads_567,UMGS1786
2026,30228,1963,reads_568,UMGS486
2027,27608,252,reads_569,GCF_000155815
2028,27712,1324,reads_570,UMGS1735
2029,31082,2141,reads_57,UMGS660
2030,30338,2486,reads_571,UMGS984
2031,28525,772,reads_572,UMGS1208
2032,28165,1664,reads_573,UMGS2067
2033,27164,342,reads_574,GCF_000209425
2034,30126,544,reads_575,GCF_900095705
2035,33841,1818,reads_576,UMGS347
2036,26427,637,reads_577,UMGS1081
2037,26785,488,reads_578,GCF_001244735
2038,25558,1164,reads_579,UMGS1585
2039,27964,2138,reads_580,UMGS658
2040,28981,520,reads_58,GCF_001517665
2041,23104,833,reads_581,UMGS1268
2042,29412,1387,reads_582,UMGS1795
2043,27480,614,reads_583,UMGS1059
2044,25036,859,reads_584,UMGS1292
2045,29240,1919,reads_585,UMGS446
2046,30800,1025,reads_586,UMGS1451
2047,26254,2150,reads_587,UMGS669
2048,27990,1449,reads_588,UMGS1859
2049,28000,1581,reads_589,UMGS1988
2050,26300,2144,reads_590,UMGS663
2051,28257,2179,reads_59,UMGS697
2052,29118,1648,reads_591,UMGS2052
2053,30585,746,reads_592,UMGS1184
2054,27803,1589,reads_593,UMGS1995
2055,29277,1182,reads_594,UMGS1604
2056,26194,662,reads_595,UMGS1105
2057,31372,2318,reads_596,UMGS827
2058,27844,1670,reads_597,UMGS2072
2059,27642,2269,reads_598,UMGS783
2060,29714,980,reads_599,UMGS1408
2061,27580,1624,reads_600,UMGS2029
2062,30138,2390,reads_60,UMGS895
2063,26238,2402,reads_601,UMGS905
2064,25978,553,reads_602,UMGS1001
2065,27749,397,reads_603,GCF_000312045
2066,28856,1071,reads_604,UMGS1495
2067,29959,1884,reads_605,UMGS411
2068,26896,543,reads_606,GCF_900092335
2069,30193,2234,reads_607,UMGS749
2070,30474,2491,reads_608,UMGS989
2071,27343,1986,reads_609,UMGS508
2072,24151,336,reads_6,GCF_000192165
2073,29694,600,reads_610,UMGS1046
2074,23340,2097,reads_61,UMGS620
2075,27758,2198,reads_611,UMGS714
2076,27330,655,reads_612,UMGS1099
2077,27030,2000,reads_613,UMGS520
2078,25988,1720,reads_614,UMGS251
2079,31948,2465,reads_615,UMGS965
2080,29566,2204,reads_616,UMGS71
2081,29853,1381,reads_617,UMGS1789
2082,25011,58,reads_618,13414_6_58
2083,25393,2012,reads_619,UMGS533
2084,30964,407,reads_620,GCF_000321165
2085,27828,1537,reads_62,UMGS1943
2086,28773,1344,reads_621,UMGS1754
2087,26018,1331,reads_622,UMGS1742
2088,26549,274,reads_623,GCF_000158195
2089,31176,584,reads_624,UMGS1030
2090,28684,2208,reads_625,UMGS723
2091,33763,127,reads_626,18048_2_85
2092,26266,1068,reads_627,UMGS1492
2093,25082,806,reads_628,UMGS1242
2094,29882,2400,reads_629,UMGS903
2095,29395,2129,reads_630,UMGS64
2096,27168,1070,reads_63,UMGS1494
2097,31394,1574,reads_631,UMGS1981
2098,25600,451,reads_632,GCF_000582785
2099,26160,787,reads_633,UMGS1222
2100,29621,2496,reads_634,UMGS993
2101,30980,2122,reads_635,UMGS643
2102,26302,1121,reads_636,UMGS1546
2103,28769,18,reads_637,12718_7_46
2104,28498,680,reads_638,UMGS1121
2105,32883,2196,reads_639,UMGS712
2106,31318,901,reads_640,UMGS1330
2107,25736,1810,reads_64,UMGS339
2108,29996,1555,reads_641,UMGS1963
2109,21419,794,reads_642,UMGS122
2110,30662,531,reads_643,GCF_900078195
2111,29602,416,reads_644,GCF_000403725
2112,28512,837,reads_645,UMGS1271
2113,31148,1420,reads_646,UMGS1829
2114,25376,1314,reads_647,UMGS1726
2115,25564,2164,reads_648,UMGS682
2116,25011,608,reads_649,UMGS1053
2117,26256,1559,reads_650,UMGS1967
2118,26292,496,reads_65,GCF_001375495
2119,27599,1955,reads_651,UMGS479
2120,25016,1432,reads_652,UMGS1840
2121,27153,1082,reads_653,UMGS1505
2122,26402,909,reads_654,UMGS1339
2123,25348,2099,reads_655,UMGS622
2124,22601,964,reads_656,UMGS1391
2125,31710,2224,reads_657,UMGS739
2126,29328,468,reads_658,GCF_000826085
2127,30235,923,reads_659,UMGS1352
2128,25821,2339,reads_660,UMGS848
2129,27724,955,reads_66,UMGS1383
2130,33119,126,reads_661,18048_2_82
2131,25989,1360,reads_662,UMGS1769
2132,31128,711,reads_663,UMGS1151
2133,30700,900,reads_664,UMGS132
2134,26719,2088,reads_665,UMGS610
2135,28474,660,reads_666,UMGS1103
2136,29060,1639,reads_667,UMGS2043
2137,26139,2032,reads_668,UMGS553
2138,28607,2005,reads_669,UMGS526
2139,29411,1528,reads_670,UMGS1935
2140,28131,1658,reads_67,UMGS2061
2141,28762,2277,reads_671,UMGS790
2142,28846,1588,reads_672,UMGS1994
2143,24892,221,reads_673,8080_1_78
2144,29493,404,reads_674,GCF_000321005
2145,27706,2429,reads_675,UMGS930
2146,27638,2132,reads_676,UMGS652
2147,25624,2227,reads_677,UMGS741
2148,24521,275,reads_678,GCF_000158215
2149,25749,1003,reads_679,UMGS1431
2150,31580,162,reads_680,20298_3_17
2151,26866,2268,reads_68,UMGS782
2152,31442,1048,reads_681,UMGS1473
2153,29824,1067,reads_682,UMGS1491
2154,26584,2046,reads_683,UMGS569
2155,31369,90,reads_684,14207_7_27
2156,24962,648,reads_685,UMGS1092
2157,25578,929,reads_686,UMGS1358
2158,31162,653,reads_687,UMGS1097
2159,25096,977,reads_688,UMGS1405
2160,29053,2089,reads_689,UMGS611
2161,30988,1349,reads_690,UMGS1759
2162,30551,2083,reads_69,UMGS605
2163,30334,1077,reads_691,UMGS14
2164,23134,279,reads_692,GCF_000158315
2165,30790,755,reads_693,UMGS1192
2166,27457,1579,reads_694,UMGS1986
2167,26872,807,reads_695,UMGS1243
2168,29304,2422,reads_696,UMGS923
2169,29174,1853,reads_697,UMGS382
2170,26625,1647,reads_698,UMGS2051
2171,28828,1771,reads_699,UMGS301
2172,26228,1504,reads_700,UMGS1912
2173,28582,2314,reads_70,UMGS823
2174,24644,96,reads_701,14207_7_43
2175,34069,295,reads_702,GCF_000159855
2176,32604,2162,reads_703,UMGS680
2177,26908,449,reads_704,GCF_000527295
2178,25433,1754,reads_705,UMGS286
2179,25428,2265,reads_706,UMGS77
2180,29984,167,reads_707,20298_3_24
2181,27202,1277,reads_708,UMGS1692
2182,23597,403,reads_709,GCF_000320405
2183,27548,1272,reads_7,UMGS1688
2184,26310,2309,reads_710,UMGS819
2185,28083,1602,reads_71,UMGS2008
2186,28818,1363,reads_711,UMGS1772
2187,29154,2106,reads_712,UMGS629
2188,28215,1334,reads_713,UMGS1745
2189,30225,1264,reads_714,UMGS1680
2190,27841,1617,reads_715,UMGS2022
2191,27046,2247,reads_716,UMGS761
2192,28593,1911,reads_717,UMGS438
2193,25596,171,reads_718,20298_3_2
2194,26470,1372,reads_719,UMGS1780
2195,23495,2180,reads_720,UMGS698
2196,29967,1540,reads_72,UMGS1946
2197,27633,1483,reads_721,UMGS1893
2198,32053,52,reads_722,13414_6_43
2199,28932,1075,reads_723,UMGS1499
2200,28593,91,reads_724,14207_7_28
2201,31576,133,reads_725,20287_6_33
2202,26802,1320,reads_726,UMGS1731
2203,24834,165,reads_727,20298_3_1
2204,25844,1321,reads_728,UMGS1732
2205,30526,2096,reads_729,UMGS61
2206,29391,1482,reads_730,UMGS1892
2207,25211,2478,reads_73,UMGS977
2208,29868,1200,reads_731,UMGS1620
2209,27919,1811,reads_732,UMGS33
2210,26758,1196,reads_733,UMGS1617
2211,31256,2494,reads_734,UMGS991
2212,29084,1478,reads_735,UMGS1889
2213,30886,2405,reads_736,UMGS908
2214,28506,1988,reads_737,UMGS50
2215,26967,873,reads_738,UMGS1305
2216,30837,2167,reads_739,UMGS685
2217,27150,1996,reads_740,UMGS517
2218,26042,644,reads_74,UMGS1088
2219,24793,1728,reads_741,UMGS259
2220,20002,273,reads_742,GCF_000158075
2221,28350,2449,reads_743,UMGS94
2222,29984,1838,reads_744,UMGS367
2223,28695,2347,reads_745,UMGS855
2224,19025,156,reads_746,20298_2_67
2225,28644,1115,reads_747,UMGS153
2226,27294,1779,reads_748,UMGS309
2227,28670,836,reads_749,UMGS1270
2228,25581,605,reads_750,UMGS1050
2229,27893,1923,reads_75,UMGS44
2230,25442,1415,reads_751,UMGS1823
2231,26878,1112,reads_752,UMGS1537
2232,27395,2263,reads_753,UMGS777
2233,27042,1869,reads_754,UMGS398
2234,27699,1686,reads_755,UMGS216
2235,26658,666,reads_756,UMGS1109
2236,27660,2195,reads_757,UMGS711
2237,26533,1446,reads_758,UMGS1855
2238,30018,1970,reads_759,UMGS492
2239,32384,145,reads_760,20298_2_23
2240,29050,186,reads_76,20298_3_63
2241,28886,1837,reads_761,UMGS366
2242,25452,1214,reads_762,UMGS1633
2243,27644,835,reads_763,UMGS126
2244,27429,2337,reads_764,UMGS846
2245,29970,431,reads_765,GCF_000438455
2246,30489,332,reads_766,GCF_000188195
2247,26774,1549,reads_767,UMGS1955
2248,24657,182,reads_768,20298_3_57
2249,25644,348,reads_769,GCF_000218405
2250,26779,154,reads_770,20298_2_53
2251,31663,2,reads_77,11861_6_61
2252,36325,266,reads_771,GCF_000157015
2253,25518,1007,reads_772,UMGS1435
2254,26608,934,reads_773,UMGS1364
2255,26488,1107,reads_774,UMGS1531
2256,25377,1006,reads_775,UMGS1434
2257,29684,575,reads_776,UMGS1021
2258,27682,1365,reads_777,UMGS1774
2259,31244,986,reads_778,UMGS1415
2260,31394,1726,reads_779,UMGS257
2261,32222,2300,reads_780,UMGS810
2262,27006,1576,reads_78,UMGS1983
2263,24998,117,reads_781,15841_8_88
2264,24541,73,reads_782,13470_2_77
2265,27308,629,reads_783,UMGS1073
2266,28604,1290,reads_784,UMGS1703
2267,31176,2137,reads_785,UMGS657
2268,28131,1587,reads_786,UMGS1993
2269,29642,421,reads_787,GCF_000411335
2270,28642,234,reads_788,GCF_000153885
2271,29518,672,reads_789,UMGS1114
2272,29453,330,reads_790,GCF_000187895
2273,26988,12,reads_79,12718_7_24
2274,31424,1162,reads_791,UMGS1583
2275,26288,2344,reads_792,UMGS852
2276,34236,256,reads_793,GCF_000155975
2277,29859,1045,reads_794,UMGS1470
2278,27662,857,reads_795,UMGS1290
2279,27802,67,reads_796,13470_2_64
2280,31874,2225,reads_797,UMGS73
2281,26986,2158,reads_798,UMGS676
2282,30164,253,reads_799,GCF_000155855
2283,33973,1297,reads_800,UMGS170
2284,30942,1417,reads_80,UMGS1825
2285,29764,1850,reads_801,UMGS37
2286,24481,199,reads_802,21673_4_18
2287,29476,940,reads_803,UMGS136
2288,28220,974,reads_804,UMGS1402
2289,26975,2169,reads_805,UMGS687
2290,28603,1142,reads_806,UMGS1565
2291,28841,1127,reads_807,UMGS1551
2292,27756,2489,reads_808,UMGS987
2293,25470,515,reads_809,GCF_001486665
2294,28050,884,reads_8,UMGS1315
2295,27008,1893,reads_810,UMGS41
2296,29579,462,reads_81,GCF_000763055
2297,27103,1730,reads_811,UMGS261
2298,26622,25,reads_812,12718_7_70
2299,25906,100,reads_813,14207_7_56
2300,28742,1781,reads_814,UMGS310
2301,27748,1643,reads_815,UMGS2048
2302,29766,2238,reads_816,UMGS752
2303,28040,1066,reads_817,UMGS1490
2304,31968,978,reads_818,UMGS1406
2305,25501,1165,reads_819,UMGS1586
2306,30354,1879,reads_820,UMGS407
2307,28142,2409,reads_82,UMGS911
2308,28882,1302,reads_821,UMGS1714
2309,25340,1703,reads_822,UMGS234
2310,29169,1203,reads_823,UMGS1623
2311,29917,2350,reads_824,UMGS858
2312,28515,681,reads_825,UMGS1122
2313,27762,1902,reads_826,UMGS428
2314,29342,1169,reads_827,UMGS1590
2315,30050,1322,reads_828,UMGS1733
2316,26312,1885,reads_829,UMGS412
2317,27024,2454,reads_830,UMGS955
2318,30746,1759,reads_83,UMGS291
2319,26220,696,reads_831,UMGS1136
2320,29539,340,reads_832,GCF_000209385
2321,27816,610,reads_833,UMGS1055
2322,29668,2456,reads_834,UMGS957
2323,32296,905,reads_835,UMGS1335
2324,29117,2322,reads_836,UMGS832
2325,30697,889,reads_837,UMGS131
2326,24790,1255,reads_838,UMGS1671
2327,33686,118,reads_839,17138_5_74
2328,26326,2178,reads_840,UMGS696
2329,30654,891,reads_84,UMGS1321
2330,28953,394,reads_841,GCF_000311865
2331,27908,639,reads_842,UMGS1083
2332,25361,534,reads_843,GCF_900083545
2333,30080,1946,reads_844,UMGS470
2334,34917,353,reads_845,GCF_000227255
2335,27917,1201,reads_846,UMGS1621
2336,28932,1641,reads_847,UMGS2045
2337,30810,144,reads_848,20298_2_1
2338,29254,2207,reads_849,UMGS722
2339,29018,453,reads_850,GCF_000723585
2340,28660,2363,reads_85,UMGS870
2341,25652,2254,reads_851,UMGS768
2342,30056,2423,reads_852,UMGS925
2343,30327,1224,reads_853,UMGS1642
2344,26775,1494,reads_854,UMGS1903
2345,30588,1758,reads_855,UMGS290
2346,28118,331,reads_856,GCF_000188175
2347,27189,187,reads_857,20298_3_64
2348,28598,658,reads_858,UMGS1101
2349,27000,1529,reads_859,UMGS1936
2350,29498,1785,reads_860,UMGS314
2351,26474,1864,reads_86,UMGS393
2352,27348,2190,reads_861,UMGS707
2353,28587,1469,reads_862,UMGS1879
2354,30294,93,reads_863,14207_7_32
2355,23972,120,reads_864,18048_1_69
2356,26742,1691,reads_865,UMGS221
2357,24737,646,reads_866,UMGS108
2358,27240,1765,reads_867,UMGS297
2359,26750,1755,reads_868,UMGS287
2360,25872,2217,reads_869,UMGS732
2361,27314,748,reads_870,UMGS1186
2362,21791,346,reads_87,GCF_000218325
2363,26243,8,reads_871,12718_7_15
2364,33389,838,reads_872,UMGS1272
2365,30764,257,reads_873,GCF_000155995
2366,29025,729,reads_874,UMGS1168
2367,26181,1535,reads_875,UMGS1941
2368,31852,2021,reads_876,UMGS541
2369,26165,1281,reads_877,UMGS1696
2370,30976,976,reads_878,UMGS1404
2371,28609,69,reads_879,13470_2_67
2372,25630,1965,reads_880,UMGS488
2373,33853,74,reads_88,13470_2_78
2374,28111,1283,reads_881,UMGS1698
2375,28232,1231,reads_882,UMGS1649
2376,27011,1026,reads_883,UMGS1452
2377,27286,720,reads_884,UMGS115
2378,29080,1017,reads_885,UMGS1444
2379,25282,1374,reads_886,UMGS1782
2380,28345,949,reads_887,UMGS1378
2381,26962,1120,reads_888,UMGS1545
2382,25802,1439,reads_889,UMGS1847
2383,24696,1697,reads_890,UMGS229
2384,28513,291,reads_89,GCF_000159415
2385,29372,782,reads_891,UMGS1217
2386,28248,1370,reads_892,UMGS1779
2387,26310,649,reads_893,UMGS1093
2388,31688,1298,reads_894,UMGS1710
2389,32326,1791,reads_895,UMGS31
2390,28804,2045,reads_896,UMGS568
2391,26116,813,reads_897,UMGS1249
2392,32124,2321,reads_898,UMGS830
2393,26708,691,reads_899,UMGS1131
2394,27318,598,reads_900,UMGS1044
2395,32325,87,reads_90,14207_7_1
2396,30540,2480,reads_901,UMGS979
2397,26163,917,reads_902,UMGS1347
2398,24728,258,reads_903,GCF_000156015
2399,29822,2004,reads_904,UMGS525
2400,30435,1548,reads_905,UMGS1954
2401,30366,2114,reads_906,UMGS636
2402,24191,1368,reads_907,UMGS1777
2403,27481,2384,reads_908,UMGS88
2404,29015,1526,reads_909,UMGS1933
2405,29368,682,reads_9,UMGS1123
2406,26475,550,reads_910,GCF_900095875
2407,24147,60,reads_91,13414_6_66
2408,33221,778,reads_911,UMGS1213
2409,29414,757,reads_912,UMGS1195
2410,28632,2304,reads_913,UMGS814
2411,32132,2355,reads_914,UMGS863
2412,28128,704,reads_915,UMGS1143
2413,31436,956,reads_916,UMGS1384
2414,30253,251,reads_917,GCF_000155515
2415,31832,760,reads_918,UMGS1198
2416,26801,864,reads_919,UMGS1297
2417,27309,2358,reads_920,UMGS866
2418,30714,839,reads_92,UMGS1273
2419,30242,307,reads_921,GCF_000162235
2420,27565,198,reads_922,21673_4_12
2421,27927,1621,reads_923,UMGS2026
2422,27777,1275,reads_924,UMGS1690
2423,29743,1009,reads_925,UMGS1437
2424,26585,1444,reads_926,UMGS1852
2425,26108,1941,reads_927,UMGS466
2426,30486,2176,reads_928,UMGS693
2427,34402,362,reads_929,GCF_000238035
2428,27204,2103,reads_930,UMGS626
2429,25641,246,reads_93,GCF_000154985
2430,36290,383,reads_931,GCF_000285515
2431,28482,2087,reads_932,UMGS609
2432,29472,313,reads_933,GCF_000165065
2433,27089,2388,reads_934,UMGS893
2434,30329,30,reads_935,12718_7_84
2435,28698,2173,reads_936,UMGS690
2436,28636,1795,reads_937,UMGS323
2437,28677,1187,reads_938,UMGS1609
2438,27368,1630,reads_939,UMGS2035
2439,27814,925,reads_940,UMGS1354
2440,29394,1010,reads_94,UMGS1438
2441,26366,1680,reads_941,UMGS20
2442,26645,1375,reads_942,UMGS1783
2443,31680,953,reads_943,UMGS1381
2444,23368,174,reads_944,20298_3_35
2445,21883,480,reads_945,GCF_001078425
2446,29176,2218,reads_946,UMGS733
2447,29598,2030,reads_947,UMGS551
2448,26040,299,reads_948,GCF_000160575
2449,26077,907,reads_949,UMGS1337
2450,25095,369,reads_950,GCF_000238755
2451,26844,1317,reads_95,UMGS1729
2452,31264,1976,reads_951,UMGS499
2453,29979,1989,reads_952,UMGS510
2454,32111,21,reads_953,12718_7_50
2455,26742,973,reads_954,UMGS1401
2456,26224,1263,reads_955,UMGS167
2457,27078,1163,reads_956,UMGS1584
2458,27405,1522,reads_957,UMGS192
2459,22811,1500,reads_958,UMGS1909
2460,24976,779,reads_959,UMGS1214
2461,23747,1833,reads_960,UMGS362
2462,25098,2469,reads_96,UMGS969
2463,26259,1052,reads_961,UMGS1477
2464,32718,19,reads_962,12718_7_47
2465,29862,1307,reads_963,UMGS1719
2466,28480,1862,reads_964,UMGS390
2467,28593,1220,reads_965,UMGS1639
2468,27384,1150,reads_966,UMGS1572
2469,27736,1770,reads_967,UMGS300
2470,28868,1039,reads_968,UMGS1465
2471,30886,292,reads_969,GCF_000159455
2472,22678,487,reads_970,GCF_001244495
2473,25728,762,reads_97,UMGS119
2474,26376,738,reads_971,UMGS1177
2475,31713,108,reads_972,14207_7_87
2476,27474,1865,reads_973,UMGS394
2477,19060,1205,reads_974,UMGS1625
2478,29338,1954,reads_975,UMGS478
2479,23545,402,reads_976,GCF_000315485
2480,26457,2298,reads_977,UMGS809
2481,32573,53,reads_978,13414_6_44
2482,26010,1174,reads_979,UMGS1597
2483,29396,1454,reads_980,UMGS1863
2484,30564,143,reads_98,20298_2_19
2485,26582,805,reads_981,UMGS1241
2486,25562,2085,reads_982,UMGS607
2487,26228,1312,reads_983,UMGS1724
2488,29021,177,reads_984,20298_3_39
2489,33553,1745,reads_985,UMGS278
2490,28056,1969,reads_986,UMGS491
2491,30996,1868,reads_987,UMGS397
2492,28304,1782,reads_988,UMGS311
2493,30460,1139,reads_989,UMGS1562
2494,26121,667,reads_990,UMGS110
2495,24700,1977,reads_99,UMGS49
2496,33532,172,reads_991,20298_3_30
2497,32719,2236,reads_992,UMGS750
2498,26744,324,reads_993,GCF_000185345
2499,25582,1715,reads_994,UMGS247
2500,28892,1477,reads_995,UMGS1887
2501,25177,1359,reads_996,UMGS1768
2502,30242,1776,reads_997,UMGS306
2503,28092,2245,reads_998,UMGS75
2504,25102,628,reads_999,UMGS1072
