UMGS2034	2.10146931982			-
GCF_000411335	2.12402356163			-
UMGS1478	1.66455889313			-
UMGS1479	2.4653710037			-
UMGS1476	1.34735047373			-
UMGS1477	1.76591929892			-
UMGS1474	2.12976317706			-
UMGS1475	0.113307175223			-
UMGS1472	1.61529741096			-
UMGS1473	2.57196795227			-
UMGS1470	1.08004379381			-
UMGS1471	1.96764657179			-
UMGS339	1.34595234857			-
GCF_900059565	1.84987434851			-
UMGS331	2.38127908163			-
UMGS333	2.71491376131			-
UMGS332	2.97694912411			-
UMGS335	1.5647686694			-
UMGS334	0.884492203493			-
UMGS337	3.00707910997			-
UMGS1878	0.825285418174			0.0279534534179
UMGS1879	0.198030713123			-
UMGS1872	2.48631763409			-
UMGS1873	1.21315968278			-
UMGS1870	1.72603486803			-
UMGS1871	1.01085662625			-
UMGS1877	0.108277217012			-
UMGS1874	0			-
UMGS1875	2.00918610987			-
UMGS1285	2.08847488589			-
GCF_000239335	2.53923478763			-
UMGS1274	1.14379502762			-
UMGS204	0.0694403317276			0.0337849589142
UMGS1276	3.48592843938			-
UMGS1277	1.34401539401			-
UMGS1270	0.535893380362			-
UMGS1271	1.74109203552			-
UMGS1272	2.69910261187			-
UMGS1273	2.08106919904			-
GCF_001457795	1.03569771782			-
UMGS1278	1.00938599792			-
UMGS1279	1.79993608875			-
GCF_001282625	1.98878482139			-
GCF_001487105	2.07689214997			-
GCF_001435475	1.54049507902			-
UMGS1140	2.31204370209			-
GCF_000242175	2.53973180551			-
GCF_000751675	2.23312140804			-
UMGS1308	2.33268722465			-
UMGS1309	0.0372730745696			-
UMGS1300	0.311057393381			-
UMGS1301	1.59525269143			-
UMGS1302	1.96894499076			-
UMGS1303	1.16274173228			-
GCF_000159975	3.15735179637			-
UMGS1305	1.59634671088			-
UMGS1306	1.11902284463			-
UMGS1307	1.57498484344			-
UMGS111	1.57652853721			-
UMGS110	1.12081046753			-
UMGS113	1.37922930507			-
UMGS112	1.24842608525			-
UMGS115	2.37343559805			-
GCF_000158195	1.9856252885			-
UMGS117	2.12639027484			-
UMGS116	2.17254775261			-
UMGS119	2.46639577455			-
UMGS118	1.86025359243			-
GCF_000159715	2.27798975687			-
UMGS338	1.39720995874			-
GCF_001244405	2.13285695599			-
GCF_000158375	1.72058310789			-
UMGS652	0.114783630734			-
13414_6_14	2.92459721411			-
UMGS650	1.43770404456			-
GCF_000159375	2.23100784929			-
14207_7_18	2.47524330553			-
UMGS1764	2.24820848427			-
14207_7_10	2.28419897233			-
UMGS657	3.76202240887			-
11861_6_65	2.74180008795			-
GCF_000527275	2.20876221861			-
GCF_000233455	3.19508425751			-
f_20298_2_67	1.1821841696			-
UMGS897	2.09401987533			-
UMGS939	1.62370276741			-
UMGS938	0			-
f_21673_4_55	2.13355499974			-
UMGS935	2.39645494798			-
UMGS934	2.2822710924			-
UMGS933	1.69697706618			-
UMGS932	1.91937933074			-
f_21673_4_53	3.04391082764			-
UMGS930	2.16621898627			-
GCF_001025175	2.49559754518			-
GCF_000153885	2.50651916086			-
GCF_000209425	2.92507866756			-
UMGS741	0.758261523893			-
GCF_001182045	2.23459407058			-
GCF_000218405	2.74154231619			-
13414_6_49	2.46278870632			-
13414_6_47	3.85473638127			-
13414_6_44	3.7930288937			-
GCF_001025195	2.44293969684			-
13414_6_43	2.13307771751			-
13414_6_41	2.82805786626			-
UMGS689	0.184914443994			-
UMGS688	1.29093904256			-
GCF_000312125	1.84682158506			-
UMGS681	2.75028375553			-
GCF_000165065	2.25885113298			-
UMGS683	2.97584678759			-
UMGS682	1.75114513867			-
UMGS685	1.60975927572			-
UMGS684	0.377779674471			0.00171224761498
GCF_900095845	1.73400475235			-
UMGS686	1.19310325629			-
GCF_000285575	1.7047236605			-
GCF_000238755	1.8657863712			-
UMGS2022	1.74317139341			-
UMGS757	2.0104493343			-
UMGS755	1.53368492813			-
UMGS754	1.25300640777			-
UMGS753	1.76293260647			-
GCF_000210095	2.6755212287			-
UMGS751	0			-
UMGS750	2.81976900933			-
UMGS759	2.73781669843			-
UMGS758	2.14588192697			-
UMGS1915	1.78062522865			-
UMGS1914	0.763540700232			0.0133581695427
UMGS1917	1.29381267211			-
f_20287_6_63	2.08890482728			-
UMGS1911	2.46227517071			-
UMGS1910	0.599258058328			-
UMGS1913	0.717521063348			-
UMGS1912	1.91194799913			-
UMGS2023	1.71393868453			-
UMGS79	3.32368344402	control	2.86725260007	0.0237140350178
UMGS78	2.74534936621			-
UMGS1919	1.21190823125			-
UMGS1918	1.74076800354			-
UMGS1049	2.68776335092			-
UMGS1048	2.32027316876			-
UMGS1047	0.498793656241			0.0122983169665
UMGS1046	1.14439789046			-
UMGS1045	1.46064504801			-
UMGS1044	1.64742641311			-
UMGS1043	1.33629902006			-
UMGS1042	1.18957975129			-
UMGS1041	1.34540374245			-
UMGS1040	1.41157947323			-
UMGS2064	0.460918337117			-
UMGS2065	2.8151626828			-
UMGS2066	1.13649502409			-
UMGS2067	3.43882903923			-
GCF_000751555	2.04238823995			-
UMGS1688	1.45596704514			-
UMGS2062	0.93683359678			-
UMGS2063	1.49337313013			-
UMGS1685	1.8734257585			-
UMGS1684	2.26158849941			-
UMGS1687	2.63837492515			-
UMGS1686	1.97515927631			-
UMGS1681	1.6218924778			-
UMGS2069	1.45789074578			-
UMGS1683	0.122563515962			-
UMGS1682	1.95177034599			-
f_20298_3_58	2.39482185004			-
f_20298_3_59	2.78695681603			-
GCF_000195635	4.16588088828			-
UMGS655	1.74264560029			-
GCF_000321165	1.58091896332			-
GCF_000821325	2.19137584044			-
UMGS1275	1.85351195187			-
UMGS207	2.55341874912			-
UMGS1461	2.10427827565			-
UMGS327	0.856266004787			-
UMGS1463	0.840434689965			-
UMGS1462	2.17889024456			-
UMGS1465	1.3677503504			-
UMGS1464	3.19901962707			-
UMGS1467	2.55357055036			-
UMGS1466	2.76361909927			-
UMGS1469	2.37059071944			-
UMGS201	1.54032431528			-
UMGS328	2.5072323758			-
UMGS200	2.57515515902			-
GCF_000155495	1.61082085819			-
UMGS203	1.38933317865			-
UMGS1869	3.0141788867			-
UMGS1868	1.69638765196			-
UMGS1865	2.07010384855			-
UMGS1864	1.49874355859			-
UMGS1867	1.56909187306			-
UMGS1861	1.53872846978			-
UMGS1860	2.06885612641			-
UMGS1863	1.49501146841			-
UMGS1862	0			-
12718_7_72	2.77067260939			-
UMGS209	1.80856969934			-
UMGS208	3.56853902417			-
GCF_001433855	2.01570377566			-
UMGS854	1.30118544303			-
GCF_000411295	2.25947075944			-
UMGS1267	2.13498620415			-
UMGS1266	1.37099014041			-
UMGS1265	2.65859478563			-
UMGS1264	2.37310505425			-
UMGS1263	2.46221281851			-
UMGS1262	0.382262437056			-
UMGS214	2.00135900909			0.0220100647265
UMGS1260	2.50380691991			-
UMGS218	3.65459987091			-
GCF_001486505	2.4885269847			-
GCF_001435665	1.73616411392			-
UMGS1269	2.4038003122			-
UMGS1268	2.95740584962			-
GCF_900119705	2.12455795584			-
UMGS963	2.73221403271			-
UMGS626	2.31238135846			-
UMGS1319	0.343205300843			-
UMGS1318	1.66010183072			-
GCF_001486445	1.44055351839			-
UMGS1313	1.79782241193			-
UMGS1312	1.78746128759			-
UMGS1311	3.2215079684			-
UMGS1310	2.67373206875			-
UMGS1317	2.38461963001			-
UMGS1316	0.690218066407			-
UMGS1315	1.9202701608			-
UMGS1314	1.50791697985			0.0231974146363
UMGS108	2.91209469347			-
UMGS109	2.09303228154			-
UMGS106	2.4934612629			-
UMGS107	2.14361036737			-
UMGS104	0.103518351575			-
GCF_000173355	1.42423903434			-
UMGS100	1.89205658869			-
UMGS101	2.47818053431			-
GCF_000162115	2.45740910256			-
GCF_000750635	2.00730639177			-
UMGS911	1.56223370043			-
GCF_000161955	2.13898614571			-
UMGS914	2.09205517767			-
14207_7_27	1.79314710025			-
GCF_000162575	1.95270698714			-
14207_7_25	0.361878146224			-
14207_7_23	4.11789693007			-
14207_7_28	2.5061417906			-
UMGS1924	2.05022433816			-
GCF_000155815	4.01120303411			-
UMGS1920	0.684837766175			-
UMGS1921	1.23145598315			-
f_20298_2_1	2.06273098504			-
f_20298_2_3	1.29814762609			-
f_20298_2_5	1.27736541313			-
f_20298_2_4	2.35813665235			-
f_20298_2_7	3.85890657879			-
14672_4_4	1.544798523			-
GCF_000312005	1.9950794711			0.0153042598879
UMGS1587	2.19463577863			0.0458187939103
f_8080_1_69	1.87604444588			-
UMGS1857	1.75018948234			-
UMGS928	1.47820188224			-
UMGS929	2.04726015321			-
UMGS925	0.485943224241			-
f_21673_4_22	3.46951858137			-
UMGS927	2.22374099504			-
UMGS920	2.52327575692			-
UMGS921	0.729718591945			-
UMGS922	1.83735237889			-
UMGS923	1.61455711379			-
UMGS1832	1.2049923384			-
UMGS1852	1.49350519225			-
UMGS1853	1.25419508368			-
GCF_000826525	1.60336574363			-
GCF_000242435	1.7546625521			-
UMGS696	0.540722653194			-
13414_6_58	2.34951401962			-
UMGS695	2.34330139671			-
UMGS692	1.91839819692			-
UMGS693	2.08636862428			-
UMGS690	2.98646619648			-
UMGS691	1.43498762398			-
13414_6_50	3.02117722323			-
13414_6_53	3.44976010487			-
UMGS698	2.89404303988			-
UMGS699	2.69417190916			-
GCF_900095855	1.895515698			-
UMGS403	2.40265394066			-
GCF_001243045	1.75232714675			-
GCF_000413355	2.29386208967			-
UMGS402	1.73649277599			-
UMGS752	1.77847924405			-
GCF_000154285	2.36137613288			-
GCF_000169035	1.03276789126			-
UMGS1035	2.21069209863			-
UMGS407	3.03660676412			-
UMGS406	2.77891509337			-
UMGS1304	1.432351989			-
UMGS404	2.29089515105			-
GCF_000507865	1.35229551456			-
UMGS744	1.97185785487			-
UMGS745	0.556066755448			-
UMGS746	2.17034760638			-
UMGS2030	2.13271039092			-
UMGS740	3.0993764415			-
GCF_000321005	1.0688550897			-
UMGS742	0			-
UMGS743	1.82855700762			-
UMGS366	1.97152212869			-
GCF_900087015	2.48261088698			-
UMGS748	2.7529683474			-
UMGS749	1.94447730292			-
f_20287_6_70	0.322489521367			-
UMGS2035	1.4506324462			-
UMGS88	2.93024376523			-
UMGS89	2.32331355561			-
UMGS86	2.53370728046			-
UMGS87	2.54961812388	uc	2.13820996397	0.0021267168341
UMGS84	3.10997617959	control	2.54001752236	0.0374416591547
UMGS85	2.8025447146			-
UMGS82	2.31870072418			0.0449447515128
UMGS83	2.79530143374	control	2.4079034055	0.0123912207583
UMGS80	2.32447644168			-
UMGS81	2.30668304908			-
UMGS1072	1.83945893515			-
UMGS1073	2.42293243463			-
UMGS1070	1.69387512723			-
UMGS1071	1.84913026394			-
UMGS1077	0.515348820322			0.0461620848592
UMGS1074	0.590447113336			-
UMGS1075	0.206971996868			-
UMGS1078	2.56226925334			-
UMGS1079	2.12769878694			-
GCF_000398925	2.99177572376			-
UMGS1670	1.90936442824			-
UMGS1671	1.88711701683			-
UMGS1672	1.40111546357			-
UMGS1673	1.68739759373			-
UMGS1674	1.84294327836			-
UMGS1675	1.92613009566			-
UMGS1676	2.01932675163			-
UMGS1677	2.29010133542			-
UMGS1678	1.97998860315			-
UMGS2079	2.11904079368			-
UMGS2078	1.43773419994			0.045189751031
GCF_000218385	2.93562452589			-
UMGS1414	1.51459645363			-
UMGS1415	1.92026701811			-
UMGS1416	3.85424831034			-
UMGS1417	0.242368286748			-
UMGS1410	1.21046042935			-
UMGS1411	1.68334345978			-
UMGS355	3.14245646781			-
UMGS1413	2.30731281094			-
UMGS359	1.85034483258			-
UMGS358	0.518263730599			-
UMGS1418	1.24289679568			-
UMGS1419	2.11064872415			-
UMGS1784	2.24763212024			-
UMGS1785	1.42168707638			-
GCF_000235505	2.69338334911			-
UMGS1787	2.89061134496			-
UMGS1780	1.31965195087			-
UMGS1781	1.33583238668			-
UMGS1782	2.22562620436			-
UMGS1783	1.82965589703			0.0309545712035
UMGS1788	2.08770761371			-
UMGS1789	1.88124442359			-
UMGS1890	1.98134442085			-
UMGS1891	2.45487490463			-
UMGS1892	1.10508215013			-
UMGS1893	2.00523088193			-
UMGS1894	1.84386583393			-
UMGS1895	2.09308098285			-
UMGS1896	2.84347133913			-
UMGS1897	1.62042853319			0.0494547603193
UMGS1898	2.56765744415			-
UMGS1899	1.91861314861			-
GCF_000154845	3.82769734311			-
UMGS213	1.92071861537			-
UMGS1529	2.59273832716			-
UMGS1258	2.50048664824			-
UMGS1259	2.1908240019			-
UMGS1252	0.418400038745			-
UMGS1253	1.50379145105			-
UMGS1522	1.68452083187			-
UMGS1251	1.99976375054			-
UMGS1256	2.64362188298			-
UMGS1257	2.17443225447			-
UMGS1254	1.21985757362			-
UMGS1255	2.73040860121			-
UMGS1098	2.34615904826			-
UMGS1099	2.21049202903			-
UMGS1091	2.40501221553			-
UMGS1092	2.26276740907			-
UMGS1093	1.64674718745			-
UMGS1094	0.534833160192			-
UMGS1095	0.660942835004			-
UMGS1096	2.85738242418			-
UMGS1097	2.50758124978			0.0446104242854
UMGS987	1.33806271554			-
GCF_001487125	2.39722917935			-
UMGS980	2.97610696271			-
UMGS1328	2.01918508844			-
UMGS1329	2.65845895006			-
UMGS1326	1.75317104514			-
UMGS1327	1.64360131908			-
UMGS1324	1.68838080963			-
UMGS1325	2.20654724196			-
UMGS1322	2.17188163518			-
UMGS1323	1.53289452609			-
UMGS1320	2.32230196578			-
UMGS1321	1.12553514363			-
UMGS179	3.93926501753			-
UMGS178	2.9770829443			-
UMGS173	2.73922828864	control	2.31050842227	0.0345222347901
UMGS172	2.21913324108			-
UMGS171	1.64379812358			-
UMGS170	2.33208742598			-
UMGS177	2.25163816223			0.0319998854111
UMGS176	1.78294362901			-
GCF_000320405	1.98155981542			0.038213038877
UMGS174	1.99010110546			0.0491414916197
UMGS1459	1.97195098137			-
14207_7_30	2.00820489666			-
14207_7_32	2.40753253309			-
14207_7_37	2.9726401135			-
UMGS437	1.44713177713			-
UMGS20	2.15614353406			-
UMGS1517	2.7008680105			-
UMGS1400	1.99365382741			0.0142395610386
UMGS1944	2.68561625533			-
UMGS1102	1.50767898492			-
UMGS1001	1.42855249143			-
18391_1_7	3.09217436294			-
GCF_001517665	1.61165933632			-
UMGS24	2.05988018509			-
UMGS1452	1.87199945492			0.0197350516711
UMGS1453	2.23878325361			-
UMGS26	1.41796818437			0.0173399627881
UMGS1454	1.98666920989			-
GCF_000174195	3.28099005214	uc	2.66487534361	0.015891422604
UMGS1455	2.69391876333			-
GCF_001050095	1.73890655362			-
UMGS1456	1.45876744083			-
UMGS6	1.34270605252			-
UMGS1457	2.3109072372			-
f_20298_2_47	2.0410338312			-
GCF_000160455	1.89564326744			-
GCF_000186545	1.92472044416			-
f_20298_2_49	2.5731255259			-
UMGS919	0.964159661117			-
UMGS918	2.27043721728			-
f_21673_4_38	2.58142821746			0.0430093135844
f_21673_4_33	3.39010805232			-
UMGS910	1.8188406903			-
UMGS913	2.14800364355			-
UMGS912	0.121197250463			-
UMGS915	1.79565975136			-
f_21673_4_36	2.70402453858			-
UMGS917	1.80818177268			-
UMGS916	1.95532247202			-
GCF_001049895	2.06093040263			-
GCF_000160855	1.74824031614			-
UMGS1800	1.41491642476			-
GCF_000312105	1.67319794923			-
GCF_000723585	1.80967986367			-
GCF_900095825	2.58797982714			-
18048_2_82	2.91752775262			-
18048_2_85	2.65646010504			-
f_8080_1_78	2.88544663433			-
f_8080_1_72	3.03025785099			-
f_8080_1_73	2.94780916752			-
f_8080_1_77	2.13534804611			-
GCF_000285555	2.17345822093			-
UMGS679	1.37070447594			-
UMGS771	1.52241449038			-
UMGS770	2.39397732649			-
UMGS773	2.47138952097			-
UMGS772	0.893019897975			-
UMGS775	2.03075366669			-
UMGS774	1.62393772578			-
UMGS777	2.53733326194			-
UMGS776	1.98372503255			-
UMGS779	0.296346210377			0.00752915095256
UMGS1841	1.00201388165			-
15841_8_64	2.16330553849			-
GCF_000154385	4.21898223734			-
UMGS98	1.80582752954			-
UMGS95	2.40768502846			-
UMGS94	0.431733696305			0.0126786172301
UMGS97	2.27051374887			-
UMGS96	2.6821123842			-
GCF_000218465	3.54757253434			-
UMGS90	3.33813110403			-
UMGS93	1.71632972844			-
UMGS92	1.4064462724			0.0152713515971
UMGS1065	2.04492667932			-
UMGS1064	3.42112346933			-
UMGS1067	2.29605677431			-
UMGS2049	1.73700909165			-
UMGS1061	2.53131123867			-
UMGS1060	2.27937649422			-
UMGS1063	2.07293159465			-
UMGS1062	2.38305161308			-
UMGS2042	3.54159499125			-
UMGS2043	0.290052870486			-
UMGS2040	1.63231256909			-
UMGS2041	0.59147674089			0.0394975069622
UMGS1069	1.73583364678			-
UMGS1068	2.14562272522			-
UMGS2044	2.48216590021			-
UMGS2045	1.12684704624			-
UMGS1663	1.89822033532			-
UMGS1662	2.24547853713			-
UMGS1661	1.52599947861			-
UMGS1660	2.03488346627			-
UMGS1667	0.942710002332			-
UMGS1666	1.32552645041			-
UMGS1665	1.95364122062			-
UMGS1664	2.18526307703			-
15841_8_85	2.40238776137			-
12718_7_94	2.41437857942			-
UMGS1668	1.65502073542			-
12718_7_92	2.56942683203			-
UMGS1291	1.69198322795			-
GCF_000026505	1.72242592347			-
UMGS99	2.0796622864			-
f_20298_3_81	2.42507920943			-
UMGS1407	1.94543474795			-
UMGS1406	2.60724096205			-
UMGS1405	1.32432641624			-
UMGS1404	2.89721554555			-
UMGS1403	1.66844295544			-
UMGS1402	1.49033073071			-
UMGS1401	0.857043618868			0.0142117701229
UMGS347	2.59178604394			-
UMGS349	1.66246254925			-
UMGS1409	1.50419471695			-
UMGS1408	1.50693784656			-
UMGS1797	1.86983234391			-
UMGS1796	1.82483057091			-
UMGS1795	1.71525884424			-
UMGS1794	2.01438555			-
UMGS1793	1.38278023415			-
UMGS587	0			-
UMGS1791	2.13918451143			-
UMGS585	0			-
UMGS91	2.07492018555			-
UMGS588	0.0940938395479			-
UMGS589	0.577178123804			-
UMGS1799	2.41116628652			-
UMGS1798	2.5792308684			-
UMGS1883	1.29649958763			-
UMGS1882	3.0460216413			-
UMGS1881	1.92729922151			-
UMGS1880	1.71957295819			-
UMGS1887	1.33115454605			-
UMGS1886	1.85014694747			-
UMGS1884	2.07170891821			-
GCF_000185845	2.87437416376			-
UMGS1889	1.96986620956			0.0373840995289
GCF_000411475	1.89484918797			-
UMGS2048	2.29070861744			-
GCF_000411275	1.93356731191			-
UMGS1539	1.96867330626			-
UMGS1538	2.58046772254			-
UMGS1249	2.32826417566			-
UMGS1248	1.96757837643			-
UMGS1533	3.19803143044	uc	2.55707220041	0.0307494804565
UMGS1532	2.27455379945			-
UMGS1247	1.87727867367			-
UMGS1530	0.0227597498611			-
UMGS1537	2.07639979861			-
UMGS1450	3.30139686013			-
UMGS1535	1.83107864816			-
UMGS1534	3.11188109848			-
UMGS1089	0			-
UMGS1088	1.94110789814			-
UMGS1083	1.1341273581			-
UMGS1082	0			-
UMGS1081	1.50974329554			-
UMGS1080	1.55036464356			-
UMGS1087	2.64472994916			-
UMGS1086	0.319480084623			-
UMGS1085	2.21505584099			-
UMGS1084	3.2916841411			-
UMGS142	1.64462553894			-
UMGS143	2.31452116782			-
UMGS2047	0			-
UMGS141	3.0445263144			-
UMGS425	0.906770122829			-
UMGS146	1.9729139731			-
GCF_000172175	3.31802865593			-
UMGS1352	2.85983290518			-
UMGS1331	0.899613105096			-
UMGS1330	2.33546872084			0.0354484669999
UMGS1333	1.28122328062			-
UMGS1332	1.97564621884			-
UMGS1335	2.23603824251			-
UMGS144	2.44882076162			-
UMGS1337	1.74744903897			-
UMGS1336	0.947484914337			-
UMGS1339	1.00950829654			-
UMGS1338	1.68816376095			-
UMGS145	2.21267029311			-
GCF_000158495	2.44827040656			-
UMGS168	2.78192853313			-
UMGS169	2.73877179484			-
UMGS424	2.4052420339			-
UMGS160	3.15454319559			-
UMGS161	2.52163603846			-
UMGS162	2.45109258941			-
UMGS163	2.18960088045			-
UMGS164	0.468592251228			-
UMGS165	1.92662666109			-
UMGS166	1.83343720109			0.0387633065346
UMGS167	0.945080071216			-
GCF_000741205	1.53780630709			-
UMGS427	0.741256334441			-
UMGS1211	2.31795763187			-
UMGS1669	1.32827045336			-
UMGS833	0.565071773974			-
GCF_000411495	2.47003186447			-
UMGS426	2.48189551243			-
GCF_000327285	2.66443727855			-
GCF_000166035	4.2713291242			-
UMGS421	2.77974522126			-
GCF_000158235	1.76890803087			-
GCF_001368835	2.23234512406			-
UMGS221	2.02267861903			-
21673_4_37	2.8118844473	control	2.18414186283	0.0157690637626
UMGS906	1.94574682344			-
UMGS907	1.73079236113			0.0414878077641
UMGS904	3.31235557717			-
UMGS905	2.1722100811			-
UMGS902	2.42142416684			0.0353779317196
UMGS903	2.37606678667			-
UMGS900	1.69301665288			-
UMGS901	3.40886267092			-
UMGS423	2.31347642185			-
UMGS908	3.1374556614			-
UMGS909	0.627810471546			-
18048_1_93	2.21519518411			-
GCF_000159055	2.42059134992			-
UMGS931	1.26235875896			-
GCF_001299475	1.91882017101			-
GCF_000188195	2.07186392387			-
GCF_000154465	4.14186172962			-
GCF_000233955	3.14390866043			-
18048_2_90	3.4558181571			-
GCF_000478505	2.71919701418			-
GCF_000469305	2.14732496789			-
GCF_000177015	2.85788608235			-
UMGS768	2.00854315544			-
UMGS769	1.85587841173			-
UMGS766	1.61162788667			-
UMGS767	1.52287580695			-
f_20287_6_53	3.96017713586			-
UMGS765	2.89066663313			-
UMGS762	2.54342336115			-
UMGS763	2.34987805124			-
UMGS760	0.962721659669			-
UMGS761	2.19654234804			-
UMGS1837	1.35221022117			-
UMGS1834	0.426690805741			-
UMGS1835	1.21364318871			-
UMGS2059	0.868180071716			-
UMGS2058	0.179384249729	control	2.11356540115	0.00370814336659
UMGS2055	1.59687425557			-
UMGS2054	1.6481526335			-
UMGS2057	2.10682434468			-
UMGS2056	1.76893063544			-
UMGS2051	1.93509405398			-
UMGS2050	1.28780840327			-
UMGS2053	2.09654804193			-
UMGS2052	0.58894956481			-
12718_7_89	1.68363340678			-
UMGS1657	1.91438325534			-
UMGS1654	2.98616424334			-
UMGS1652	1.2663463044			-
UMGS1653	1.84337249022			-
UMGS1650	1.78923309637			-
UMGS1651	1.61077332205			-
12718_7_81	1.95752168346			-
12718_7_84	3.72795052565			-
12718_7_87	2.19407729721			-
UMGS1659	2.96837132568			-
UMGS340	1.60176143608			-
UMGS341	2.22962115788			-
UMGS342	1.80489662365			-
UMGS343	1.9580326309			-
UMGS344	2.30501356943			-
UMGS1438	2.03112295155			-
UMGS1439	1.27590136266			-
UMGS346	2.44648920522			-
UMGS1432	1.41964443554			-
UMGS1433	2.48727751646			-
UMGS1430	2.60919008202			-
UMGS1431	2.53547167944			-
UMGS1436	2.66073946948			-
UMGS1437	2.39046933505			-
UMGS1434	2.56600269664			-
UMGS1435	1.65554285227			-
GCF_000156395	2.04875327105			-
UMGS379	0			-
UMGS378	0.160278815262			-
UMGS375	0			-
UMGS377	0.169077856826			-
GCF_000582785	1.65749103754			-
UMGS370	2.16470399256			-
UMGS373	2.32687930759			-
UMGS372	3.46717271479			-
13154_4_43	2.29851436009			-
14207_7_1	3.57754053208			-
UMGS578	2.02972226523			-
UMGS577	1.36286837776			0.0469677874249
UMGS576	2.60920706748			-
UMGS574	2.45159645252			-
UMGS573	2.96707041596			-
UMGS572	2.50515234968			-
14207_7_9	3.56246371411			-
UMGS570	2.27215616868			-
GCF_000162235	1.93908814115			-
UMGS582	0.00985428420984			-
GCF_000159915	1.90830634525			-
UMGS583	2.19027514464			-
UMGS580	1.66357408339			-
UMGS581	2.67786505439			-
UMGS1508	0.963879159929			-
UMGS1506	1.71626330536			-
UMGS586	0.995251190964			-
UMGS1504	2.60945269617			-
UMGS1505	1.65467388329			-
UMGS1502	1.16944446615			-
GCF_000752035	2.11800128942			-
UMGS1501	0.112300079877			-
UMGS584	2.4429826078			-
13414_6_3	3.44436425777			-
13414_6_2	2.64248943562			0.0269559196855
GCF_001282665	2.15219024974			-
UMGS489	2.37749805484			-
UMGS488	2.4041519927			-
GCF_001487145	1.57649144548			-
UMGS483	1.96105721585			-
UMGS482	1.68846638425			-
UMGS481	0.829502936932			-
UMGS480	2.32398221972			-
UMGS487	0			-
UMGS486	2.79039401579			-
GCF_000155515	2.50939446993			-
UMGS484	1.92034658988			-
UMGS724	0.70097139716			-
UMGS680	2.03538374916			-
UMGS1344	2.00634076788			-
UMGS154	2.16448722974			-
UMGS1346	1.15349850503			-
UMGS1347	2.01378128289			-
UMGS1340	3.0326044829			-
UMGS1341	0.854674061072			-
UMGS153	1.42402522265			-
UMGS152	1.94617557448			-
UMGS159	3.36475884125			-
UMGS158	1.90638881937			-
UMGS397	0.864330784826			0.0476034847621
UMGS396	0.848094306463			-
UMGS395	0.220089280088			-
GCF_000173815	2.41171145968			-
GCF_000187895	3.21335650252			-
UMGS687	1.29387755423			-
UMGS391	0.429115172888			-
UMGS390	0.792264130494			-
GCF_000154865	2.5857186838			-
UMGS399	0			-
UMGS398	0.0342008230254			0.0177354220545
UMGS418	1.6185332912			0.0452985794324
UMGS419	2.06977850299			-
GCF_000829905	2.41787295897			-
GCF_900069005	2.31126392055			-
UMGS264	2.83019346925			-
UMGS1760	1.65492833426			-
UMGS973	1.90938167379			-
UMGS972	0.863851852192			-
UMGS971	2.19547669406			-
UMGS970	2.01084595828			-
UMGS977	2.34473866339			-
UMGS976	1.56122346502			-
GCF_900018785	1.78235470188			-
UMGS974	1.76180464263			-
UMGS979	2.66668449626			-
UMGS978	2.01935530071			-
f_21673_4_12	2.65030764743			-
f_21673_4_19	3.35886423691			-
f_21673_4_18	2.70961969468			-
GCF_000236865	1.4986447379			-
GCF_000315485	3.25449738968			-
GCF_000156655	1.91907493804			-
GCF_900091655	3.2605436803			-
UMGS1960	2.3113116529			-
UMGS1962	3.11755966237			-
UMGS1245	1.86803785974			-
UMGS1963	1.49428039644			-
UMGS809	2.21990975597			0.037574458257
UMGS1244	1.64386175296			-
UMGS807	2.14910191563			-
UMGS1616	1.03114340177			-
UMGS805	1.93382716497			-
UMGS804	0.510234372969			-
UMGS803	3.19850383603			-
UMGS1531	2.20618706793			-
UMGS801	0.213278941941			0.0252831536994
UMGS800	2.93330362258			-
UMGS1246	2.04829524605			-
UMGS1966	1.61899163843			-
UMGS1241	1.95781166851			0.0353616190286
UMGS1615	2.43142379109			-
UMGS1243	1.60823539582			-
UMGS1969	1.20724915561			-
UMGS1242	0			-
UMGS1618	1.85830362713			-
UMGS1619	2.99026536395			-
GCF_000763055	0.624542178833			-
UMGS719	0.435239837757			-
UMGS718	1.79403691371			-
UMGS713	1.78518531473			-
UMGS712	2.80279762988			-
UMGS711	2.15951529503			-
UMGS710	2.36350313495			-
UMGS717	1.51194990843			-
UMGS716	0.274175955533			-
UMGS715	2.35324644523			-
UMGS714	0.837353016721			0.0243770768706
UMGS1649	1.4792156123			-
UMGS1648	1.42055474329			-
UMGS1641	1.96159705431			-
UMGS1640	1.14942865403			-
UMGS1643	2.50010029177			-
UMGS1642	1.70524903643			-
UMGS1645	1.91218458247			-
UMGS1644	1.30209381744			-
UMGS1647	3.44460629692			-
UMGS1646	3.32290562796			-
GCF_001403595	2.8665534608			-
12718_7_70	2.28441181122			-
GCF_000273525	2.16600940858			-
12718_7_73	2.92373608327			-
UMGS627	1.92906844213			-
GCF_000010185	1.73198930862			-
UMGS625	2.08614309521			-
UMGS624	2.90984029694			-
UMGS623	0			-
UMGS622	3.17487577401			-
UMGS621	1.88444481112			-
UMGS620	1.5399940961			-
UMGS629	1.45885875363			-
UMGS628	2.62981206738			-
UMGS192	1.92585551381			-
GCF_001457875	2.1993670393			-
UMGS1429	1.16620437149			-
UMGS1428	2.10356180914			-
UMGS1425	1.96553695764			-
UMGS1424	1.11388139195			-
UMGS1427	2.10294407373			-
UMGS1426	1.49386940593			-
UMGS1421	1.08264483245			-
UMGS1420	0.863997257844			-
UMGS1423	1.62640920607			0.0142624597694
UMGS368	2.57784121232	control	2.19079500517	0.0224948622736
UMGS369	1.85179237357			-
UMGS362	2.5041873922			-
UMGS363	1.77349381618			-
UMGS360	2.51704895987			-
UMGS361	2.15342279652			-
GCF_000204455	2.40035617369			-
UMGS367	1.99231233187			-
UMGS364	2.94911221393			-
UMGS365	2.87555629416	control	2.41554997464	0.0425993131392
UMGS568	2.3788531727			0.0464323453168
UMGS569	2.69369629872			-
UMGS564	1.76482852408			-
UMGS565	0.952413974028			-
UMGS566	2.26791699396			-
UMGS567	1.77352050767			-
UMGS560	3.16100510132			-
UMGS561	1.83120462331			-
UMGS562	2.12781046677			-
UMGS617	3.43532846944			-
UMGS401	1.68119145251			-
GCF_000455265	2.64917858258			-
GCF_000942395	2.03739690291			-
UMGS1511	3.09969762567			-
UMGS1510	1.5037165564			-
UMGS1513	1.60167366069			-
UMGS1512	1.96162461799			-
UMGS1515	2.2884144347			-
UMGS1514	2.28068770775			-
GCF_000411255	2.97342146528			-
UMGS1516	1.4599785431			-
UMGS1519	1.80593867652			-
UMGS1518	2.31690940654			-
UMGS73	1.80626710288			-
UMGS71	1.7081879126			-
UMGS498	0.639296909963			-
UMGS499	2.3500695832			-
UMGS1916	2.84105609484			-
UMGS490	3.41675409241			-
UMGS491	1.56637871043			-
UMGS492	1.3613870583			-
UMGS493	2.57259230879			-
UMGS494	1.62551702113			-
UMGS495	2.29738379027			-
UMGS496	2.87526891382			-
UMGS75	1.83319299621			-
UMGS74	1.95990697462			-
GCF_000220865	2.69199220954			-
GCF_000577335	2.49393572638			-
GCF_900049755	1.72596010383			-
UMGS1357	2.21822373982			-
UMGS1356	1.61022072852			-
UMGS1355	2.07545048793			-
UMGS1354	0.866741211637			-
UMGS1353	1.94709979312			-
UMGS147	3.44912452975	control	3.11977894132	0.0346370577032
UMGS1351	2.6463080607			-
UMGS1350	2.41629121555			-
UMGS148	2.40255823212			-
UMGS149	1.81001576824			-
UMGS1359	2.29236561496			-
UMGS1358	1.83347826982			-
UMGS384	0.870452962244			-
UMGS385	0			-
UMGS386	0.106861363361			-
UMGS387	0.653848151095			0.00467466742519
UMGS380	1.60420776422			-
UMGS381	0	control	2.14967841256	0.00188178549262
UMGS382	0			-
UMGS383	0.393753690735			-
UMGS388	1.59085484806			-
UMGS389	0.233798670175			-
GCF_000159455	1.76343329081			-
GCF_000158455	1.80993213434			-
GCF_000238035	2.83631815368			-
GCF_000345485	1.77694425926			-
GCF_000159855	4.2301159084			-
GCF_000159675	1.5430497434			-
GCF_000178935	1.60785885145			-
GCF_000297775	3.1608336169			-
14207_7_83	4.27847154669	control	3.93752395421	0.0249776899234
14207_7_86	2.79608603771	uc	2.37534019166	0.0129442498355
14207_7_87	2.33168495671			-
14207_7_89	2.43970789415			0.0127640232281
GCF_000158215	1.48270264615			-
UMGS533	2.0061567486			-
GCF_001458115	2.38471974802			-
UMGS532	1.50615447388			-
UMGS438	2.70629193292			-
UMGS530	2.44295070836			-
GCF_000213555	2.78489457382			-
UMGS1689	0.985099230211			-
UMGS2061	0			-
UMGS960	2.49327807731			-
UMGS961	1.84763005043			-
UMGS962	0.26484089533			0.000222503442372
GCF_001185345	2.5201226073			-
UMGS964	2.00568678699			-
UMGS965	2.01128234753			-
UMGS966	2.55280120279			-
UMGS967	2.67676637166			-
UMGS968	1.61149792863			-
UMGS969	0.195115539876			-
UMGS534	2.60163068398			-
GCF_001375495	1.45080869653			-
UMGS432	2.18823978968			-
UMGS790	0.595287478846			0.0460654210754
UMGS433	1.65711043596			-
UMGS430	0.437354327775			-
UMGS431	1.47508784572			-
UMGS2068	1.32079102134			-
UMGS1680	1.02093910406			0.009775342893
UMGS531	2.32007767448			-
UMGS434	2.44375965883			0.0194613503641
UMGS818	2.36290483769			-
UMGS819	0.794140712397			-
UMGS814	2.24966323845			-
UMGS815	1.51397508574			-
UMGS816	1.69518454937			-
UMGS817	0.899173525374			-
UMGS810	2.6812169653			-
UMGS811	2.34380076671			-
UMGS812	1.79933785103			-
UMGS813	1.85632613961			-
GCF_000157915	3.6995434973			-
UMGS537	2.37667832699			0.0391225871777
GCF_000826105	2.22702813621			-
GCF_000312045	2.00971746145			-
UMGS536	1.76772765193			-
GCF_000209385	2.39532192328			-
UMGS708	2.33682211013			-
UMGS709	2.73299226645			-
UMGS700	1.71455680953			-
UMGS701	0.158117146132			-
UMGS702	2.30927998445			0.0438963849083
UMGS704	0.924151343597			0.0167528794119
UMGS705	2.40603659061			-
UMGS706	2.11019862362			-
UMGS707	2.30020675141			-
UMGS1988	1.38153973681			-
UMGS1989	2.96613637309			-
UMGS1638	0.620115737907			-
UMGS1639	2.21555817976			-
UMGS1982	0.88747535598			-
UMGS1635	2.14196007372			-
UMGS1636	1.85722473909			-
UMGS1981	1.60645948012			-
UMGS1630	1.55286458109			-
UMGS1631	0.186400915261			-
UMGS1632	1.26896653174			0.0202722540457
UMGS1633	1.79981184852			-
GCF_000238635	3.06249453258			-
UMGS634	1.04287968527			-
UMGS635	1.46580512419			-
UMGS636	1.36960362758			-
UMGS637	2.31782371229			-
UMGS630	3.04792460536			-
UMGS631	1.59636446614			-
UMGS632	1.74004362281			-
UMGS633	0.933324188854			-
UMGS43	2.54653002563			-
UMGS638	2.884691362			-
UMGS639	0			-
GCF_000146325	1.81887779447			-
UMGS1182	2.06186066906			-
UMGS1183	0.832798037772			-
UMGS1180	1.15069028849			-
UMGS1181	2.43914191794			-
UMGS1186	0.100922949816			-
UMGS1187	1.60483822866			-
UMGS1184	1.2980336556			-
UMGS1185	1.12353461114			-
UMGS1188	2.88572952773			-
UMGS1189	0.839900084877			-
UMGS1740	1.4743000349			-
UMGS1741	2.0990661295			-
UMGS1742	0.865673985979			0.0194140190611
UMGS1743	0.36050713289			-
UMGS1744	2.16864685545			-
f_20298_3_39	2.85708089115			-
UMGS1746	1.87650990755			0.0237111402185
UMGS1747	0.381516817886			0.00658267291107
f_20298_3_34	2.34802392719			-
f_20298_3_35	2.70162443919			-
f_20298_3_36	2.08280316418			-
f_20298_3_37	2.62979917377			-
f_20298_3_30	3.0896001082			-
UMGS559	2.16559768703			-
UMGS558	1.59230284303			-
UMGS551	1.7589142485			-
UMGS553	2.42879968106			-
UMGS552	2.15561351107			-
18391_1_11	2.13220601324			-
UMGS476	3.03531795621			-
UMGS556	2.53085361413			-
UMGS1810	2.01137630198			-
UMGS1543	1.53440760781			-
UMGS1812	1.53561343371			-
UMGS538	1.91014818749			-
UMGS1813	2.56853289275			-
UMGS477	1.85362533991			-
UMGS1815	1.67790645792			-
UMGS1564	0.681655186137			-
UMGS1565	0.904699403377			-
UMGS1566	1.7031415369			-
UMGS1567	0.673763383317			-
UMGS1560	1.38452052576			-
UMGS1561	2.4261848985			-
UMGS1562	1.5373965637			-
UMGS1563	2.22357526009			-
UMGS1817	0.980086012905			-
UMGS1568	1.82245916233			-
UMGS1569	1.11995276087			-
UMGS1298	2.58940185319			-
UMGS326	0			-
UMGS324	0.140740062607			0.0204311016875
UMGS1553	1.40363850328			-
UMGS325	0.648260087515			-
UMGS322	0.812869228604			-
GCF_900086655	2.70866384703			-
UMGS323	0.185454167597			-
UMGS59	2.07204413379			-
UMGS320	1.00010870381			-
UMGS321	0.983714960763			-
UMGS285	2.11148189064			-
UMGS1368	2.43930285705			-
UMGS1369	2.58100181058			-
GCF_000311925	3.47826928985			-
UMGS1468	2.42404955298			-
UMGS1362	1.90908609553			-
UMGS1360	2.11148173311			-
UMGS1366	1.53272252113			-
UMGS1367	2.44889695003			-
UMGS1364	1.41084457495			-
UMGS1365	1.70210295058			-
UMGS1168	3.09827906887			-
UMGS1169	2.10672968831			-
GCF_000145315	2.69629894683			-
UMGS1160	0.851374988057			-
UMGS1161	0.811380927165			-
UMGS1162	3.33109621479			-
UMGS1163	2.19417325897			-
UMGS1164	2.43673639233			-
UMGS1165	0.241221433254			0.0151903194599
UMGS1166	0			-
UMGS1167	2.25059901757			-
UMGS439	2.3865165564			-
GCF_000148995	2.15276042595			-
UMGS329	1.6758444808			-
GCF_000154805	2.00397564136			-
UMGS52	2.53850886048			-
f_20298_3_19	2.40072670509			-
UMGS470	3.47394865295			-
UMGS471	2.62879088565			-
GCF_000162075	2.51208360425			-
13414_6_67	3.60640359507			-
13414_6_68	2.87846549284			-
14207_7_90	2.66047048862			-
14207_7_95	3.14429049096			-
GCF_000155995	1.66314026721			-
GCF_000312145	2.98681252672			-
GCF_000189615	2.90415708588			-
UMGS959	0.75240261606			-
UMGS958	2.65873178145			-
UMGS955	1.26147416142			0.0490995464242
UMGS954	2.16364666004			-
UMGS957	1.10065498505			-
UMGS956	1.59838715826			-
UMGS951	1.42599119756			-
UMGS950	2.4662603308			-
UMGS953	1.90896545634			-
UMGS1637	2.41189634642			-
GCF_000155975	2.26993075152			-
UMGS1579	1.56340784355			-
GCF_001375555	1.95157210891			-
GCF_900091675	2.66980027098			-
UMGS1941	1.51492407127			-
UMGS828	2.24790200944			-
UMGS821	2.38914966873			-
UMGS820	0.172685899			-
UMGS823	1.91420732154			-
UMGS822	1.26448449934			-
UMGS825	0.385658492014			-
UMGS824	1.90887353231			-
UMGS827	1.67660240519			-
UMGS826	2.36000023987			-
UMGS544	2.21931538026			-
GCF_000238735	1.92210350778			-
UMGS735	1.5317105805			-
UMGS734	1.89833422246			-
UMGS737	3.02005503747			-
UMGS736	1.75749342304			-
UMGS731	1.83046709002			-
UMGS730	2.3098051186			-
UMGS733	2.05483315672			-
UMGS732	1.71292306208			-
UMGS739	2.33840798012			-
UMGS738	1.57639698552			-
UMGS1749	1.0671136394			-
f_20287_6_88	2.61556041165			-
GCF_000190355	1.96969670234			-
GCF_000820705	2.05816573223			-
UMGS1629	1.25831476168			-
UMGS1628	2.1429495925			-
UMGS1627	1.48070975263			-
UMGS1626	2.62279547443			-
UMGS1625	2.97701729033			-
UMGS1624	2.10024600556			-
UMGS1623	2.07493484708			-
UMGS1622	2.43885487964			-
UMGS1621	2.02505408			-
UMGS1620	2.34079567235			-
12718_7_50	2.25825815708			-
12718_7_51	1.86516624927			-
12718_7_56	1.96691282031			-
UMGS651	0.153564585729			0.0154453356186
12718_7_59	1.84044745326			-
UMGS601	2.48290092037			-
UMGS600	1.9105724391			-
UMGS603	1.8632525937			-
UMGS602	2.00738515928			-
UMGS605	2.47098382051			-
UMGS604	2.38662459139			-
UMGS607	2.56652975282			-
UMGS606	1.9903747903			-
UMGS609	1.03634701816			-
UMGS608	2.62747625654			-
UMGS1634	1.8242878335			-
UMGS541	2.36553968001			-
UMGS1983	2.43578350723			-
UMGS1980	3.38554385374			-
UMGS1195	1.92968316079			-
UMGS212	3.10778443786			-
UMGS1197	1.98161502354			-
UMGS1196	1.95151671062			-
UMGS1191	2.79790170957			-
UMGS1190	0.732921929313			-
UMGS1193	1.83350026103			-
UMGS1192	2.15787193548			-
UMGS1986	0			-
UMGS1199	1.37999578814			-
UMGS1198	1.64204260113			-
UMGS1987	2.35586663771			-
UMGS1753	1.56490516899			-
UMGS1752	2.52602446757			-
UMGS1751	1.64658343239			-
UMGS1750	1.05368883401			-
UMGS1757	2.6731308381			-
UMGS1756	2.97456800078			-
UMGS1755	0.722691614908			-
UMGS1754	1.5503315314			-
f_20298_3_26	1.72467588101			-
UMGS1759	2.09359616598			-
UMGS1758	1.97766931485			-
UMGS548	1.75422434466			-
UMGS549	2.33633115465			-
GCF_900086715	2.43627287043			-
UMGS215	2.07430100659			-
UMGS190	1.64918144158			-
UMGS193	2.01000661794			-
UMGS1289	2.56791259466			-
UMGS1288	2.17050413577			-
UMGS219	3.55577316411			-
UMGS1281	1.9855148001			-
UMGS1280	2.25975728551			-
UMGS1282	0.209797111398			0.00466830290062
GCF_000411235	1.46280690889			-
UMGS1284	1.78720891782			-
UMGS1287	1.86399421258			-
UMGS1286	0.888098937769			0.0458978767581
UMGS1577	1.72117444335			-
UMGS1576	1.43651856574			-
UMGS1575	1.79562621942			-
UMGS1574	2.12236956135			-
UMGS1573	1.82530807447			-
UMGS1572	1.36906160694			-
UMGS1571	1.49520701293			-
UMGS1570	2.72117958772			-
UMGS196	2.26685453089			-
GCF_000156055	1.40555850876			-
UMGS1578	2.04592756712			-
UMGS860	1.10842550595			-
UMGS1379	1.85706209504			-
UMGS1378	0.586603230431			-
GCF_000172135	2.10283953008			-
UMGS1375	2.45307569957			-
UMGS1374	1.79630785113			-
UMGS1377	2.36835660302			-
UMGS1376	0			-
UMGS1371	1.37522143569			-
UMGS1370	2.33162979608			-
UMGS1373	2.56369471943			-
UMGS1372	1.67334240709			-
UMGS1179	1.86575290973			-
UMGS1178	2.18111906715			-
UMGS1173	0.475965019816			-
UMGS1172	1.57233016726			-
UMGS1171	2.04191358275			-
UMGS1170	1.22094068009			-
UMGS1177	1.54021078912			-
UMGS1175	2.26968456539			-
UMGS1174	0.559921181679			-
GCF_000158475	2.3807456663			-
GCF_000250875	1.56686904682			-
GCF_000311865	1.89524770243			-
GCF_000244855	2.67991463573			-
GCF_000158055	2.25987384142			-
UMGS1972	2.85642666962			-
UMGS1937	0.824787022279			-
GCF_000158275	2.05302223864			-
f_21673_4_5	3.80303137267			-
UMGS948	2.05795179313			-
UMGS949	1.55614127213			-
UMGS1846	1.86148366278			-
UMGS942	1.52729270913			-
UMGS943	0.23015176026			-
UMGS940	1.3316463062			-
UMGS941	1.59436712005			-
UMGS946	2.29072630492			-
UMGS947	2.84162152267			-
UMGS944	2.39883432195			-
UMGS945	2.47332789177			-
UMGS1843	2.26021486904			-
UMGS1842	0.927360518932			-
f_21673_4_3	3.3451843415			-
UMGS836	2.78381686634			-
UMGS837	1.38872963103			-
UMGS834	2.21411960119			-
UMGS835	2.57744167684			-
UMGS832	2.43004882697			-
GCF_000455285	2.23664552443			-
UMGS830	2.41098324447			-
UMGS838	2.1747272034			-
UMGS839	1.54728382001			-
18048_2_57	0.315740467301			-
GCF_000296445	1.53620148478			-
UMGS1848	0			-
UMGS937	2.15766235585			-
GCF_000157935	4.2069362163			-
GCF_000469345	2.77234763998			-
UMGS22	1.74562128778			-
UMGS2039	1.64651996672			-
UMGS1745	1.49571581033			-
UMGS416	2.02747557735			-
UMGS417	1.59668397447			-
UMGS722	0.564136823484			-
UMGS723	0.450836031332			-
UMGS720	0			-
UMGS721	0			-
UMGS726	2.36142517587			-
UMGS727	0.182210245383			0.0202342161247
GCF_001403635	2.01393094204			-
UMGS725	2.47109666321			-
UMGS728	1.81237308952			-
UMGS729	1.91346611033			-
GCF_000499785	3.12775845561			-
GCF_000213575	3.09622182081			-
UMGS1554	1.68417188776			-
GCF_900092335	1.91131144119			-
UMGS1612	1.43698373346			-
UMGS1613	1.29448007043			-
UMGS1610	1.91190356724			-
UMGS1611	1.61528371395			-
12718_7_49	1.75193665862			-
UMGS1965	1.27411541794			-
UMGS1614	2.94463521489			-
GCF_000349975	1.85915051081			-
UMGS1968	1.46074171455			-
GCF_000238615	2.34522213579			-
12718_7_47	2.75578620959	control	2.07810320273	0.0185206966856
12718_7_46	0.858121687425			-
12718_7_41	2.75743209872			-
UMGS1103	2.584184137			-
GCF_000185345	1.4252423108			-
GCF_000218325	3.85980698556			-
GCF_000297815	3.06283833533			-
f_20298_3_9	2.51516462425			-
UMGS618	2.86326541891			-
UMGS619	1.92110504509			-
UMGS616	0.121127234136			-
f_20298_3_1	1.92308038779			-
f_20298_3_2	1.87881704564			-
f_20298_3_3	2.11332044331			-
f_20298_3_4	2.22565539586			-
UMGS613	2.20129281965			-
GCF_000188175	2.46693330072			-
UMGS611	1.43206204038			-
12718_7_24	1.97752375966			-
UMGS268	1.9376106564			-
GCF_000412335	2.99430217349			-
UMGS555	1.39432813891			-
GCF_900095835	2.4520145564			-
UMGS1766	2.40907933638			-
UMGS1767	0.454511461132			-
f_20298_3_18	1.84527123508			-
UMGS1765	1.30182812347			-
UMGS1762	3.7753432568			-
UMGS1763	0.815355987564			-
UMGS535	2.22207843139			-
UMGS1761	1.73610515933			-
f_20298_3_12	1.95348721792			-
f_20298_3_13	1.76227755157			-
UMGS539	1.92788960904			-
f_20298_3_11	2.12678659422			-
f_20298_3_17	2.42592219739			-
UMGS1768	2.05416409777			-
UMGS1769	1.65108880983			-
UMGS1550	2.02466446771			-
GCF_000155085	1.81045144427			-
GCF_000438455	1.43377707974			-
UMGS1818	2.19972619182			-
UMGS1819	1.47722498522			-
UMGS1548	1.15412871955			-
UMGS1549	0.945544555555			-
UMGS1542	0.661058096656			-
UMGS1811	1.98591573533			-
UMGS1540	2.11389759948			-
UMGS1541	2.06606314778			-
UMGS1546	0.733111112172			0.0477338026713
UMGS1547	1.88969211408			-
UMGS1816	0.75823154517			-
UMGS1545	0.762471139302			-
GCF_000156515	2.08175860274			-
UMGS289	0			-
UMGS288	2.97358133823			-
GCF_000752675	1.23676238719			-
UMGS284	0.720115955269			-
UMGS287	2.26987956759			-
UMGS286	2.17734222101			-
UMGS281	2.12290201895			-
UMGS280	2.68620305224			-
UMGS283	2.22257609019			-
UMGS282	2.12936399669			-
UMGS449	0			-
UMGS448	0.0294161476775			-
UMGS447	0.341124780767			-
UMGS446	0.545540717382			0.011413090629
UMGS445	0.0610577669252			-
GCF_000285495	1.76825984636			-
UMGS443	0.610234320668			0.0346660930022
UMGS442	1.18872709527			-
UMGS441	0.763582311395			-
UMGS440	2.14386731732			-
UMGS77	2.5282237166			-
UMGS70	2.10007100753			-
UMGS1380	0			-
UMGS1381	1.76003658396			-
UMGS1382	1.15303776632			-
UMGS1383	1.67479109061			-
UMGS1384	2.22551689548			-
UMGS1385	1.42693997465			-
UMGS1386	0.464234801778			-
UMGS1387	1.98353250811			-
UMGS1388	2.09312942913			-
UMGS1389	2.69341621885			-
UMGS199	2.42451824889			-
UMGS198	2.04081348545			-
UMGS1148	1.7218944451			-
UMGS1149	1.46019896311			-
UMGS1146	0.7726944325			-
UMGS1147	1.24306004004			-
UMGS1144	1.97536381576			-
UMGS1145	2.06685652032			-
UMGS1142	1.73970070177			-
UMGS194	1.24552499065			-
UMGS197	1.51440288618			-
UMGS1141	2.36718059174			-
GCF_000154825	2.08055850925			-
GCF_000382465	2.69359704115			-
UMGS1296	1.76137943146			-
UMGS1297	2.52064560221			-
UMGS1294	2.23821566562			-
UMGS1295	1.79542235827			-
UMGS263	2.42485267265			-
UMGS262	3.0071892023			-
UMGS261	1.8424991079			-
UMGS260	2.0952450228			-
UMGS1292	1.63891588889			-
UMGS269	2.23665150391			-
UMGS1293	1.70376871862			-
GCF_900083545	2.62168304907			-
UMGS1290	2.05728382324			-
GCF_000466605	2.15566588324			-
UMGS1443	2.15442516537			-
f_20427_4_22	1.95637314894			-
UMGS1114	1.36940486923			-
UMGS1117	0.214375898934			-
UMGS1116	1.73654758307			-
UMGS39	3.41863681976			-
UMGS1111	1.88351347846			-
UMGS1446	2.49841962568			-
UMGS1113	2.21019021837			-
UMGS1112	0.616113559651			-
GCF_000205165	3.04221788524			-
GCF_000158315	2.23153177982			-
GCF_000155955	1.73776888205			-
GCF_001368795	2.5542195718			-
UMGS647	2.63111933164			-
UMGS843	1.87000318223			-
UMGS842	2.52086808794			-
UMGS841	1.76958115509			0.0285411401332
UMGS840	2.82608107833			-
UMGS847	1.77465305631			-
UMGS846	2.42320524468			-
UMGS845	2.65702312158			-
UMGS844	0.37473727297			-
UMGS849	1.31863867373			-
UMGS848	2.52294299857			-
UMGS1964	0.987953918695			-
UMGS301	0.689285020866			-
18048_2_67	2.94208559277			-
UMGS14	1.60793940755			-
GCF_900078545	1.68086903262			-
UMGS991	2.36602570551			-
UMGS990	1.26394502458			-
UMGS993	1.62249583574			-
UMGS992	2.65839415583			-
UMGS995	1.21324432703			-
UMGS994	0.0613323437444			-
UMGS1967	0			-
UMGS996	0.109119741631			-
UMGS999	2.38318177927			-
UMGS998	1.95795063377			-
UMGS764	2.34444689989			-
UMGS1973	1.98552664982			-
UMGS1604	1.7628079125			-
UMGS17	2.26528632615			-
UMGS16	2.43475846315			-
UMGS1977	2.81293332748			-
UMGS1600	2.0790854806			-
UMGS1975	1.9287263524			-
UMGS1974	1.30325176386			-
UMGS1979	2.54692519899			-
UMGS1609	2.85203076934	uc	2.53964134346	0.0159126781197
UMGS1608	0.897931428918			-
12718_7_37	2.86580810782			-
13414_6_24	3.72202137244			-
13414_6_20	3.07435189274			-
UMGS669	2.83763695824			-
UMGS668	2.56454255796			-
UMGS663	2.50783342065			-
UMGS662	1.56921452098			-
UMGS661	1.27065383289			-
UMGS660	1.66734798714			-
UMGS667	2.67691579703			-
UMGS666	0.649283374857			-
UMGS665	1.62989330099			-
UMGS664	2.58336311844			-
UMGS1779	0.942509430221			-
UMGS1778	1.58121404784			-
GCF_000321185	2.46058035832			-
UMGS1771	2.14084216245			0.0293417913028
UMGS1773	1.36472235702			-
UMGS1772	2.0681278539			-
UMGS1775	1.84959522985			0.0442758259153
UMGS1774	1.20764045371			0.0347302075962
UMGS1777	2.13723939792			-
UMGS1776	2.71964283318			-
UMGS520	2.02212175138			-
UMGS522	2.10942155569			-
UMGS523	3.42493286508			-
UMGS524	2.13342872705			-
UMGS525	1.97197777185			-
UMGS526	1.82853469325			-
UMGS528	1.98067101361			-
UMGS529	2.41578023862			-
GCF_000820725	1.24858293412			-
GCF_000156215	1.7386434205			-
GCF_000154545	3.26457200354			-
UMGS1809	1.82368268112			-
UMGS1808	2.47645196534			-
UMGS1559	2.26260500932			-
UMGS1558	0.842402895327			-
UMGS1555	2.64725722598			-
UMGS1802	1.90970645175			0.0305854609589
UMGS1801	2.2716978848			-
UMGS1556	1.76445706731			-
UMGS1551	2.2522385734			-
UMGS1806	3.01292315106			-
UMGS1805	0.644385765183			-
GCF_000157035	4.47553899715			-
UMGS298	0.956194188796			-
GCF_001486585	2.71054958271			-
UMGS292	0.871635857107			-
UMGS293	0.343230633513			-
UMGS290	0.225259997747			-
13470_2_58	3.65135676332			-
UMGS296	0.519424958951			-
UMGS297	0			-
UMGS294	0			-
UMGS295	0.802355436078			0.0498783506526
UMGS64	1.92470625187			-
UMGS458	1.91185319114			-
UMGS459	1.85496890432			0.0289319603914
UMGS454	1.90687470443			-
UMGS455	2.20337297505			-
UMGS456	2.63172130734	control	2.25500631207	0.0336570537086
UMGS457	2.08433649349			-
UMGS450	0.648962164127			-
UMGS451	2.39806710844			-
f_20298_3_8	1.58763208414			-
UMGS453	1.69870916031			-
UMGS1716	1.21656634058			-
GCF_001457835	1.31688076663			-
f_20298_3_14	2.01042359324			-
UMGS65	2.64113028876			-
UMGS186	2.23396622851			-
UMGS1392	1.41367973376			-
UMGS1391	2.74158546705			-
UMGS1390	4.31862098665			-
UMGS182	3.54246827325			-
UMGS1396	2.03536753354			-
UMGS1395	2.17529952794			-
UMGS181	3.41593442771			-
UMGS1399	2.49452470519			-
UMGS188	2.00834643964			-
GCF_000241405	2.0851784006			-
UMGS1656	1.50231219039			-
UMGS1153	2.05959074483			-
UMGS1152	0.656073452553			-
UMGS1155	2.49765547209			-
UMGS1154	0	uc	2.08904003089	0.0286777822754
UMGS1157	2.0815338418			-
UMGS1156	2.10356381007			-
UMGS1159	1.53739682272			-
UMGS1158	2.0227189528			-
UMGS2028	1.4693617344			-
GCF_000155435	2.58667150855			-
GCF_000191845	2.03602224406			-
GCF_000158415	3.94914872204			-
GCF_000311845	1.33742040675			-
UMGS500	1.81465046148			-
UMGS18	2.641705544			-
UMGS274	1.65278193052			-
UMGS275	2.10724123062			-
GCF_000158075	2.68735507631			-
UMGS277	2.99971668222			-
UMGS270	2.38083492542			-
UMGS1658	1.17378300471			-
UMGS272	1.79927248805			-
UMGS273	2.39613814741			-
UMGS61	1.42381894873			-
UMGS278	3.57088093033			-
UMGS279	2.49454080705			-
14207_7_42	2.48734382294			-
14207_7_43	2.62504654073			-
11861_6_63	3.69772900207			-
UMGS1552	2.2321375005			-
GCF_001244495	2.76604553044			-
GCF_000234155	3.54088215981			-
GCF_000159415	1.66925918746			-
UMGS926	1.05253825613			-
UMGS850	0.558788367357			-
UMGS851	0.158998517496			-
UMGS852	0			-
UMGS853	0.576639822395			-
GCF_000499525	1.84084646876			-
UMGS855	1.26477065447			-
UMGS856	2.18353940558			0.0163697276008
UMGS857	2.20587807284			-
UMGS858	1.83970181609			-
UMGS859	1.75653715706			-
GCF_000160595	1.97577939896			-
GCF_000157955	2.92975419519			-
UMGS1151	2.17049896911			-
UMGS2060	1.46973733671			-
GCF_000612625	1.68811181786			-
UMGS376	0			-
UMGS1820	1.33540531019			-
GCF_001403875	2.41566085343			-
GCF_900046475	1.7599834809			-
f_8080_1_83	2.8809266364			-
GCF_000227255	2.27122910693			-
f_8080_1_81	1.81091616395			-
f_8080_1_80	2.69212618623			-
UMGS1824	0.926588615545			-
17138_5_75	2.20085854224			-
17138_5_74	2.42553042454			-
UMGS988	0.396552814416			-
UMGS989	1.02192993593			0.030568831715
UMGS986	1.53843113819			-
f_21673_4_87	2.69471981397			0.0437084229155
UMGS984	2.61171049985			-
UMGS985	2.46450860022			-
UMGS982	1.84770513869			-
UMGS983	1.68877840718			-
f_21673_4_80	2.77787278591			-
UMGS981	1.5556694846			-
UMGS1829	3.24323058435			-
13470_2_73	1.74580868626			-
GCF_000192165	1.92326629038			-
UMGS1946	1.92779899404			-
UMGS21	1.95552999828			-
12718_7_29	3.67867301286			-
UMGS1945	2.20120634353			-
UMGS1942	1.48773928645			-
UMGS1943	0.0182971325386			-
UMGS1940	1.8260150327			0.0494383166631
UMGS27	2.94523495328			-
12718_7_23	1.9907044582			-
UMGS29	2.70045860993			-
12718_7_21	2.16676481779			-
UMGS1948	1.48809734725			-
UMGS1949	0.492161973482			-
13414_6_39	2.44126169535			-
13414_6_37	2.66934263678			-
13414_6_34	2.71459001874			-
13414_6_33	3.22821859676			-
13414_6_32	2.49360317833			-
UMGS678	2.37617952268			-
GCF_000455245	1.78448253852			-
UMGS2029	0.878009587647			-
UMGS670	2.30587776248			-
UMGS671	2.38307406357			-
UMGS672	2.19137861163			-
UMGS673	1.91499095856			-
UMGS674	0			-
UMGS675	1.08691427728			-
UMGS676	2.12747079241			-
UMGS677	1.54759603434			-
GCF_000413335	1.21889681622			-
UMGS472	2.67155617032			-
UMGS473	2.30316532451			-
UMGS1708	1.92614824431			-
UMGS1709	2.48142962353			-
UMGS697	2.90210029269			-
UMGS1704	1.70904068956			-
UMGS1705	1.62330257885			-
UMGS1706	0.655098661243			0.0338467406839
UMGS1707	2.19222951601			-
UMGS1700	1.81536295326			-
UMGS1701	0.886568120128			-
UMGS1702	1.96013254791			-
UMGS1703	1.24657191554			-
f_20298_3_70	2.25034257495			-
f_20298_3_71	2.75604852312			-
UMGS519	0.206114719547			-
UMGS518	0.0589214991038			-
UMGS515	0			-
UMGS514	0			-
UMGS517	0.0139705201329			-
UMGS516	0			0.0459098214911
UMGS511	0.567009545175			-
UMGS510	0.0881953741811			-
UMGS513	0.367509859154			-
UMGS512	0.294350761256			-
UMGS1008	2.29885327125			-
UMGS478	2.03654274248			-
GCF_001286805	1.64937338621			-
UMGS479	1.68009451093			-
UMGS1838	1.87007857486			-
UMGS1839	2.15682344237			-
UMGS1836	0.519228821174			-
13470_2_67	4.28237455851			-
13470_2_64	3.21501592592			-
13470_2_65	3.42844453537			-
13470_2_62	3.8063246055			-
UMGS1833	2.21921129034			-
UMGS1831	0.157011393361			-
UMGS1010	2.4733910696			-
UMGS1011	1.99390247862			-
UMGS1012	2.35466234908			-
UMGS1013	0			-
UMGS1014	2.06233534291			-
UMGS1015	1.96561308741			-
UMGS1016	2.38662809687			-
UMGS1017	2.28615554294			-
UMGS1018	1.95895164829			-
UMGS1019	1.60252410854			-
UMGS469	2.42159215984			-
UMGS468	1.1373967164			-
UMGS579	2.2085406122			-
UMGS461	2.04028548075			-
UMGS460	1.74918653962			-
UMGS463	2.66866379608			-
UMGS462	2.2254882387			0.0144470912232
UMGS465	2.16543699791			-
UMGS464	2.11262113826			-
UMGS467	0.399054109818			-
UMGS466	0.156952198733			-
UMGS1498	1.30656923957			-
UMGS1499	0.943079606603			-
GCF_000321205	2.84649478298			-
UMGS1494	1.74106821263			-
UMGS1495	2.52227685591			-
UMGS1496	1.61638418085			-
UMGS1497	0.409008809595			-
UMGS1490	1.8754408173			-
UMGS1491	1.96369520012			-
UMGS1492	2.11226222792			-
UMGS1493	2.22603449699			-
UMGS571	2.0795682784			-
GCF_000969835	2.76310987825			-
UMGS1124	1.11832782237			-
UMGS1125	2.29531091673			-
UMGS1126	2.64692137843			-
UMGS1127	2.19452127899			-
UMGS1120	2.64190777515			-
UMGS1121	1.07612276053			-
UMGS1122	1.90018429033			-
UMGS1123	2.37437358106			-
GCF_900048895	2.77176781175			-
UMGS1128	1.78454127461			-
UMGS1129	1.97468819984			-
UMGS211	1.92780451169			-
UMGS216	2.84983928198			-
UMGS1238	1.56447086433			-
UMGS1239	1.97910484361			-
UMGS997	1.88849532821			-
UMGS1230	1.856170671			-
UMGS1231	1.44594322746			-
UMGS1232	2.62493340057			-
UMGS1233	2.03584706972			-
UMGS1234	3.34488938218			-
UMGS1235	1.99649677579			-
UMGS1236	3.87458682418			-
UMGS1237	1.55324227901			-
UMGS241	2.49168335879			-
UMGS240	2.06070808853			-
UMGS243	1.88307622817			-
UMGS242	2.14509194964			-
UMGS245	2.60831264544			-
UMGS244	2.11067590021			-
UMGS247	2.11699185558			-
UMGS249	2.11196702525			-
UMGS248	1.8809392708			-
14207_7_57	2.13663755022			-
14207_7_56	2.71090129538			-
14207_7_54	2.86847845457			-
14207_7_52	2.87852218498			-
14207_7_50	2.48393880538			-
GCF_000527295	2.41076869916			-
14207_7_59	2.90530885144			-
UMGS1850	1.89802320264			-
GCF_000162215	4.60520595463			-
GCF_000163075	2.54965710366			-
UMGS15	2.4585595669			-
UMGS869	2.45204308428			-
UMGS868	2.20543652924			-
12718_7_39	1.93172146211			-
UMGS865	1.65580612639			-
UMGS864	2.04263264808			-
UMGS867	1.874166162			-
UMGS866	2.41975941892			-
UMGS861	1.9019298127			-
UMGS1971	2.94411035672			-
UMGS863	1.74603139275			-
UMGS1970	0			-
UMGS11	1.43877135134			-
UMGS1976	1.52193074025			-
UMGS13	2.0568255904			-
GCF_000479265	1.61464295705			-
UMGS12	2.97552789198			-
UMGS1500	1.59633909042			-
GCF_900078305	1.37071324239			-
f_20287_6_9	4.82896433554			-
GCF_000479045	1.90275847971			-
f_20287_6_4	2.14215443602			-
f_20287_6_6	1.07880323192			-
f_20298_2_23	3.49352170785			-
GCF_000311725	2.01323616604			-
f_20298_2_28	3.44554065657			-
f_20298_2_29	1.46688027403			-
UMGS1132	2.00584112608			-
f_21673_4_91	2.54881797617			-
GCF_000155205	3.27414176466			-
12718_7_17	2.03304893303			-
12718_7_14	1.92606365389			-
12718_7_15	1.60273795691			-
12718_7_13	2.31492705124			-
12718_7_10	2.18527467673			-
UMGS38	2.40027929736			-
UMGS37	2.74910602099	uc	2.03192194741	0.00653337498294
UMGS36	1.83591555108			-
UMGS35	2.81644155494			-
UMGS34	2.44852952553			-
UMGS33	1.59869766637			0.0493175821627
UMGS32	1.36196579656			-
UMGS31	2.79967381946			-
UMGS30	2.18734436924			-
UMGS645	0			-
UMGS644	1.02811510999			-
11861_6_55	1.98561304386			-
UMGS646	3.06619674211			-
UMGS641	1.0921406563			-
UMGS640	0.773191224435			-
UMGS643	0.36818401672			-
UMGS642	0			-
UMGS649	0.524941573861			-
UMGS648	2.21672802972			-
11861_6_58	2.96952222931			-
UMGS887	1.96490277817			-
UMGS886	2.47304824197			-
UMGS885	1.66128836799			-
UMGS884	2.39060483087			-
UMGS883	1.54112427621			-
UMGS882	2.28174638561			-
UMGS881	2.77876522768			-
UMGS880	1.93413580211			-
UMGS889	2.96982791266			-
UMGS888	0.543506010908			-
14670_1_61	2.24984268698			-
UMGS1719	1.46645099619			-
UMGS1718	1.99089884227			-
UMGS1717	2.24675903693			-
GCF_000403725	1.58566443264			-
UMGS1715	1.77535942354			-
UMGS1714	1.62471359361			-
UMGS1713	1.73856281521			-
UMGS1712	1.79617119668			-
UMGS1711	1.16856304369			-
UMGS1710	4.16991669372			-
GCF_000285535	1.67109971858			-
f_20298_3_62	2.26369741654			-
UMGS508	1.68743300397			-
UMGS509	2.20397213354			-
f_20298_3_66	2.24612329011			-
f_20298_3_65	2.34378073287			-
f_20298_3_64	2.52435794389			-
UMGS502	1.49795700902			-
UMGS503	1.69685759929			-
f_20298_3_69	2.7864252644			-
UMGS501	1.96622314908			-
UMGS506	0.0972706150994			-
GCF_000020425	2.42332320327			-
UMGS504	2.37040354613			-
UMGS505	1.56100051743			-
GCF_001243895	2.42687198964			-
UMGS1959	1.78478552366			-
UMGS1958	2.0588840086			-
UMGS485	0.880076135168			-
UMGS1951	1.13825914397			-
UMGS1950	2.58998212276			-
UMGS1953	2.97868380996			-
UMGS1952	2.14026381951			-
UMGS1955	1.71736875272			-
UMGS1954	3.71879813488			-
f_20287_6_22	3.329931639			-
UMGS1956	1.35937550192			-
UMGS1821	2.06727434077			-
13470_2_78	2.01772653658			-
UMGS1823	2.11798947534			-
UMGS1822	1.19799724417			-
UMGS1825	2.05263857797			-
GCF_000157015	4.05709536708			-
UMGS1826	2.32356967082			-
13470_2_71	2.35356467149			-
UMGS1828	1.86273804277			0.046378162027
GCF_000156015	2.24315773256			-
13470_2_75	1.57641587393			-
13470_2_77	1.91776499009			-
UMGS1003	2.19737670995			0.0383832849733
UMGS1002	1.88993919052			-
UMGS474	1.79035798007			-
UMGS475	2.60016595914			-
UMGS1007	3.00569014489			-
UMGS1006	2.0417888625			-
UMGS1005	3.34917108985			-
UMGS1004	2.01211262656			-
UMGS2020	0.940357711908			0.0377172484859
UMGS2021	1.11594909191			-
UMGS1009	0			-
GCF_000242955	2.7167551799			-
UMGS2024	1.79655789858			-
UMGS2025	2.34124281917			-
UMGS2026	0.988833679384			-
UMGS2027	4.04586455952			-
GCF_900086625	2.5912880415			-
UMGS1489	0.699054514953			-
UMGS1488	2.61207348808			-
UMGS1487	1.55702880413			-
UMGS1485	0.849066454536			-
UMGS1484	1.59790717235			-
UMGS1483	1.2421711481			-
UMGS1482	1.01176172092			-
UMGS1481	2.37025434969			-
UMGS1480	1.14820660419			-
GCF_000158655	2.47672888838			-
UMGS205	2.38307353338			-
UMGS1137	2.80502430639			-
UMGS1136	1.80093602844			-
UMGS1135	2.57016079429			-
UMGS1134	1.75828232732			-
UMGS1133	1.60413390084			-
GCF_000225705	1.48492895157			-
UMGS1131	0.051282214964			-
UMGS1130	2.64295637243			-
UMGS1139	0.763582229348			-
UMGS1138	2.00632833184			-
GCF_000753355	1.82606302734			-
GCF_000187265	2.17361174206			-
GCF_000466385	2.29852256568			-
GCF_000411415	1.54924744804			-
UMGS1984	1.13405305559			-
GCF_000285835	0.773399376163			-
UMGS2013	1.17140748789			-
UMGS1229	2.0451908649			-
UMGS206	2.44351750525			-
UMGS1222	1.82843764294			-
UMGS1221	2.34299929708			-
UMGS1220	0.481584534885			0.00956518086167
UMGS1227	2.66604367474			-
UMGS1226	2.44781177818			-
UMGS1225	1.67340251077			0.025127509617
UMGS1224	1.79583781878			-
UMGS1985	0			-
12718_7_7	1.88168586941			-
UMGS258	1.6718003584			-
12718_7_3	2.04959559904			-
UMGS256	0.55575013942			-
UMGS257	2.62630983766			-
UMGS254	2.07740358438			-
UMGS255	2.14419789348			-
UMGS252	1.54827875692			-
12718_7_9	1.994199052			-
UMGS250	1.92563406802			-
UMGS251	2.29399184188			-
UMGS155	2.52498652717			-
14207_7_64	2.52512435265			-
UMGS1345	1.50644020266			-
UMGS157	2.23217251036			-
UMGS156	2.66951724964			-
UMGS151	1.76780566645			-
UMGS1342	2.38710943823			-
UMGS2076	1.92957608679			-
GCF_000411395	3.50103848327			-
UMGS2075	3.37521844556			-
UMGS2074	1.62484911026			-
UMGS2073	1.38613560766			-
GCF_000158435	1.89893183853			-
UMGS2072	1.95215639886			-
UMGS2071	1.26906203294			-
GCF_000162155	4.36690267537			-
UMGS1348	1.79110603479			-
UMGS2070	1.327944429			0.0402961270494
GCF_000159215	1.68886468145			-
UMGS1349	0.484420129708			-
GCF_000163935	1.76376829494			-
UMGS784	0.353975996966			-
UMGS785	2.1038417547			-
UMGS428	0.547568477904			-
UMGS394	0.747870928042			0.02294474704
UMGS393	0.317396496381			0.0212236287287
GCF_000160575	1.66838891723			-
UMGS878	0			0.032443459534
UMGS879	1.87385364243			-
UMGS872	1.26825952147			-
UMGS873	1.98379439383			-
UMGS870	2.24449991974			-
UMGS259	1.75762069943			-
UMGS876	0.27492621021			-
UMGS877	0.815687166675			-
UMGS874	2.14351398178			0.00754643196629
UMGS875	2.3547811151			-
GCF_000155855	2.89972635402	control	2.47137403513	0.0439831428505
GCF_000308055	1.99711833913			-
UMGS253	3.06958362795			-
GCF_000468015	3.06556213213			-
GCF_900046455	1.3858271883			-
UMGS1066	2.20749097837			-
f_20298_2_31	1.84660640284			-
14207_6_9	3.46366123242			-
14207_6_2	1.85484755216			-
14207_6_3	2.54118121728			-
18048_1_70	3.0464575317			-
18048_1_72	3.13480454746			-
GCF_000269565	2.42540673811			-
UMGS48	2.43702084728			-
UMGS49	2.57848861935			-
GCF_000238655	2.42507498618			-
UMGS42	2.65780777332	uc	2.00748588692	0.0154958404847
GCF_001078425	3.35607722083	cd	3.00844733157	0.0156435044892
UMGS40	2.14306123843			-
UMGS41	2.76295407643			-
UMGS46	1.64003243714			-
UMGS47	2.13696793955			-
UMGS44	1.74367419837			-
UMGS45	1.53524287194			0.0462913505789
13414_6_15	2.99589949659			-
UMGS653	0.573318808575			-
13414_6_17	2.85508179466			-
11861_6_61	2.54794905524			-
UMGS656	1.81535777411			-
13414_6_10	2.48499243138			-
UMGS654	2.24205323029			-
13414_6_12	2.56256960729			-
UMGS658	3.31460125283			-
UMGS659	2.75381785837			-
UMGS894	2.27344686097			-
UMGS895	1.96343689114			-
UMGS896	1.59210128924			-
GCF_000154405	1.73960145057			-
UMGS890	2.0595754852			-
UMGS891	2.37684154364			-
UMGS892	0.972450259812			-
UMGS893	2.32039630591			-
GCF_000146835	2.00096853151			-
UMGS898	2.38058887129			-
UMGS899	2.0967336579			-
UMGS1847	2.16193871699			-
GCF_000157995	2.62898578484			-
GCF_000243215	2.90662331242			-
UMGS1722	1.61464305895			-
UMGS1720	1.23464109237			-
UMGS1721	0.549971836106			-
UMGS1726	0.167520225075			-
UMGS1727	1.51908589775			-
UMGS1724	1.34715836869			-
UMGS1725	1.65291674742			-
f_20298_3_57	1.97917981221			-
UMGS1728	1.79086399737			-
UMGS1729	0.990412667537			-
f_20298_3_52	2.24715068108			-
GCF_000185705	3.44510696281			-
GCF_000321045	2.35605674634			-
UMGS1928	1.29129358056			-
UMGS1929	2.87489045852			-
GCF_900086585	2.16920176012			-
f_20287_6_37	2.92167942392			-
UMGS1925	1.64291038027			-
UMGS1926	0.113104429495			-
UMGS1927	3.5458909506			-
f_20287_6_33	2.38985797895			-
UMGS1557	2.22282180514			-
UMGS1922	1.43858695798			-
UMGS1923	1.51120646859			-
UMGS1586	2.02393454588			-
UMGS1855	2.0245856009			-
UMGS1584	1.81333717391			-
UMGS1585	2.12397810909			-
UMGS1582	2.58481354945			-
UMGS1583	2.00589129563			-
UMGS1580	1.84437853584			-
UMGS1581	3.84336169968			-
UMGS1807	3.19528584087			-
UMGS1858	2.25515791357			-
UMGS1859	2.43084066737			-
UMGS1589	0.944312959677			-
UMGS1036	3.24535222913			-
UMGS1037	1.53133880194			-
UMGS1034	2.49143625513			-
UMGS400	1.4320976469			-
UMGS1032	0.936571787497			-
UMGS1033	2.05305705772			-
UMGS1030	0.199223095317			-
UMGS1031	0.120668724775			-
UMGS2033	2.46888016558			-
UMGS2032	2.85711046047			-
UMGS409	1.40744163855			-
UMGS408	2.10277464085			-
UMGS2037	3.03609423279			-
UMGS2036	2.90123745794			-
UMGS1038	2.30472766007			-
UMGS1039	1.83080535616			-
UMGS353	2.57582044389			-
UMGS352	2.07257621955			-
UMGS351	2.07821849851			-
UMGS299	0.427688857113			0.00457251871801
UMGS357	2.51512735181			-
UMGS356	1.59451991587			-
f_20298_2_53	1.89426149724			-
UMGS354	1.99704082686			-
UMGS1734	1.28911516799			-
UMGS1458	1.72599746983			-
GCF_000156175	1.57139386838			-
UMGS1108	2.35966044887			-
UMGS1109	2.12022720298			-
GCF_000821085	2.31592630804			-
UMGS1451	1.8991596948			-
UMGS1100	0.481123323404			-
UMGS1101	2.66775463638			-
UMGS1106	3.01547137894			-
UMGS1107	1.69528101613			-
UMGS1104	1.07437355841			-
UMGS1105	2.08639839707			-
UMGS291	1.01899711848			-
UMGS319	0.167220185546			-
UMGS318	0.28507815115			-
UMGS317	0			-
UMGS316	0.180857875587			-
UMGS315	0.359537757773			-
UMGS314	0.644146472281			0.0236926692508
UMGS313	0.516485600896			-
UMGS312	0.454275309654			-
UMGS311	0.383369729358			-
UMGS310	0.597376782231			-
UMGS595	0.193562463172			0.0432247899091
UMGS594	1.99154124813			-
UMGS1786	2.55106243103			-
UMGS596	2.35352605036			-
UMGS590	0.50800230661			0.0334908621835
UMGS593	2.0396687442			-
UMGS1219	0			-
UMGS1216	1.37805484662			-
UMGS1217	1.97702315109			-
UMGS1214	2.36124458936			-
UMGS1215	2.32440870609			0.039553211832
UMGS1212	2.23565872581			-
UMGS1213	2.94084385201			-
UMGS1210	2.4325344024			-
f_20427_4_25	3.15771922403			-
UMGS229	1.7905165439			-
UMGS228	1.78805015292			-
GCF_001244995	2.21396034615			-
UMGS223	2.5962816537			-
UMGS222	1.83818734762			-
f_8080_1_93	3.20873494787			-
UMGS220	2.46364184487			-
UMGS227	1.5818105957			-
UMGS225	1.45397409758			-
UMGS599	2.07606576917			-
UMGS598	1.43621519338			0.0403980833106
GCF_000233495	3.23734286403			-
UMGS452	2.10328154395			-
UMGS615	2.58768968312			-
GCF_000144975	3.25046985079			-
GCF_000411535	2.33630191414			-
UMGS137	2.41524367826			-
UMGS136	1.59618635746			-
UMGS135	1.59185754609			-
UMGS134	2.18171508166			-
UMGS133	1.98451023927			-
UMGS132	2.90017676638			-
UMGS131	1.72663569587			0.0335065425375
UMGS130	2.51370402198			-
GCF_001407835	1.99041387586			-
UMGS138	2.59334839886	control	2.08371435038	0.0271843232837
GCF_000826085	1.10679524414			-
GCF_900021165	2.45104428435			-
GCF_000523555	1.84012123622			-
14207_7_75	2.01777440253			-
UMGS610	1.81006249088			-
14207_7_70	3.7883650159			-
14207_6_11	2.42730596924			-
14207_6_12	2.33240706773			-
14207_6_13	3.80340641371			-
GCF_000159175	2.1370026075			-
GCF_001244735	1.62975183814			-
GCF_001517625	2.90958146772	uc	2.27880138812	0.0280842329151
13470_2_81	2.55252714615			-
UMGS1605	2.28346578441			-
GCF_900091705	1.93239417133			-
UMGS793	2.90478297718			-
UMGS792	2.78406866318			-
UMGS791	2.76023149385			-
GCF_000313565	2.4910710908			-
UMGS797	2.81934334881			-
UMGS796	2.57228520466			-
UMGS795	2.94852367889			-
UMGS794	2.73671428156			-
UMGS799	1.78356937194			-
UMGS798	2.21230718529			-
GCF_000186505	3.26110084719			-
GCF_000154325	3.17764101483			-
f_21673_4_77	3.096819055			-
UMGS1607	2.47424294484			-
f_21673_4_71	3.16985159153			-
UMGS187	1.53543810365			-
18048_1_69	3.74744380566			-
UMGS184	3.74997409298			-
GCF_001025155	1.9291120576			-
UMGS185	2.99422231413			-
UMGS1397	1.75726592288			-
GCF_000826065	1.69097340836			-
GCF_000209405	3.02997686938			-
UMGS183	3.66403091165			-
UMGS1606	1.0735554902			-
UMGS1748	1.30042462699			-
UMGS51	1.47121458174			-
UMGS50	3.42692603984			-
UMGS53	1.93251986436			-
UMGS1394	1.57480388372			-
UMGS55	2.17052162174			-
UMGS54	2.08022131541			-
UMGS57	2.70860831039			-
UMGS56	1.47800311834			-
13414_6_60	2.08605644259			-
UMGS1520	2.23299047553			0.0276269970411
GCF_000227195	1.56620990179			-
13414_6_66	3.01296860524			-
UMGS1521	3.30029940636			-
GCF_900095865	2.87459857124			-
UMGS1999	2.81267725836			-
UMGS1250	2.58659892006			-
UMGS1601	1.93821627209			-
UMGS1523	1.85808854138			-
UMGS597	2.47424294384			0.0415806576744
UMGS1524	2.29003210114			-
UMGS1525	1.77869266861			-
UMGS1995	1.59798234735			-
UMGS1526	3.03116706199			-
UMGS1994	1.66644396042			-
UMGS1527	1.95612287882			-
UMGS1735	2.43173080267			-
f_20298_3_48	3.30842627456			-
UMGS1737	1.61146295394			-
UMGS1996	2.66222457765			-
UMGS1731	1.19865707625			-
UMGS1730	2.37377411264			-
UMGS1733	2.1325201853			-
UMGS1732	0.629229498076			-
UMGS1991	0.842711969682			-
UMGS1739	1.66450866794			-
UMGS1738	3.19179542343			-
UMGS1990	2.08861018691			-
GCF_001941425	1.56891000943			-
GCF_000285515	2.25496337753			-
UMGS1603	1.6119226348			-
UMGS1992	1.63871285268			-
GCF_000154505	2.70678973014			-
UMGS1939	1.87960578798			-
UMGS1938	2.53023229448			-
UMGS1602	2.01985632915			-
UMGS1936	0.331144949686			0.0267450529589
UMGS1935	0.487807789673			0.00425290649328
UMGS1934	1.20352412877			-
UMGS1933	1.46758634726			-
UMGS1932	1.1075304537			-
UMGS1931	2.21542219975			-
UMGS1930	1.25921973219			-
UMGS1029	2.12695094837			-
UMGS1028	2.03564615494			-
UMGS1845	3.53411568396			-
UMGS1844	2.6574673229			-
13470_2_93	2.43748086233			0.0386579541198
13470_2_92	3.33170181821			-
13470_2_91	2.24260143736			-
UMGS1840	2.0826420202			-
UMGS1021	2.02727872726			-
UMGS1020	0.84327184913			-
UMGS1023	0.431173966081			-
UMGS1022	0.0511605964139			-
UMGS1025	2.46617576716			-
UMGS1024	1.61834263174			-
UMGS1027	1.64404272549			0.0435734565369
UMGS1026	0.120871204484			-
UMGS410	2.68525582804			-
UMGS411	1.99121821314			-
UMGS412	2.28907679977			-
UMGS413	2.66903905213			-
UMGS414	0			-
UMGS415	1.9212301926			-
UMGS2008	2.15288935801			-
UMGS2009	1.26435223055			-
UMGS2006	0.474799469783			-
UMGS2007	3.47308192797			-
UMGS2004	2.66719384378			-
UMGS2005	2.04426587481			-
UMGS2002	0.103239661906			-
UMGS2003	1.9784874124			-
UMGS2000	2.16916317347			-
UMGS2001	1.74642752683			-
UMGS975	1.97412213312			-
UMGS2012	1.89322140812			0.0491311742095
UMGS592	1.81411577192			-
UMGS871	3.00339372066			-
UMGS1449	1.98103797958			-
UMGS1448	2.41697135814			-
UMGS1119	2.52933022334			-
UMGS1118	2.88584004324			-
GCF_000231275	2.72776920566			-
GCF_000969845	3.0040019217			-
UMGS1115	2.41974498112			-
UMGS1442	0.728927771263			-
UMGS1441	1.78864526181			-
UMGS1440	1.54059915492			-
UMGS1447	1.54079519148			-
UMGS1110	1.66227236791			-
UMGS1445	2.4988543536			-
UMGS1444	0.679510943956			-
UMGS1143	2.1028671496			-
GCF_000163735	3.01537140574			-
UMGS308	0.736832790611			0.0310535143378
UMGS309	0.209021168941			-
UMGS304	1.37924945379			-
UMGS305	0.646774986349			-
UMGS306	0.22138791272			-
UMGS307	0.786617734973			-
UMGS300	0.208684654296			-
UMGS1228	2.66970077925			-
UMGS302	0			-
UMGS303	0.860827232021			-
UMGS1598	2.17136777029			-
UMGS1851	2.29184511361			-
UMGS1591	2.38035884222			-
UMGS1590	1.59897092659			-
UMGS1595	2.50518817576			-
UMGS1594	1.72124910532			-
UMGS1597	1.03802259194			-
UMGS1596	2.81588478869			-
GCF_000321025	1.52139928961			-
UMGS1201	2.67776705614			-
UMGS1200	0.90588392484			-
UMGS1203	1.06653009312			-
UMGS1202	2.25306154188			-
UMGS1205	3.24353472186			-
UMGS1204	1.43150669076			-
UMGS1207	0.278628579969			-
UMGS1206	1.82275573002			-
UMGS1209	0.798161375722			0.0397671822348
UMGS1208	2.72162855936			-
GCF_000752215	1.62338244977			-
f_20298_3_63	3.15078356312			-
UMGS66	1.66636697322			-
GCF_000235885	3.36351459331			-
UMGS238	1.80362519126			-
UMGS239	2.17391487243			-
UMGS230	1.94131688375			-
UMGS231	3.61119517244			-
UMGS232	1.57244981117			-
UMGS233	1.89953047167			-
UMGS234	1.80920922494			-
UMGS235	1.61346760085			-
UMGS236	1.4242906351			-
UMGS237	1.83802676665			-
UMGS62	1.37159523202			-
GCF_000158295	1.96835006206			-
UMGS63	2.03259369249			-
GCF_001486665	3.049848667			-
GCF_000154985	2.30924733959			-
GCF_001457415	2.76470374127			-
UMGS69	2.07709722714			-
UMGS124	1.42459781984			-
UMGS125	3.16181474853			-
UMGS126	2.96222343258			-
UMGS127	1.60143057236			0.0326374325837
UMGS120	2.5521980739	control	2.01754206149	0.0213350055711
UMGS121	1.55830957429			-
UMGS122	2.45821552354			-
UMGS128	2.35304897442			0.0423951138535
UMGS129	2.64645596218	uc	2.18538429613	0.0462317158627
GCF_000381365	3.46963192056			-
GCF_000239255	2.77483343269			-
15841_8_88	2.13612652109			-
GCF_000163955	2.28146447697			-
GCF_900021175	2.07594702265			-
UMGS2038	1.92432377227			-
GCF_001457815	2.29152952395			-
GCF_000155875	2.88248696845			-
UMGS1790	0.71685009893			-
UMGS547	1.67849279526			-
GCF_900095705	1.93165633396			-
UMGS545	0.466295904312			-
UMGS542	2.02565090446			-
GCF_000238675	2.16295656716			-
UMGS543	2.23513879808			-
UMGS780	2.14462487302			-
UMGS781	3.12804215917			-
UMGS782	1.66360912792			-
UMGS783	0.214154325628			-
f_20298_2_19	2.4192214773			-
UMGS540	1.38577425596			-
UMGS786	2.88671056622			-
UMGS787	0			-
UMGS788	0.853927582037			-
UMGS789	0.714206161659			-
f_20298_3_28	1.85184404747			-
f_20298_2_10	2.17482880525			-
UMGS2019	1.64637486497			-
UMGS2018	2.05086347553			-
f_20298_3_25	1.87164545006			-
f_21673_4_43	2.09494453561			-
f_20298_3_24	2.85719035069			-
f_21673_4_46	4.58430775633			-
GCF_900078195	2.05181725223			-
GCF_001375675	1.69993506565			-
UMGS276	2.35603945671			-
UMGS420	2.25705050476			-
f_20298_3_21	1.80493716335			-
UMGS422	2.35092761778			-
UMGS271	2.04935495693			-
GCF_001182725	1.62377525622			-
13414_6_73	2.31181278051			-
UMGS4	2.64817632949			-
UMGS7	1.94168931809			-
13414_6_70	3.29680275184			-
UMGS1	1.81257840643			-
UMGS3	2.40638191179			-
UMGS2	2.53438980494			-
GCF_900095875	2.373624679			-
UMGS9	1.54146271443			-
UMGS8	2.11698946456			-
GCF_000169015	4.17560843805			-
UMGS2031	2.06338509084			-
GCF_000413375	1.43439832453			-
UMGS175	2.77014442258	control	2.56591335022	0.0299550468833
f_20298_2_33	1.92736764535			-
UMGS808	1.3645380238			0.0444488170197
UMGS806	0.0999553899201			-
GCF_000507845	1.58663357849			-
UMGS1617	2.08266010771			-
UMGS802	2.10452582457			-
UMGS1902	2.14477330279			-
UMGS1903	1.99002285003			-
UMGS1900	2.17553520357			-
UMGS1901	1.61734534695			0.0410217445337
UMGS1906	2.76798047094			-
UMGS1907	0.634580495891			-
UMGS1904	2.00318619528			-
UMGS1905	0.406804181389			-
UMGS1908	1.68989901487			-
UMGS1909	3.22127601853			-
UMGS68	0.8401732847			-
f_20287_6_18	2.74444229958			-
GCF_000245775	2.70527698754			-
UMGS1058	1.51776287002			-
UMGS1059	2.15884934534			0.0383424259317
UMGS1054	2.43668251854			-
UMGS1055	2.19667300146			-
UMGS1056	2.16676754004			0.0461209506561
UMGS1057	1.80419695721			-
UMGS1050	1.96377684679			-
UMGS1051	2.0796113732			-
UMGS1052	1.71171935843			-
UMGS1053	2.5752274011			-
UMGS2011	1.26906854345			-
UMGS2010	3.51688383303			-
UMGS1698	1.80229329408			-
UMGS1699	1.63598001208			0.00631441642989
UMGS429	0.181467642377			-
UMGS2014	2.19183769152			-
UMGS2017	1.73732788027			-
UMGS2016	1.23342962468			-
UMGS1692	2.6612694568			-
UMGS1693	1.28452042956			-
UMGS1690	1.37480122188			-
UMGS1691	3.10214729876			-
UMGS1696	2.16147857983			-
UMGS1697	3.05763412659			-
UMGS1694	3.13042485436			-
UMGS1695	1.33021175304			-
GCF_000238695	3.14640152052			-
UMGS1993	1.95131810395			-
GCF_900107675	2.74209848595			-
GCF_000156375	2.51800949128			-
