MetaT k13_genus,MetaT k12_genus,Deep_genus,MetaT k13_species,MetaT k12_species,Deep_species
0.9882,0.9828,1.0000,0.3584,0.1887,0.0458
0.9850,0.9822,0.9970,0.1645,0.0678,0.0129
0.9857,0.9797,0.9970,0.9772,0.9454,0.6804
0.9881,0.9827,0.9985,0.9912,0.9902,0.9955
0.9886,0.9830,1.0000,0.1707,0.0769,0.0430
0.9881,0.9828,1.0000,0.9892,0.9896,0.9950
0.9884,0.9828,1.0000,0.9992,0.9984,0.9771
0.9819,0.9785,0.9950,0.1783,0.0700,0.0262
0.9889,0.9833,1.0000,0.9558,0.9355,0.9166
0.9882,0.9822,0.9988,0.9652,0.9641,0.9791
0.9885,0.9827,0.9997,0.9929,0.9926,0.9767
0.9871,0.9817,0.9989,0.6947,0.0106,0.0094
0.9888,0.9827,1.0000,0.6301,0.3372,0.1239
0.9884,0.9830,1.0000,0.9291,0.8723,0.7068
0.9884,0.9831,1.0000,0.9704,0.9699,0.9955
0.9883,0.9829,1.0000,0.9641,0.9591,0.9325
0.8919,0.8938,0.8187,0.2307,0.0938,0.0373
0.3997,0.3940,0.9996,0.9742,0.9113,0.5908
0.9886,0.9829,1.0000,0.9698,0.9668,0.9560
0.9889,0.9832,1.0000,0.9756,0.9748,0.9391
0.9883,0.9827,0.9997,0.9481,0.9232,0.9442
0.9887,0.9829,0.9998,0.9736,0.9628,0.9483
0.9881,0.9825,0.9996,0.9803,0.9789,0.9249
0.9493,0.9490,0.9618,0.9674,0.9487,0.8822
0.9881,0.9828,1.0000,0.9529,0.9405,0.9034
0.9886,0.9830,0.9999,0.9680,0.9571,0.8999
0.9887,0.9829,0.9998,0.8020,0.4804,0.4269
0.9880,0.9829,1.0000,0.8622,0.5451,0.5446
0.9887,0.9831,0.9999,0.9964,0.9941,0.9891
0.9604,0.9424,0.9134,0.9955,0.9938,0.9457
0.9863,0.9827,0.9992,0.9503,0.9378,0.9081
0.9885,0.9830,0.9999,0.2106,0.0766,0.0257
0.4665,0.4608,1.0000,0.9466,0.9422,0.9542
0.9881,0.9827,1.0000,0.9633,0.9546,0.8126
0.9884,0.9830,0.9999,0.9605,0.9518,0.9446
0.9886,0.9830,1.0000,0.2028,0.0794,0.0191
0.9878,0.9825,0.9991,0.9801,0.9692,0.8352
0.9884,0.9831,1.0000,0.9762,0.8851,0.7406
0.9709,0.9727,0.9842,0.9797,0.9664,0.9075
0.9741,0.9717,0.9891,0.9689,0.9682,0.9831
0.9884,0.9829,0.9999,0.1639,0.0649,0.0171
0.9779,0.9759,0.9903,0.1985,0.0812,0.0125
0.9694,0.9570,0.9645,0.9233,0.8747,0.7727
0.9795,0.9729,0.9761,0.9978,0.9776,0.8897
0.9879,0.9826,0.9997,0.9414,0.8928,0.8591
0.9870,0.9815,0.9960,0.9663,0.9663,0.9925
0.9882,0.9830,0.9996,0.9710,0.9527,0.9384
0.9885,0.9831,1.0000,0.9772,0.9778,0.9721
0.9493,0.9163,0.8988,0.9303,0.7687,0.8174
0.9883,0.9829,1.0000,0.9742,0.8083,0.4899
0.9884,0.9828,1.0000,0.9302,0.7594,0.6986
0.9887,0.9831,1.0000,0.8633,0.0001,0.0017
0.9882,0.9822,0.9993,0.9741,0.9275,0.7958
0.9879,0.9828,1.0000,0.1599,0.0624,0.0078
0.9885,0.9828,0.9998,0.9754,0.9395,0.7383
0.9886,0.9832,1.0000,0.9677,0.9653,0.9727
0.9888,0.9831,1.0000,0.9211,0.8198,0.6232
0.9777,0.9681,0.9826,0.9692,0.9603,0.9017
0.9885,0.9830,0.9999,0.9479,0.8471,0.8404
0.9789,0.9728,0.9846,0.7531,0.3688,0.1260
0.9882,0.9828,0.9996,0.1403,0.0617,0.0207
0.9882,0.9829,0.9997,0.9871,0.9839,0.9537
0.9884,0.9830,1.0000,0.9469,0.9085,0.8847
0.9615,0.9621,0.9702,0.9969,0.9818,0.8708
0.9875,0.9820,0.9991,0.9636,0.9634,0.9932
0.9836,0.9819,0.9986,0.9659,0.9654,0.9638
0.9882,0.9828,1.0000,0.6435,0.3017,0.0551
0.9820,0.9811,0.9956,0.9676,0.9643,0.9174
0.9881,0.9825,0.9995,0.9770,0.9744,0.9608
0.9884,0.9829,0.9999,0.9848,0.9783,0.8720
0.9048,0.8635,0.7335,0.9885,0.9838,0.9665
0.9435,0.9274,0.8912,0.9900,0.9899,0.9965
0.9793,0.9749,0.9923,0.9554,0.8960,0.5639
0.9886,0.9830,1.0000,0.9679,0.9668,0.9740
0.9818,0.9766,0.9870,0.9789,0.9733,0.9742
0.9876,0.9822,0.9992,0.9781,0.9747,0.8967
0.9875,0.9815,0.9983,0.4566,0.0334,0.0078
0.9887,0.9830,1.0000,0.9616,0.9029,0.7899
0.9706,0.9678,0.9891,0.9336,0.9382,0.9226
0.9881,0.9828,1.0000,0.9739,0.9644,0.9840
0.9863,0.9799,0.9986,0.9616,0.9080,0.5956
0.9885,0.9828,1.0000,0.9801,0.9803,0.9906
0.9876,0.9819,0.9994,0.9866,0.9819,0.8652
0.9886,0.9830,1.0000,0.9856,0.9824,0.9620
0.9885,0.9829,0.9997,0.9577,0.9477,0.9739
0.9873,0.9821,0.9991,0.9507,0.6623,0.4178
0.9875,0.9817,0.9990,0.9715,0.9711,0.9889
0.9885,0.9828,0.9999,0.9782,0.9200,0.7772
0.9884,0.9830,1.0000,0.0768,0.0361,0.0080
0.9877,0.9829,0.9997,0.8547,0.8084,0.4258
0.9862,0.9806,0.9973,0.9776,0.9762,0.9851
0.9883,0.9829,1.0000,0.9761,0.9562,0.7878
0.9888,0.9831,1.0000,0.3548,0.3002,0.1369
0.9887,0.9830,1.0000,0.9683,0.6815,0.3372
0.6868,0.6813,1.0000,0.3050,0.1896,0.0497
0.9885,0.9830,1.0000,0.9882,0.9865,0.9834
0.9885,0.9831,1.0000,0.9876,0.9869,0.9935
0.9883,0.9827,0.9999,0.7192,0.2033,0.0807
0.9884,0.9829,1.0000,0.9573,0.9559,0.9311
0.9800,0.9782,0.9917,0.9894,0.9812,0.9271
0.9838,0.9780,0.9944,0.2052,0.1154,0.0128
0.9888,0.9832,1.0000,0.9765,0.9758,0.9735
0.9870,0.9816,0.9987,0.9726,0.9725,0.9939
0.9882,0.9825,0.9994,0.9679,0.9568,0.9596
0.9884,0.9830,0.9998,0.8602,0.0204,0.0092
0.9865,0.9807,0.9979,0.9711,0.9705,0.9778
0.9885,0.9828,1.0000,0.1431,0.0660,0.0160
0.9841,0.9801,0.9959,0.9328,0.8980,0.9075
0.9882,0.9827,1.0000,0.9728,0.9399,0.9740
0.9877,0.9822,0.9992,0.9679,0.9675,0.9767
0.9881,0.9826,0.9999,0.9783,0.9630,0.7570
0.9887,0.9830,0.9999,0.8729,0.0247,0.0099
0.9876,0.9827,0.9996,0.0819,0.0417,0.0128
0.9884,0.9830,1.0000,0.9746,0.9741,0.9871
0.9883,0.9828,0.9997,0.9850,0.9816,0.9722
0.9842,0.9792,0.9963,0.9595,0.9490,0.8900
0.9799,0.9732,0.9926,0.6797,0.6221,0.4099
0.9883,0.9828,1.0000,0.9879,0.9877,0.9980
0.9881,0.9832,1.0000,0.9777,0.9770,0.9918
0.9884,0.9830,1.0000,0.0301,0.0000,0.0008
,,,0.9709,0.9714,0.9456
,,,0.9669,0.9563,0.8992
,,,0.9898,0.9861,0.9749
,,,0.5845,0.4476,0.2472
,,,0.6118,0.0673,0.0159
,,,0.9357,0.9413,0.8673
,,,0.9523,0.9282,0.7350
,,,0.9938,0.9869,0.8713
,,,0.9912,0.9879,0.9692
,,,0.9522,0.2877,0.1449
,,,0.7735,0.6703,0.3546
,,,0.9682,0.8965,0.7909
,,,0.9819,0.9833,0.9734
,,,0.9807,0.9793,0.9220
,,,0.9681,0.9651,0.9832
,,,0.9922,0.9904,0.9312
,,,0.9723,0.7935,0.4076
,,,0.9719,0.9692,0.9925
,,,0.9680,0.9671,0.9811
,,,0.8517,0.0330,0.0266
,,,0.1644,0.0309,0.0059
,,,0.9800,0.9786,0.9715
,,,0.9855,0.9659,0.7942
,,,0.1512,0.0540,0.0083
,,,0.9959,0.9927,0.9625
,,,0.1652,0.0651,0.0242
,,,0.9689,0.9182,0.6272
,,,0.9816,0.9801,0.9044
,,,0.9685,0.9674,0.9547
,,,0.8956,0.2257,0.1370
,,,0.9605,0.6133,0.2385
,,,0.9713,0.9714,0.9812
,,,0.0913,0.0478,0.0254
,,,0.4064,0.3323,0.2244
,,,0.9430,0.3976,0.2213
,,,0.9847,0.9850,0.9856
,,,0.9789,0.9784,0.9983
,,,0.9615,0.9557,0.8934
,,,0.1176,0.0727,0.0165
,,,0.9657,0.6465,0.2064
,,,0.6244,0.6937,0.6975
,,,0.9829,0.9802,0.9742
,,,0.2627,0.0861,0.0230
,,,0.9546,0.9464,0.9669
,,,0.1915,0.0845,0.0136
,,,0.9668,0.9273,0.8722
,,,0.9575,0.9618,0.8674
,,,0.9894,0.9897,0.9771
,,,0.9968,0.9966,0.9975
,,,0.9614,0.9607,0.9481
,,,0.9700,0.9621,0.8276
,,,0.9689,0.9664,0.9933
,,,0.9851,0.9825,0.9839
,,,0.9686,0.9641,0.9811
,,,0.9815,0.8300,0.3556
,,,0.9592,0.8641,0.4799
,,,0.9813,0.9780,0.9898
,,,0.9864,0.9749,0.8231
,,,0.9562,0.8520,0.8429
,,,0.3405,0.2644,0.1290
,,,0.9558,0.9639,0.9260
,,,0.9865,0.9866,0.9919
,,,0.9795,0.5056,0.2778
,,,0.9713,0.9450,0.7848
,,,0.9133,0.9064,0.7849
,,,0.9708,0.9703,0.9960
,,,0.9254,0.4561,0.2097
,,,0.9812,0.9607,0.9460
,,,0.9793,0.6515,0.3304
,,,0.9765,0.9765,0.9983
,,,0.9889,0.9694,0.7721
,,,0.9664,0.9532,0.8413
,,,0.1932,0.0835,0.0370
,,,0.9735,0.9725,0.9737
,,,0.9683,0.9672,0.9818
,,,0.9610,0.8587,0.7396
,,,0.9880,0.9873,0.9793
,,,0.7111,0.3325,0.1473
,,,0.9843,0.9849,0.9816
,,,0.9452,0.8390,0.8331
,,,0.9544,0.9504,0.9544
,,,0.9767,0.7959,0.2878
,,,0.9049,0.7510,0.6128
,,,0.9664,0.9445,0.7478
,,,0.9587,0.9490,0.7745
,,,0.2493,0.1081,0.0210
,,,0.9438,0.9137,0.8612
,,,0.9736,0.9707,0.9771
,,,0.9719,0.9717,0.9314
,,,0.2171,0.0508,0.0080
,,,0.8678,0.5045,0.5073
,,,0.9940,0.9646,0.6754
,,,0.9544,0.9560,0.9826
,,,0.9761,0.9742,0.9689
,,,0.9671,0.9648,0.9602
,,,0.1579,0.0897,0.0200
,,,0.9664,0.9662,0.9951
,,,0.9651,0.9612,0.9635
,,,0.9452,0.9241,0.7897
,,,0.9932,0.9914,0.9821
,,,0.9457,0.5799,0.2019
,,,0.9502,0.9333,0.9842
,,,0.9202,0.7421,0.3265
,,,0.9694,0.9222,0.7448
,,,0.9870,0.5834,0.2609
,,,0.9617,0.8580,0.5286
,,,0.9659,0.9471,0.8400
,,,0.9654,0.9620,0.9573
,,,0.9794,0.9776,0.9956
,,,0.9930,0.9844,0.9079
,,,0.9554,0.9430,0.8777
,,,0.9693,0.8253,0.3713
,,,0.9869,0.9848,0.9931
,,,0.9923,0.9914,0.9889
,,,0.9037,0.8580,0.5591
,,,0.9663,0.9623,0.9351
,,,0.9743,0.9541,0.7338
,,,0.9694,0.9711,0.9470
,,,0.1428,0.0685,0.0282
,,,0.9637,0.9637,0.9496
,,,0.1965,0.1038,0.0169
,,,0.9725,0.9709,0.9529
,,,0.9535,0.9416,0.8829
,,,0.9399,0.7801,0.4545
,,,0.9783,0.9784,0.9873
,,,0.9748,0.9774,0.9712
,,,0.9744,0.9732,0.9764
,,,0.9695,0.9674,0.9466
,,,0.9840,0.8610,0.5292
,,,0.6520,0.4530,0.1704
,,,0.9700,0.9700,0.9853
,,,0.9468,0.8479,0.5494
,,,0.9570,0.6819,0.5792
,,,0.8984,0.3148,0.1114
,,,0.9223,0.8719,0.5212
,,,0.9643,0.9624,0.9286
,,,0.9758,0.9750,0.9810
,,,0.1807,0.0425,0.0133
,,,0.9814,0.9810,0.9975
,,,0.9752,0.8265,0.3130
,,,0.9921,0.9890,0.9090
,,,0.9622,0.8138,0.3820
,,,0.9288,0.4510,0.5273
,,,0.9805,0.9648,0.9200
,,,0.9801,0.9788,0.9823
,,,0.9054,0.9009,0.7348
,,,0.9836,0.9754,0.9788
,,,0.8786,0.7693,0.4529
,,,0.9706,0.9526,0.7995
,,,0.9078,0.7812,0.7943
,,,0.9679,0.9644,0.9062
,,,0.0531,0.0175,0.0075
,,,0.9717,0.9713,0.9536
,,,0.8846,0.6503,0.5050
,,,0.9606,0.9458,0.8483
,,,0.9625,0.9621,0.9423
,,,0.1000,0.0356,0.0184
,,,0.0834,0.0373,0.0134
,,,0.2899,0.1091,0.0110
,,,0.9701,0.9729,0.9937
,,,0.9749,0.9739,0.9965
,,,0.9540,0.9591,0.9793
,,,0.9824,0.9784,0.9158
,,,0.9002,0.4146,0.3658
,,,0.5656,0.0001,0.0036
,,,0.8455,0.7289,0.3899
,,,0.9838,0.9838,0.9608
,,,0.9452,0.1988,0.0957
,,,0.9369,0.8954,0.9201
,,,0.9501,0.9483,0.8942
,,,0.9789,0.9781,0.9923
,,,0.9749,0.9599,0.8235
,,,0.9518,0.8823,0.5705
,,,0.9584,0.9516,0.8914
,,,0.2148,0.0562,0.0229
,,,0.9694,0.9674,0.9757
,,,0.9601,0.9607,0.9545
,,,0.9574,0.9555,0.9553
,,,0.9707,0.9680,0.9685
,,,0.1565,0.0814,0.0293
,,,0.9203,0.9002,0.9200
,,,0.9731,0.9370,0.6428
,,,0.9561,0.9551,0.9880
,,,0.6254,0.3664,0.2316
,,,0.9211,0.9671,0.9168
,,,0.9745,0.9617,0.9043
,,,0.9480,0.8357,0.3534
,,,0.2971,0.2149,0.0937
,,,0.9671,0.8864,0.6993
,,,0.9776,0.9722,0.9620
,,,0.9768,0.9708,0.8208
,,,0.9972,0.9965,0.9965
,,,0.9570,0.9573,0.9523
,,,0.7832,0.5797,0.2664
,,,0.9295,0.9101,0.6240
,,,0.9879,0.9854,0.8602
,,,0.9673,0.9522,0.8760
,,,0.9953,0.9946,0.9676
,,,0.9574,0.9590,0.9473
,,,0.9460,0.9499,0.9657
,,,0.6712,0.4856,0.1617
,,,0.9954,0.9957,0.9951
,,,0.9640,0.9472,0.9407
,,,0.9767,0.9762,0.9852
,,,0.9786,0.2846,0.1313
,,,0.9069,0.8091,0.5647
,,,0.9845,0.9826,0.9675
,,,0.9824,0.8280,0.5300
,,,0.9548,0.9502,0.9231
,,,0.9725,0.9646,0.9631
,,,0.9472,0.8419,0.4990
,,,0.9798,0.9795,0.9973
,,,0.9881,0.9866,0.9334
,,,0.9761,0.9637,0.7015
,,,0.9587,0.9475,0.9099
,,,0.9911,0.9900,0.9674
,,,0.9898,0.9900,0.9680
,,,0.7718,0.4432,0.1319
,,,0.9875,0.9851,0.9821
,,,0.9686,0.9684,0.9931
,,,0.9633,0.9582,0.9839
,,,0.9433,0.7807,0.4036
,,,0.9654,0.9578,0.9427
,,,0.9809,0.9767,0.8990
,,,0.8756,0.5160,0.2565
,,,0.2570,0.1602,0.0445
,,,0.2811,0.0681,0.0116
,,,0.9601,0.9597,0.9951
,,,0.1140,0.0410,0.0083
,,,0.9842,0.9834,0.9913
,,,0.9738,0.9504,0.7373
,,,0.1694,0.0628,0.0149
,,,0.9854,0.9808,0.9723
,,,0.2572,0.0542,0.0062
,,,0.9658,0.9609,0.9525
,,,0.2892,0.1434,0.0157
,,,0.9582,0.9451,0.9698
,,,0.9403,0.8549,0.8315
,,,0.0630,0.0282,0.0102
,,,0.6042,0.1978,0.0799
,,,0.9623,0.9590,0.9377
,,,0.9712,0.9694,0.9939
,,,0.9633,0.9614,0.9665
,,,0.9379,0.6302,0.5744
,,,0.9839,0.9496,0.5895
,,,0.9337,0.7696,0.7153
,,,0.8498,0.8047,0.6677
,,,0.9491,0.9397,0.9172
,,,0.9852,0.9844,0.9874
,,,0.9496,0.9239,0.6509
,,,0.9734,0.9645,0.9570
,,,0.4106,0.0376,0.0434
,,,0.0635,0.0122,0.0034
,,,0.9184,0.8634,0.6208
,,,0.9426,0.9222,0.8005
,,,0.9928,0.9900,0.9829
,,,0.2139,0.0953,0.0232
,,,0.9175,0.8690,0.8221
,,,0.9468,0.9134,0.9624
,,,0.9913,0.9912,0.9941
,,,0.9916,0.9911,0.9873
,,,0.9592,0.9496,0.7109
,,,0.9904,0.9903,0.9979
,,,0.9825,0.9813,0.9873
,,,0.9309,0.8558,0.5728
,,,0.9453,0.4654,0.1626
,,,0.9390,0.9326,0.8782
,,,0.5432,0.3162,0.1277
,,,0.9672,0.9577,0.9226
,,,0.9401,0.9228,0.7464
,,,0.9498,0.9331,0.7068
,,,0.9837,0.9772,0.9100
,,,0.9073,0.7911,0.3429
,,,0.9602,0.9527,0.8278
,,,0.8904,0.5999,0.5006
,,,0.9806,0.9791,0.9790
,,,0.9718,0.9678,0.9431
,,,0.1525,0.0530,0.0109
,,,0.8517,0.6463,0.4279
,,,0.9659,0.9507,0.8422
,,,0.9808,0.9758,0.9430
,,,0.2063,0.0732,0.0133
,,,0.1815,0.0724,0.0171
,,,0.9615,0.3536,0.1268
,,,0.9769,0.9568,0.7736
,,,0.9676,0.9666,0.9566
,,,0.9289,0.6229,0.5068
,,,0.9838,0.9838,0.9937
,,,0.9730,0.7910,0.3235
,,,0.2073,0.0780,0.0294
,,,0.9688,0.9663,0.9722
,,,0.9697,0.9670,0.9907
,,,0.9767,0.9724,0.9048
,,,0.9722,0.9720,0.9846
,,,0.9608,0.9184,0.8079
,,,0.7229,0.2414,0.1851
,,,0.1552,0.0454,0.0087
,,,0.9625,0.7731,0.5252
,,,0.9818,0.9727,0.9353
,,,0.5645,0.7240,0.6680
,,,0.1458,0.0715,0.0160
,,,0.9680,0.9627,0.9317
,,,0.9926,0.9917,0.9936
,,,0.9644,0.9627,0.9436
,,,0.1552,0.0000,0.0000
,,,0.7288,0.4523,0.3247
,,,0.1268,0.0585,0.0113
,,,0.9911,0.9856,0.9752
,,,0.1884,0.0950,0.0218
,,,0.9727,0.9713,0.9602
,,,0.9681,0.8954,0.4162
,,,0.2046,0.0570,0.0169
,,,0.9142,0.8232,0.4580
,,,0.9471,0.9328,0.8895
,,,0.9714,0.9626,0.8379
,,,0.9566,0.5073,0.2724
,,,0.9264,0.8893,0.7883
,,,0.9700,0.9699,0.9792
,,,0.9406,0.7821,0.5924
,,,0.9383,0.9328,0.9137
,,,0.2646,0.2026,0.0358
,,,0.9963,0.9875,0.8975
,,,0.2258,0.1573,0.0212
,,,0.9947,0.9849,0.9533
,,,0.9516,0.7758,0.3726
,,,0.0925,0.0436,0.0130
,,,0.5225,0.3823,0.1990
,,,0.9985,0.9985,0.9996
,,,0.9751,0.9672,0.9787
,,,0.9586,0.9541,0.8410
,,,0.9600,0.4535,0.1973
,,,0.9754,0.9739,0.9895
,,,0.9806,0.9756,0.9280
,,,0.9622,0.9622,0.9589
,,,0.9777,0.9684,0.8998
,,,0.8426,0.5815,0.3863
,,,0.9678,0.9665,0.9462
,,,0.9978,0.9975,0.9798
,,,0.9583,0.9376,0.9527
,,,0.9397,0.9076,0.5331
,,,0.9859,0.5542,0.2549
,,,0.9891,0.9886,0.9965
,,,0.8056,0.0974,0.0817
,,,0.9829,0.9737,0.8961
,,,0.9782,0.9765,0.9793
,,,0.9495,0.9413,0.9001
,,,0.1521,0.0645,0.0185
,,,0.9584,0.9264,0.7435
,,,0.1985,0.0875,0.0077
,,,0.1281,0.0420,0.0116
,,,0.9715,0.9634,0.8027
,,,0.6872,0.2880,0.0720
,,,0.0856,0.0420,0.0111
,,,0.9640,0.9638,0.9977
,,,0.9060,0.6071,0.2235
,,,0.9892,0.9890,0.9985
,,,0.9761,0.9749,0.9929
,,,0.9946,0.9871,0.9580
,,,0.9668,0.9664,0.9598
,,,0.9519,0.2570,0.1025
,,,0.9700,0.7649,0.7430
,,,0.9675,0.9006,0.8676
,,,0.9175,0.5945,0.3427
,,,0.9967,0.9922,0.9919
,,,0.9859,0.9839,0.9429
,,,0.9884,0.9823,0.9603
,,,0.8491,0.0309,0.0068
,,,0.1207,0.0465,0.0065
,,,0.9706,0.5437,0.2837
,,,0.9472,0.9335,0.9081
,,,0.7963,0.0295,0.0255
,,,0.1184,0.0512,0.0158
,,,0.9721,0.9715,0.9725
,,,0.1310,0.0470,0.0176
,,,0.9478,0.8865,0.6773
,,,0.9464,0.9388,0.8911
,,,0.9715,0.9712,0.9864
,,,0.9766,0.9750,0.9807
,,,0.9666,0.5143,0.1638
,,,0.9681,0.9654,0.9625
,,,0.9645,0.9621,0.9487
,,,0.2915,0.0741,0.0293
,,,0.7096,0.0443,0.0191
,,,0.9520,0.9468,0.9792
,,,0.9949,0.9943,0.9873
,,,0.9767,0.9768,0.9807
,,,0.9668,0.9665,0.9987
,,,0.9808,0.9601,0.7849
,,,0.9895,0.9861,0.8645
,,,0.9685,0.9640,0.9037
,,,0.9857,0.4969,0.1636
,,,0.4312,0.1813,0.0343
,,,0.9612,0.8386,0.5870
,,,0.9495,0.9477,0.9632
,,,0.1471,0.0780,0.0322
,,,0.8380,0.6390,0.2725
,,,0.9638,0.9161,0.9233
,,,0.9883,0.9851,0.8995
,,,0.9439,0.8995,0.8516
,,,0.9027,0.6536,0.3827
,,,0.4794,0.1904,0.0554
,,,0.9611,0.9384,0.9285
,,,0.9864,0.9741,0.9775
,,,0.9304,0.8437,0.4420
,,,0.9671,0.9219,0.7539
,,,0.9755,0.9754,0.9901
,,,0.9678,0.9673,0.9560
,,,0.9440,0.8746,0.7468
,,,0.9636,0.9610,0.9564
,,,0.9788,0.9784,0.9925
,,,0.9691,0.9685,0.9982
,,,0.9793,0.9732,0.9094
,,,0.9449,0.8942,0.7328
,,,0.9540,0.9473,0.9648
,,,0.9208,0.9504,0.8803
,,,0.9507,0.9515,0.9610
,,,0.9700,0.9700,0.9937
,,,0.9966,0.9954,0.9528
,,,0.9640,0.9475,0.9452
,,,0.9683,0.9566,0.8989
,,,0.9789,0.9791,0.9885
,,,0.9353,0.0996,0.0473
,,,0.9396,0.3833,0.1485
,,,0.9091,0.8781,0.7149
,,,0.9721,0.9711,0.9530
,,,0.9721,0.9461,0.8626
,,,0.9480,0.9425,0.9653
,,,0.9691,0.9424,0.8417
,,,0.9763,0.6966,0.4986
,,,0.9771,0.9770,0.9631
,,,0.9779,0.9758,0.9443
,,,0.9649,0.9633,0.9734
,,,0.7973,0.0474,0.0763
,,,0.9900,0.9892,0.9907
,,,0.9498,0.9457,0.9660
,,,0.8269,0.1181,0.0523
,,,0.9771,0.9765,0.9809
,,,0.9894,0.9883,0.9392
,,,0.9632,0.9557,0.9836
,,,0.9834,0.8452,0.5418
,,,0.8376,0.1393,0.0296
,,,0.9949,0.9923,0.9898
,,,0.8151,0.6612,0.6024
,,,0.9460,0.8146,0.7625
,,,0.8165,0.0265,0.0264
,,,0.9690,0.9570,0.9782
,,,0.0940,0.0298,0.0094
,,,0.9740,0.9697,0.9428
,,,0.9619,0.8847,0.6128
,,,0.8336,0.4893,0.2912
,,,0.8750,0.7954,0.8187
,,,0.9855,0.9835,0.9968
,,,0.2138,0.0871,0.0149
,,,0.9871,0.9865,0.9554
,,,0.9882,0.9851,0.9811
,,,0.9791,0.9755,0.9253
,,,0.2250,0.0924,0.0284
,,,0.9948,0.9947,0.9994
,,,0.9496,0.9397,0.9113
,,,0.9908,0.9857,0.9647
,,,0.9497,0.9413,0.8882
,,,0.9849,0.9836,0.9406
,,,0.9042,0.9662,0.9546
,,,0.9656,0.9640,0.9936
,,,0.9734,0.9677,0.8408
,,,0.9666,0.9135,0.5954
,,,0.9664,0.9634,0.9504
,,,0.3083,0.2434,0.0652
,,,0.9890,0.9851,0.9907
,,,0.9686,0.9638,0.9426
,,,0.9929,0.8738,0.7346
,,,0.9846,0.9767,0.8957
,,,0.9915,0.9071,0.6690
,,,0.6010,0.2876,0.1635
,,,0.9906,0.9884,0.9489
,,,0.9741,0.9223,0.8583
,,,0.9662,0.9624,0.9494
,,,0.8328,0.4286,0.5468
,,,0.9813,0.9801,0.9473
,,,0.7300,0.1158,0.1223
,,,0.9147,0.8485,0.5561
,,,0.9881,0.9861,0.9902
,,,0.9699,0.9689,0.9910
,,,0.2906,0.1592,0.0271
,,,0.9553,0.9551,0.9636
,,,0.9459,0.4770,0.1536
,,,0.9722,0.9666,0.8653
,,,0.9729,0.9627,0.9427
,,,0.9727,0.9726,0.9924
,,,0.9574,0.9480,0.8743
,,,0.9657,0.9656,0.9452
,,,0.9782,0.9130,0.6093
,,,0.9712,0.9679,0.9538
,,,0.9778,0.9766,0.9936
,,,0.9916,0.9903,0.9692
,,,0.9691,0.9243,0.7029
,,,0.9569,0.8996,0.6895
,,,0.9799,0.9527,0.9387
,,,0.9689,0.9437,0.8084
,,,0.9670,0.9637,0.9618
,,,0.9710,0.9552,0.7620
,,,0.9915,0.9915,0.9974
,,,0.9260,0.8375,0.4070
,,,0.9830,0.9781,0.9643
,,,0.8451,0.4345,0.3051
,,,0.8415,0.5638,0.3842
,,,0.9569,0.9411,0.8339
,,,0.1257,0.0520,0.0187
,,,0.9830,0.9780,0.9159
,,,0.1735,0.0771,0.0217
,,,0.9734,0.9707,0.9368
,,,0.9842,0.9838,0.9836
,,,0.9859,0.9842,0.9679
,,,0.9615,0.9054,0.5676
,,,0.8433,0.7112,0.3796
,,,0.9770,0.9376,0.6798
,,,0.9372,0.9143,0.6912
,,,0.2973,0.0000,0.0010
,,,0.9697,0.9643,0.9568
,,,0.1696,0.0835,0.0095
,,,0.9740,0.9745,0.9973
,,,0.9717,0.9673,0.9756
,,,0.9341,0.6957,0.6112
,,,0.9326,0.7335,0.6641
,,,0.9748,0.9711,0.9578
,,,0.0834,0.0342,0.0121
,,,0.9953,0.9968,0.9930
,,,0.9889,0.9790,0.9812
,,,0.9370,0.9107,0.8256
,,,0.8358,0.5111,0.4045
,,,0.1069,0.0374,0.0061
,,,0.9676,0.9693,0.8634
,,,0.9860,0.9858,0.9956
,,,0.9297,0.9064,0.7911
,,,0.8923,0.7265,0.7991
,,,0.9639,0.9634,0.9803
,,,0.9447,0.9300,0.7472
,,,0.9333,0.9616,0.8995
,,,0.9572,0.9567,0.8689
,,,0.1055,0.0329,0.0075
,,,0.3595,0.0482,0.0240
,,,0.8213,0.0233,0.0297
,,,0.9726,0.9710,0.9952
,,,0.9891,0.9867,0.9257
,,,0.9591,0.1217,0.0709
,,,0.9347,0.4596,0.2185
,,,0.9887,0.9885,0.9955
,,,0.7663,0.5626,0.4529
,,,0.9441,0.8909,0.7611
,,,0.9481,0.7873,0.5405
,,,0.9841,0.9834,0.9748
,,,0.9869,0.9658,0.9716
,,,0.9532,0.9307,0.8023
,,,0.8954,0.7848,0.7103
,,,0.9637,0.9599,0.9432
,,,0.9591,0.9481,0.7509
,,,0.9222,0.3532,0.3112
,,,0.7713,0.1511,0.0894
,,,0.3438,0.1800,0.0786
,,,0.2984,0.1379,0.0308
,,,0.9839,0.6182,0.2063
,,,0.8628,0.0736,0.0346
,,,0.9608,0.9239,0.6767
,,,0.9117,0.8634,0.8362
,,,0.9648,0.8961,0.8453
,,,0.9493,0.9331,0.7594
,,,0.1421,0.0277,0.0023
,,,0.9552,0.9516,0.9159
,,,0.9538,0.5246,0.2823
,,,0.9866,0.7063,0.3066
,,,0.9753,0.9742,0.9695
,,,0.9712,0.9714,0.9977
,,,0.1345,0.0455,0.0055
,,,0.9682,0.6879,0.2205
,,,0.1459,0.0434,0.0191
,,,0.9439,0.7834,0.3298
,,,0.9793,0.9774,0.9624
,,,0.9805,0.9805,0.9703
,,,0.0968,0.0299,0.0128
,,,0.9715,0.9319,0.6616
,,,0.9861,0.9767,0.9736
,,,0.9767,0.9765,0.9422
,,,0.9351,0.9113,0.8225
,,,0.9322,0.8606,0.6771
,,,0.9818,0.9675,0.9553
,,,0.9582,0.9200,0.8329
,,,0.9161,0.5801,0.4272
,,,0.9578,0.9557,0.9590
,,,0.9633,0.9583,0.9557
,,,0.9591,0.9591,0.9327
,,,0.9716,0.9663,0.8993
,,,0.9195,0.8603,0.6185
,,,0.2051,0.0671,0.0170
,,,0.9976,0.9950,0.9677
,,,0.9748,0.9718,0.9372
,,,0.1905,0.0873,0.0371
,,,0.9926,0.9925,0.9961
,,,0.9771,0.9754,0.9810
,,,0.9587,0.9426,0.7771
,,,0.9692,0.9709,0.8982
,,,0.9680,0.9109,0.7186
,,,0.1912,0.0570,0.0133
,,,0.9716,0.9701,0.9513
,,,0.9973,0.9962,0.9881
,,,0.0093,0.0000,0.0000
,,,0.7746,0.5172,0.2232
,,,0.9680,0.9608,0.8600
,,,0.9693,0.9690,0.9970
,,,0.8639,0.6357,0.6840
,,,0.9583,0.9608,0.9668
,,,0.2714,0.1179,0.0393
,,,0.1740,0.0799,0.0130
,,,0.9894,0.9885,0.9747
,,,0.8685,0.6905,0.2998
,,,0.1475,0.0470,0.0131
,,,0.9780,0.9645,0.8234
,,,0.8493,0.7313,0.2934
,,,0.9845,0.9845,0.9973
,,,0.8911,0.8028,0.7896
,,,0.0724,0.0312,0.0034
,,,0.9820,0.9801,0.9753
,,,0.9446,0.8852,0.5339
,,,0.9776,0.9735,0.9447
,,,0.9867,0.9865,0.9952
,,,0.9827,0.9816,0.9875
,,,0.9760,0.9606,0.8479
,,,0.0889,0.0216,0.0096
,,,0.9263,0.8649,0.7599
,,,0.9756,0.9704,0.9381
,,,0.9939,0.9905,0.9787
,,,0.9609,0.9571,0.9812
,,,0.1559,0.0380,0.0057
,,,0.5849,0.3087,0.0951
,,,0.9722,0.9727,0.9612
,,,0.9676,0.9657,0.9808
,,,0.9770,0.9685,0.9582
,,,0.9876,0.9860,0.9733
,,,0.9791,0.9639,0.7773
,,,0.9732,0.9735,0.9935
,,,0.9139,0.7122,0.3752
,,,0.9936,0.9905,0.9761
,,,0.9892,0.9882,0.9637
,,,0.8639,0.1398,0.0650
,,,0.9615,0.4858,0.1754
,,,0.9872,0.9840,0.9691
,,,0.8976,0.6495,0.4268
,,,0.9416,0.9291,0.8561
,,,0.9809,0.9725,0.9560
,,,0.9611,0.9622,0.9627
,,,0.9716,0.9703,0.9879
,,,0.9108,0.4207,0.2886
,,,0.3518,0.2147,0.0668
,,,0.1696,0.0881,0.0302
,,,0.9926,0.9887,0.9674
,,,0.9746,0.9718,0.9656
,,,0.9019,0.7387,0.8172
,,,0.9707,0.9623,0.9601
,,,0.9761,0.9766,0.9825
,,,0.9807,0.9403,0.6306
,,,0.9813,0.9791,0.9641
,,,0.9841,0.9811,0.9671
,,,0.6840,0.2804,0.1587
,,,0.2121,0.0801,0.0185
,,,0.9560,0.9517,0.9317
,,,0.9944,0.9941,0.9747
,,,0.8476,0.0455,0.0110
,,,0.9673,0.9477,0.7381
,,,0.9766,0.9758,0.9962
,,,0.9621,0.9558,0.8419
,,,0.2913,0.1254,0.0209
,,,0.9843,0.9833,0.9902
,,,0.9743,0.9675,0.9248
,,,0.9769,0.9756,0.9748
,,,0.8463,0.6759,0.4033
,,,0.9730,0.9595,0.8397
,,,0.9804,0.9595,0.7936
,,,0.6321,0.1073,0.0469
,,,0.9828,0.9809,0.9767
,,,0.9738,0.9743,0.9970
,,,0.9861,0.9856,0.9667
,,,0.9775,0.9766,0.9859
,,,0.9921,0.9880,0.9371
,,,0.9806,0.9798,0.9925
,,,0.9864,0.9850,0.9984
,,,0.9365,0.8854,0.7898
,,,0.9211,0.1236,0.0598
,,,0.9861,0.9825,0.9630
,,,0.3123,0.0982,0.0142
,,,0.9489,0.9449,0.9433
,,,0.9691,0.9566,0.8414
,,,0.9945,0.9920,0.9736
,,,0.9662,0.9653,0.9891
,,,0.9925,0.9927,0.9954
,,,0.9606,0.9408,0.8790
,,,0.9412,0.9266,0.8754
,,,0.9581,0.9538,0.9536
,,,0.9598,0.9055,0.7089
,,,0.1691,0.0599,0.0125
,,,0.9658,0.9649,0.9473
,,,0.9330,0.8383,0.5049
,,,0.9569,0.9538,0.8873
,,,0.9849,0.9773,0.9608
,,,0.9899,0.9861,0.9405
,,,0.9653,0.9654,0.9817
,,,0.2044,0.0433,0.0153
,,,0.9309,0.1338,0.0631
,,,0.9661,0.9542,0.8850
,,,0.9332,0.9167,0.9035
,,,0.1548,0.0705,0.0121
,,,0.9590,0.9161,0.7067
,,,0.9579,0.6169,0.4501
,,,0.9871,0.9811,0.8509
,,,0.9704,0.9701,0.9365
,,,0.8205,0.0021,0.0078
,,,0.1868,0.0672,0.0227
,,,0.9560,0.9355,0.9114
,,,0.9736,0.9633,0.9522
,,,0.9457,0.7319,0.3598
,,,0.9794,0.9791,0.9834
,,,0.7977,0.3426,0.0680
,,,0.9009,0.2761,0.1495
,,,0.9490,0.9343,0.9512
,,,0.9801,0.9775,0.9139
,,,0.8421,0.8203,0.8210
,,,0.9500,0.9007,0.6053
,,,0.9532,0.9500,0.9763
,,,0.9307,0.6423,0.4083
,,,0.3056,0.2215,0.1218
,,,0.9687,0.9668,0.9735
,,,0.1730,0.0690,0.0393
,,,0.9495,0.8974,0.7215
,,,0.1653,0.0677,0.0129
,,,0.1197,0.0404,0.0135
,,,0.9654,0.9625,0.9612
,,,0.9606,0.9218,0.8245
,,,0.9686,0.9692,0.9761
,,,0.3240,0.1841,0.0364
,,,0.8900,0.9292,0.8799
,,,0.0979,0.0263,0.0048
,,,0.9248,0.3867,0.5765
,,,0.9760,0.9457,0.8036
,,,0.9684,0.9568,0.7943
,,,0.3356,0.0019,0.0017
,,,0.8484,0.6037,0.2753
,,,0.9083,0.9130,0.9193
,,,0.9677,0.7267,0.3537
,,,0.9571,0.9381,0.9136
,,,0.9824,0.9800,0.8057
,,,0.8405,0.8145,0.8825
,,,0.9939,0.9841,0.8886
,,,0.7103,0.5735,0.2103
,,,0.9767,0.9766,0.9981
,,,0.2138,0.1491,0.0294
,,,0.9818,0.9708,0.9160
,,,0.9783,0.9633,0.7181
,,,0.9479,0.9389,0.9320
,,,0.9797,0.9677,0.8668
,,,0.0904,0.0561,0.0104
,,,0.9745,0.9753,0.9869
,,,0.9846,0.9661,0.7603
,,,0.9733,0.9171,0.7742
,,,0.8799,0.6861,0.3935
,,,0.9308,0.8276,0.5746
,,,0.8009,0.7988,0.6500
,,,0.8318,0.7314,0.4909
,,,0.2896,0.0006,0.0012
,,,0.9778,0.9777,0.9932
,,,0.9857,0.9812,0.9321
,,,0.1291,0.0398,0.0080
,,,0.9714,0.9660,0.8885
,,,0.8845,0.6662,0.3821
,,,0.9737,0.9732,0.9977
,,,0.9580,0.9145,0.6626
,,,0.9646,0.9637,0.8487
,,,0.9693,0.9678,0.9923
,,,0.9757,0.8969,0.5974
,,,0.9857,0.9816,0.9646
,,,0.9510,0.9515,0.9197
,,,0.9801,0.9778,0.9876
,,,0.9440,0.7267,0.2593
,,,0.9659,0.9383,0.9040
,,,0.9670,0.4370,0.1318
,,,0.9592,0.9251,0.6580
,,,0.9628,0.9481,0.7762
,,,0.1486,0.0509,0.0167
,,,0.7847,0.6075,0.3147
,,,0.2372,0.1281,0.0396
,,,0.1517,0.0341,0.0146
,,,0.2205,0.1005,0.0102
,,,0.9792,0.9764,0.9572
,,,0.0958,0.0437,0.0080
,,,0.9931,0.9776,0.9308
,,,0.8414,0.5178,0.2581
,,,0.2468,0.1462,0.0125
,,,0.1942,0.0311,0.0073
,,,0.8519,0.6816,0.5181
,,,0.6525,0.2620,0.1091
,,,0.9793,0.9775,0.9089
,,,0.9637,0.9658,0.9860
,,,0.9933,0.9890,0.9695
,,,0.9813,0.9807,0.9932
,,,0.9475,0.9208,0.7232
,,,0.8707,0.1503,0.0963
,,,0.9633,0.7298,0.2632
,,,0.9624,0.9468,0.9188
,,,0.9158,0.8720,0.8033
,,,0.1607,0.0665,0.0239
,,,0.6976,0.4235,0.2842
,,,0.9953,0.9941,0.9648
,,,0.9545,0.9429,0.7513
,,,0.9604,0.9208,0.6913
,,,0.9711,0.9586,0.9647
,,,0.9723,0.9635,0.9555
,,,0.9590,0.9562,0.9658
,,,0.9503,0.8971,0.8843
,,,0.9678,0.9665,0.9828
,,,0.9961,0.9959,0.9985
,,,0.9929,0.9911,0.9716
,,,0.9604,0.9581,0.9764
,,,0.9905,0.9875,0.9521
,,,0.3533,0.2454,0.0784
,,,0.9576,0.8642,0.4127
,,,0.9435,0.9184,0.8129
,,,0.9621,0.9554,0.9798
,,,0.9829,0.9773,0.9518
,,,0.1551,0.0402,0.0045
,,,0.1771,0.0610,0.0197
,,,0.7257,0.4050,0.2934
,,,0.3483,0.2220,0.1339
,,,0.2086,0.0714,0.0212
,,,0.9748,0.9670,0.8637
,,,0.9669,0.9456,0.8018
,,,0.9661,0.9633,0.9941
,,,0.9797,0.9778,0.9623
,,,0.8965,0.8244,0.6039
,,,0.9574,0.9489,0.8405
,,,0.9710,0.9646,0.9502
,,,0.9608,0.9475,0.8757
,,,0.7826,0.7152,0.5378
,,,0.9581,0.9490,0.7253
,,,0.9483,0.9225,0.8758
,,,0.6632,0.0020,0.0069
,,,0.9894,0.9854,0.9675
,,,0.9491,0.9537,0.9632
,,,0.9401,0.2143,0.0728
,,,0.9672,0.9650,0.9333
,,,0.1306,0.0531,0.0211
,,,0.3794,0.1522,0.0506
,,,0.9627,0.9486,0.9180
,,,0.9627,0.9592,0.9225
,,,0.9632,0.8180,0.5327
,,,0.9622,0.9628,0.9937
,,,0.9252,0.2573,0.1110
,,,0.9804,0.9814,0.9836
,,,0.9865,0.9855,0.9465
,,,0.6619,0.5080,0.2812
,,,0.4631,0.0612,0.0101
,,,0.9919,0.9917,0.9941
,,,0.9387,0.8816,0.8781
,,,0.5030,0.0877,0.0111
,,,0.2282,0.0631,0.0105
,,,0.9651,0.9321,0.6419
,,,0.3135,0.1993,0.0858
,,,0.9641,0.9614,0.9520
,,,0.9774,0.9852,0.9692
,,,0.6744,0.0943,0.0239
,,,0.9641,0.9619,0.9378
,,,0.9411,0.8365,0.7679
,,,0.9617,0.9533,0.9181
,,,0.9815,0.9690,0.8944
,,,0.9675,0.9663,0.9905
,,,0.9779,0.8380,0.4946
,,,0.0853,0.0235,0.0063
,,,0.9673,0.9667,0.9926
,,,0.9758,0.9238,0.8438
,,,0.9393,0.8444,0.4987
,,,0.2099,0.0928,0.0450
,,,0.9659,0.9633,0.9358
,,,0.9689,0.9604,0.8277
,,,0.5042,0.6718,0.4611
,,,0.9678,0.9647,0.9848
,,,0.9675,0.9667,0.9891
,,,0.8087,0.4714,0.2860
,,,0.9802,0.9753,0.9672
,,,0.2631,0.1276,0.0254
,,,0.9679,0.9669,0.9647
,,,0.9836,0.9821,0.9781
,,,0.9551,0.8684,0.8458
,,,0.3287,0.0958,0.0187
,,,0.9785,0.9785,0.9989
,,,0.5845,0.4390,0.2032
,,,0.9217,0.6758,0.5329
,,,0.9878,0.8511,0.5161
,,,0.9877,0.9876,0.9904
,,,0.9830,0.9820,0.9980
,,,0.9850,0.9669,0.8043
,,,0.9662,0.9657,0.9799
,,,0.9694,0.9522,0.9585
,,,0.4596,0.1814,0.0883
,,,0.6024,0.1624,0.1513
,,,0.8316,0.2153,0.2207
,,,0.8052,0.4262,0.3386
,,,0.9396,0.9455,0.8868
,,,0.7254,0.4132,0.2970
,,,0.2910,0.2213,0.1100
,,,0.9562,0.9568,0.9584
,,,0.6615,0.2031,0.0903
,,,0.9664,0.9667,0.9462
,,,0.9182,0.8867,0.7291
,,,0.9759,0.9725,0.9783
,,,0.9820,0.9782,0.9208
,,,0.0761,0.0329,0.0104
,,,0.9688,0.7251,0.2753
,,,0.9792,0.9679,0.9478
,,,0.1595,0.0263,0.0040
,,,0.9694,0.9348,0.7745
,,,0.9977,0.9980,0.9949
,,,0.9618,0.8434,0.6761
,,,0.9726,0.9718,0.9636
,,,0.9669,0.9600,0.9865
,,,0.2412,0.1417,0.0461
,,,0.9867,0.9786,0.9725
,,,0.1667,0.0622,0.0152
,,,0.9820,0.9439,0.8626
,,,0.9804,0.9679,0.9750
,,,0.9728,0.9696,0.8479
,,,0.9755,0.9754,0.9643
,,,0.9714,0.9703,0.9915
,,,0.9883,0.9764,0.8292
,,,0.9439,0.7950,0.4235
,,,0.9026,0.7700,0.7294
,,,0.9406,0.3473,0.3050
,,,0.9832,0.8218,0.3809
,,,0.9860,0.9865,0.9963
,,,0.9545,0.6842,0.3034
,,,0.3150,0.1119,0.0163
,,,0.9177,0.8692,0.7771
,,,0.9812,0.9731,0.9386
,,,0.3497,0.0620,0.0326
,,,0.9681,0.9615,0.9406
,,,0.9916,0.9921,0.9916
,,,0.4850,0.4161,0.2766
,,,0.9728,0.7545,0.3074
,,,0.7899,0.3242,0.1856
,,,0.2782,0.2370,0.0816
,,,0.9213,0.7477,0.4311
,,,0.7767,0.5498,0.5993
,,,0.1457,0.0509,0.0061
,,,0.9339,0.9192,0.8938
,,,0.9639,0.9191,0.8688
,,,0.9400,0.4447,0.0770
,,,0.2036,0.1004,0.0403
,,,0.9711,0.9520,0.7802
,,,0.5117,0.0000,0.0007
,,,0.9716,0.9678,0.9581
,,,0.9868,0.9852,0.9924
,,,0.9667,0.9671,0.9763
,,,0.9673,0.9669,0.9813
,,,0.9325,0.9343,0.9169
,,,0.9729,0.9725,0.9836
,,,0.7531,0.7670,0.6549
,,,0.9789,0.9785,0.9965
,,,0.2061,0.0691,0.0313
,,,0.8748,0.4518,0.1079
,,,0.9596,0.9348,0.7107
,,,0.8159,0.0248,0.0011
,,,0.9770,0.9745,0.9822
,,,0.9798,0.9703,0.9442
,,,0.9822,0.9815,0.9850
,,,0.9743,0.9730,0.9612
,,,0.9598,0.9500,0.9274
,,,0.4388,0.2827,0.0716
,,,0.8821,0.8096,0.4189
,,,0.9822,0.9822,0.9909
,,,0.9663,0.9403,0.6846
,,,0.9575,0.8817,0.8117
,,,0.4917,0.4055,0.3672
,,,0.9925,0.9935,0.9427
,,,0.9929,0.9907,0.9751
,,,0.9865,0.9862,0.9933
,,,0.9650,0.9524,0.8204
,,,0.9694,0.9413,0.7317
,,,0.9947,0.9928,0.9833
,,,0.1328,0.0622,0.0231
,,,0.6442,0.4324,0.2053
,,,0.9299,0.9079,0.7638
,,,0.9670,0.9620,0.9391
,,,0.9809,0.9759,0.9218
,,,0.9712,0.9631,0.9278
,,,0.8960,0.9421,0.7769
,,,0.9156,0.9292,0.8204
,,,0.9620,0.9611,0.9571
,,,0.9763,0.9752,0.9862
,,,0.9781,0.9734,0.9884
,,,0.9424,0.9301,0.9019
,,,0.9755,0.9685,0.9609
,,,0.9838,0.9828,0.9942
,,,0.9753,0.1779,0.0874
,,,0.9760,0.9759,0.9639
,,,0.1850,0.0838,0.0197
,,,0.9929,0.9880,0.9588
,,,0.9016,0.8371,0.6642
,,,0.9875,0.9869,0.9930
,,,0.9351,0.5849,0.4577
,,,0.9712,0.9709,0.9820
,,,0.9810,0.9798,0.9931
,,,0.9938,0.9750,0.7735
,,,0.9636,0.9585,0.9423
,,,0.9834,0.9591,0.7608
,,,0.9769,0.9623,0.8578
,,,0.9569,0.9577,0.9711
,,,0.7503,0.1057,0.0524
,,,0.9728,0.9266,0.7266
,,,0.9696,0.9648,0.9197
,,,0.2227,0.1245,0.0772
,,,0.9703,0.9693,0.9583
,,,0.9066,0.6169,0.2922
,,,0.9668,0.9668,0.9938
,,,0.9423,0.9190,0.7170
,,,0.8681,0.8192,0.6243
,,,0.1706,0.0706,0.0195
,,,0.9599,0.9057,0.5335
,,,0.9776,0.9745,0.9184
,,,0.9494,0.7990,0.5235
,,,0.3084,0.2140,0.0429
,,,0.9091,0.4025,0.2763
,,,0.9669,0.9658,0.9616
,,,0.9828,0.9790,0.9037
,,,0.9684,0.9683,0.9911
,,,0.9622,0.9543,0.9494
,,,0.9885,0.8880,0.5288
,,,0.9463,0.6644,0.1392
,,,0.9756,0.9710,0.9625
,,,0.2101,0.0939,0.0073
,,,0.9906,0.9872,0.9722
,,,0.8727,0.7147,0.4930
,,,0.9761,0.9747,0.9738
,,,0.9039,0.8086,0.7880
,,,0.9745,0.9705,0.9690
,,,0.5141,0.0100,0.0089
,,,0.1741,0.0652,0.0172
,,,0.9791,0.9727,0.9870
,,,0.9537,0.9542,0.9147
,,,0.9913,0.9893,0.9662
,,,0.9597,0.9468,0.9669
,,,0.9588,0.9536,0.9509
,,,0.9798,0.9799,0.9996
,,,0.9550,0.9289,0.8437
,,,0.9309,0.7855,0.7696
,,,0.2032,0.0572,0.0114
,,,0.0968,0.0354,0.0126
,,,0.9775,0.9709,0.9658
,,,0.4321,0.0281,0.0158
,,,0.9843,0.9842,0.9891
,,,0.9845,0.9849,0.9544
,,,0.9442,0.9359,0.8854
,,,0.8600,0.8193,0.6130
,,,0.9821,0.9783,0.9733
,,,0.9638,0.9443,0.8626
,,,0.7947,0.2712,0.1349
,,,0.9655,0.9454,0.7559
,,,0.4303,0.0001,0.0001
,,,0.9493,0.9274,0.9657
,,,0.8194,0.2952,0.0842
,,,0.9783,0.9763,0.9804
,,,0.9352,0.9333,0.8753
,,,0.9663,0.9672,0.9637
,,,0.9801,0.9741,0.9336
,,,0.9628,0.9482,0.9526
,,,0.9823,0.9832,0.9663
,,,0.9779,0.9749,0.9785
,,,0.9596,0.9512,0.9030
,,,0.1765,0.0564,0.0118
,,,0.9803,0.9736,0.9815
,,,0.9448,0.9404,0.8644
,,,0.9729,0.9630,0.9619
,,,0.9649,0.9652,0.9706
,,,0.9626,0.9633,0.9966
,,,0.9668,0.9661,0.9656
,,,0.9632,0.9578,0.9822
,,,0.9593,0.9182,0.6826
,,,0.9406,0.5698,0.1465
,,,0.7996,0.1121,0.0250
,,,0.9473,0.8355,0.6914
,,,0.1236,0.0431,0.0250
,,,0.9749,0.9423,0.6733
,,,0.9747,0.9678,0.8725
,,,0.9917,0.9847,0.9830
,,,0.9351,0.9122,0.7566
,,,0.9886,0.9896,0.9852
,,,0.1031,0.0425,0.0197
,,,0.8871,0.0650,0.0613
,,,0.9086,0.8049,0.6959
,,,0.9585,0.9518,0.9045
,,,0.8654,0.6711,0.4265
,,,0.9089,0.8095,0.4809
,,,0.9642,0.9599,0.9699
,,,0.9952,0.9927,0.9851
,,,0.9928,0.9773,0.9482
,,,0.9819,0.9608,0.8317
,,,0.9646,0.9648,0.9643
,,,0.9815,0.9646,0.9812
,,,0.9491,0.8048,0.6747
,,,0.9988,0.9990,0.9881
,,,0.9434,0.9410,0.9142
,,,0.9631,0.9611,0.9783
,,,0.9915,0.9881,0.9658
,,,0.9924,0.9856,0.9656
,,,0.9860,0.9822,0.9699
,,,0.9158,0.7466,0.2244
,,,0.9785,0.9251,0.8092
,,,0.6564,0.5358,0.5124
,,,0.9389,0.0870,0.0691
,,,0.9775,0.9762,0.9811
,,,0.9738,0.9713,0.9459
,,,0.2388,0.1119,0.0197
,,,0.9968,0.9963,0.9861
,,,0.9564,0.9451,0.9640
,,,0.9845,0.9665,0.7394
,,,0.3182,0.1511,0.0360
,,,0.9645,0.9626,0.9172
,,,0.9925,0.9916,0.9884
,,,0.9380,0.8342,0.5950
,,,0.9588,0.6263,0.2889
,,,0.9980,0.9970,0.9779
,,,0.9688,0.9682,0.9948
,,,0.9836,0.9812,0.9638
,,,0.9384,0.8996,0.6728
,,,0.9612,0.9018,0.5895
,,,0.9649,0.9463,0.8758
,,,0.9960,0.9961,0.9982
,,,0.1271,0.0371,0.0128
,,,0.9329,0.8968,0.8331
,,,0.9783,0.9746,0.9657
,,,0.1074,0.0448,0.0072
,,,0.9770,0.8514,0.2569
,,,0.1688,0.0720,0.0261
,,,0.1315,0.0576,0.0276
,,,0.9836,0.9773,0.8510
,,,0.1582,0.0639,0.0072
,,,0.9467,0.9166,0.9199
,,,0.9675,0.5492,0.1973
,,,0.9874,0.9862,0.9796
,,,0.9775,0.9773,0.9889
,,,0.9667,0.9661,0.9872
,,,0.9669,0.9669,0.9916
,,,0.9920,0.9903,0.9817
,,,0.2922,0.2027,0.0499
,,,0.9672,0.9554,0.8039
,,,0.3166,0.1621,0.0258
,,,0.9864,0.9779,0.9131
,,,0.9190,0.3347,0.1436
,,,0.9605,0.8422,0.5162
,,,0.9938,0.9937,0.9951
,,,0.9546,0.9408,0.8850
,,,0.2196,0.1135,0.0399
,,,0.2032,0.0685,0.0116
,,,0.7172,0.3800,0.1869
,,,0.9847,0.9842,0.9907
,,,0.9807,0.9795,0.9702
,,,0.9782,0.9769,0.9839
,,,0.9769,0.9682,0.9787
,,,0.9584,0.7796,0.3492
,,,0.6475,0.8424,0.6899
,,,0.7000,0.4286,0.2737
,,,0.9676,0.9655,0.9571
,,,0.9277,0.8111,0.4839
,,,0.2436,0.1542,0.0561
,,,0.9776,0.9717,0.9846
,,,0.9302,0.7620,0.6081
,,,0.9500,0.9260,0.6952
,,,0.9607,0.9530,0.7221
,,,0.9794,0.9703,0.8721
,,,0.9761,0.9748,0.9782
,,,0.9710,0.9697,0.9878
,,,0.9830,0.9744,0.9032
,,,0.9751,0.9687,0.9294
,,,0.8989,0.8256,0.5478
,,,0.9646,0.9581,0.9089
,,,0.9667,0.9617,0.8967
,,,0.9564,0.6666,0.2184
,,,0.3029,0.1024,0.0238
,,,0.9480,0.8588,0.4831
,,,0.9389,0.7001,0.3824
,,,0.9968,0.9964,0.9906
,,,0.9877,0.9428,0.6942
,,,0.9368,0.8833,0.5367
,,,0.9123,0.7643,0.3639
,,,0.9711,0.9708,0.9956
,,,0.9110,0.0625,0.0369
,,,0.9624,0.9580,0.9826
,,,0.9780,0.9724,0.9698
,,,0.9846,0.9776,0.9602
,,,0.8246,0.4478,0.1672
,,,0.9902,0.9888,0.9712
,,,0.9501,0.9397,0.8736
,,,0.4613,0.2614,0.2105
,,,0.9580,0.9563,0.9529
,,,0.9957,0.9939,0.9760
,,,0.9809,0.9683,0.9227
,,,0.9787,0.9781,0.9824
,,,0.8869,0.3460,0.0922
,,,0.9301,0.7979,0.7747
,,,0.8522,0.8317,0.7820
,,,0.9691,0.9670,0.9218
,,,0.9515,0.9048,0.7719
,,,0.9689,0.9678,0.9729
,,,0.9932,0.9920,0.9687
,,,0.9877,0.9798,0.9517
,,,0.9901,0.9814,0.8963
,,,0.9592,0.9585,0.9897
,,,0.9828,0.9765,0.9761
,,,0.9627,0.9598,0.8742
,,,0.9727,0.9722,0.9831
,,,0.9850,0.7876,0.5249
,,,0.9752,0.8412,0.5066
,,,0.9824,0.9570,0.8292
,,,0.2812,0.0986,0.0338
,,,0.9170,0.4345,0.4215
,,,0.9197,0.8183,0.6429
,,,0.9514,0.9420,0.8715
,,,0.9773,0.9724,0.8311
,,,0.9773,0.9743,0.9832
,,,0.9900,0.9885,0.9849
,,,0.9152,0.6949,0.6558
,,,0.9823,0.9836,0.9753
,,,0.9814,0.9789,0.9610
,,,0.9377,0.9246,0.8436
,,,0.8797,0.7546,0.4155
,,,0.9411,0.9127,0.8630
,,,0.9615,0.9586,0.9526
,,,0.9679,0.9654,0.9783
,,,0.9487,0.7158,0.6291
,,,0.9584,0.9186,0.8913
,,,0.9707,0.9705,0.9994
,,,0.9834,0.9811,0.9757
,,,0.7715,0.2447,0.0936
,,,0.9663,0.9485,0.9548
,,,0.9614,0.9447,0.7691
,,,0.9092,0.4355,0.5356
,,,0.9801,0.9758,0.9251
,,,0.9714,0.9576,0.8289
,,,0.3600,0.1739,0.0390
,,,0.7917,0.0766,0.0335
,,,0.9652,0.9653,0.9889
,,,0.5318,0.3540,0.1698
,,,0.1389,0.0430,0.0114
,,,0.5199,0.2125,0.1995
,,,0.9664,0.9659,0.9850
,,,0.9656,0.9621,0.9572
,,,0.9660,0.8758,0.5407
,,,0.9454,0.9268,0.9049
,,,0.9738,0.9698,0.0000
,,,0.8968,0.4953,0.2195
,,,0.2211,0.0956,0.0326
,,,0.9659,0.9641,0.9559
,,,0.1971,0.0816,0.0256
,,,0.9710,0.9700,0.9744
,,,0.9573,0.9323,0.9071
,,,0.9715,0.9673,0.9897
,,,0.9737,0.9752,0.9898
,,,0.9440,0.8144,0.7518
,,,0.9572,0.9571,0.9709
,,,0.6432,0.0008,0.0007
,,,0.9795,0.9636,0.7928
,,,0.9604,0.9416,0.9244
,,,0.7578,0.6696,0.7262
,,,0.9823,0.9796,0.9576
,,,0.9451,0.9059,0.6335
,,,0.9275,0.9222,0.9182
,,,0.9722,0.9708,0.9934
,,,0.9534,0.9518,0.9570
,,,0.1672,0.0524,0.0120
,,,0.9514,0.9131,0.8658
,,,0.9635,0.9435,0.8091
,,,0.9746,0.9736,0.9851
,,,0.2714,0.0844,0.0124
,,,0.9605,0.9598,0.9866
,,,0.9331,0.7835,0.7361
,,,0.9852,0.9842,0.9734
,,,0.9742,0.9498,0.8687
,,,0.9897,0.9894,0.9842
,,,0.2118,0.0641,0.0245
,,,0.1480,0.0572,0.0094
,,,0.1252,0.0413,0.0065
,,,0.9839,0.9835,0.9756
,,,0.9903,0.9832,0.9627
,,,0.9552,0.9547,0.9454
,,,0.9718,0.9689,0.9237
,,,0.9710,0.9712,0.9918
,,,0.2740,0.1455,0.0466
,,,0.9591,0.9394,0.9680
,,,0.9624,0.9494,0.9453
,,,0.2256,0.1031,0.0451
,,,0.4465,0.3372,0.1716
,,,0.9600,0.9332,0.8440
,,,0.8966,0.8274,0.8889
,,,0.9810,0.9809,0.9862
,,,0.9838,0.9845,0.9856
,,,0.8821,0.8253,0.7720
,,,0.9706,0.9363,0.6945
,,,0.9861,0.9846,0.9403
,,,0.8601,0.7509,0.7655
,,,0.9922,0.9889,0.9737
,,,0.9857,0.9853,0.9911
,,,0.0736,0.0375,0.0134
,,,0.6643,0.3948,0.2736
,,,0.9803,0.9768,0.9674
,,,0.9715,0.9377,0.6525
,,,0.9766,0.9738,0.9405
,,,0.1707,0.0000,0.0001
,,,0.9777,0.9746,0.9692
,,,0.7951,0.6195,0.6759
,,,0.9806,0.9806,0.9987
,,,0.9202,0.9383,0.9455
,,,0.9540,0.9391,0.8827
,,,0.9758,0.9298,0.6495
,,,0.9480,0.8763,0.5644
,,,0.9882,0.9412,0.8114
,,,0.9842,0.9742,0.8801
,,,0.9463,0.8698,0.8410
,,,0.9630,0.9572,0.7919
,,,0.9697,0.8711,0.7392
,,,0.8824,0.7504,0.3991
,,,0.9871,0.9870,0.9977
,,,0.9678,0.9581,0.9461
,,,0.9037,0.8864,0.8281
,,,0.9247,0.8531,0.8194
,,,0.7044,0.0010,0.0007
,,,0.3330,0.2260,0.0683
,,,0.7790,0.6342,0.3824
,,,0.9646,0.9481,0.8475
,,,0.9680,0.9672,0.9893
,,,0.9127,0.6575,0.3454
,,,0.9828,0.9772,0.9917
,,,0.9174,0.4485,0.4522
,,,0.1552,0.0522,0.0141
,,,0.9552,0.4410,0.1934
,,,0.9798,0.9769,0.9430
,,,0.9675,0.9593,0.8882
,,,0.9723,0.9714,0.9946
,,,0.1993,0.0905,0.0244
,,,0.9598,0.9534,0.9246
,,,0.9736,0.7942,0.3730
,,,0.1583,0.0203,0.0024
,,,0.9739,0.9581,0.8041
,,,0.9501,0.8422,0.6552
,,,0.7005,0.5177,0.4419
,,,0.9577,0.6818,0.2383
,,,0.9698,0.9688,0.9878
,,,0.9474,0.9062,0.8059
,,,0.9935,0.9897,0.9473
,,,0.8860,0.0383,0.0262
,,,0.9869,0.9847,0.9659
,,,0.2568,0.1158,0.0411
,,,0.9506,0.9395,0.9037
,,,0.9832,0.8709,0.5064
,,,0.9674,0.9662,0.9777
,,,0.9935,0.9897,0.9106
,,,0.9425,0.1565,0.0967
,,,0.8207,0.3667,0.2340
,,,0.9659,0.9518,0.8373
,,,0.9936,0.9904,0.9807
,,,0.9678,0.6426,0.2607
,,,0.9899,0.9846,0.9573
,,,0.1588,0.0649,0.0052
,,,0.9719,0.9837,0.9704
,,,0.9943,0.9931,0.9818
,,,0.9783,0.9764,0.9685
,,,0.9799,0.9782,0.9801
,,,0.9920,0.7383,0.4492
,,,0.9743,0.9717,0.9831
,,,0.5900,0.0005,0.0020
,,,0.9396,0.8134,0.6578
,,,0.9845,0.9802,0.9423
,,,0.9632,0.9615,0.9637
,,,0.9782,0.9657,0.8405
,,,0.9805,0.9718,0.9125
,,,0.6804,0.3576,0.2789
,,,0.9496,0.7492,0.5360
,,,0.9717,0.9718,0.9876
,,,0.9809,0.9795,0.8520
,,,0.9928,0.9929,0.9987
,,,0.9618,0.9589,0.9292
,,,0.9458,0.9276,0.8743
,,,0.9703,0.9656,0.9769
,,,0.9882,0.9880,0.9911
,,,0.9183,0.8985,0.8188
,,,0.9577,0.9575,0.9239
,,,0.9611,0.9199,0.8891
,,,0.9274,0.7884,0.5999
,,,0.9740,0.9461,0.7534
,,,0.1618,0.0565,0.0241
,,,0.9696,0.9534,0.9334
,,,0.9667,0.9668,0.9841
,,,0.8735,0.8670,0.5990
,,,0.9030,0.0568,0.0569
,,,0.9632,0.4393,0.2260
,,,0.9734,0.9721,0.9687
,,,0.9556,0.9544,0.9845
,,,0.5600,0.4350,0.1458
,,,0.9288,0.8405,0.4462
,,,0.1916,0.0723,0.0284
,,,0.9280,0.8854,0.6956
,,,0.9612,0.9601,0.9884
,,,0.9822,0.9783,0.9273
,,,0.9932,0.9911,0.9817
,,,0.9648,0.9625,0.8633
,,,0.9811,0.9767,0.9969
,,,0.9907,0.9889,0.9492
,,,0.9690,0.9616,0.9263
,,,0.9822,0.9748,0.8193
,,,0.1427,0.0531,0.0099
,,,0.9816,0.6528,0.2593
,,,0.3894,0.0000,0.0005
,,,0.9927,0.9922,0.9768
,,,0.7652,0.5233,0.2175
,,,0.0927,0.0402,0.0264
,,,0.8090,0.6941,0.4221
,,,0.1077,0.0328,0.0046
,,,0.9443,0.9128,0.8566
,,,0.9583,0.8277,0.4439
,,,0.9726,0.9403,0.6570
,,,0.9772,0.7933,0.3720
,,,0.9549,0.9247,0.9422
,,,0.9865,0.9867,0.9802
,,,0.8560,0.7576,0.6440
,,,0.9524,0.8614,0.8158
,,,0.1468,0.0466,0.0213
,,,0.9918,0.8987,0.5463
,,,0.9565,0.9585,0.8651
,,,0.9888,0.9876,0.9842
,,,0.9230,0.9181,0.9050
,,,0.9746,0.9719,0.9524
,,,0.9929,0.9815,0.8445
,,,0.9536,0.9297,0.7472
,,,0.9745,0.9232,0.6367
,,,0.9710,0.9402,0.8266
,,,0.9527,0.9321,0.8223
,,,0.1158,0.0314,0.0073
,,,0.9686,0.9657,0.9528
,,,0.9771,0.9701,0.8764
,,,0.9638,0.9534,0.9027
,,,0.9686,0.9453,0.8713
,,,0.9546,0.9392,0.8058
,,,0.9892,0.9808,0.9159
,,,0.9723,0.9719,0.9905
,,,0.9609,0.9523,0.9360
,,,0.8774,0.5437,0.1778
,,,0.9604,0.9110,0.6357
,,,0.9643,0.9664,0.9782
,,,0.9682,0.9669,0.9695
,,,0.9853,0.9859,0.9878
,,,0.8937,0.6000,0.2752
,,,0.9832,0.9824,0.9787
,,,0.8097,0.7158,0.3426
,,,0.9701,0.7931,0.4918
,,,0.9525,0.9382,0.8859
,,,0.1528,0.0334,0.0027
,,,0.9891,0.9884,0.9767
,,,0.9848,0.9772,0.8166
,,,0.9096,0.6935,0.2817
,,,0.9854,0.9831,0.9754
,,,0.3663,0.1524,0.0484
,,,0.9583,0.9574,0.9712
,,,0.9566,0.7377,0.3587
,,,0.9939,0.9933,0.9598
,,,0.2374,0.0800,0.0145
,,,0.8523,0.6467,0.3090
,,,0.7777,0.6990,0.5879
,,,0.7428,0.2176,0.0145
,,,0.9838,0.9257,0.7875
,,,0.2467,0.1094,0.0400
,,,0.8901,0.0720,0.0673
,,,0.9054,0.6607,0.4538
,,,0.9622,0.9611,0.9522
,,,0.9937,0.9913,0.9458
,,,0.3231,0.2160,0.0870
,,,0.6186,0.0478,0.0396
,,,0.9754,0.9761,0.9722
,,,0.9605,0.9416,0.7579
,,,0.9645,0.9545,0.9518
,,,0.9719,0.9624,0.9711
,,,0.2171,0.1221,0.0152
,,,0.2770,0.1451,0.0379
,,,0.9732,0.9541,0.7982
,,,0.9608,0.9496,0.8579
,,,0.9759,0.9544,0.7526
,,,0.9358,0.8751,0.9385
,,,0.9736,0.9703,0.9665
,,,0.2326,0.0581,0.0107
,,,0.9851,0.9640,0.6532
,,,0.9860,0.9780,0.8721
,,,0.9603,0.9526,0.9621
,,,0.9243,0.6779,0.3957
,,,0.9847,0.9763,0.9790
,,,0.9571,0.9555,0.9427
,,,0.9740,0.9703,0.9506
,,,0.9560,0.9531,0.9662
,,,0.9715,0.9700,0.9821
,,,0.1628,0.0711,0.0200
,,,0.4508,0.0110,0.0143
,,,0.9866,0.9817,0.9390
,,,0.6670,0.0693,0.0659
,,,0.9889,0.9881,0.9770
,,,0.9960,0.9958,0.9890
,,,0.8613,0.4467,0.3957
,,,0.1085,0.0517,0.0071
,,,0.9705,0.9700,0.9919
,,,0.9855,0.8638,0.5471
,,,0.1401,0.0405,0.0066
,,,0.9654,0.9639,0.9468
,,,0.5278,0.0849,0.0081
,,,0.9551,0.8005,0.5651
,,,0.9714,0.9629,0.9414
,,,0.9772,0.9770,0.9964
,,,0.9923,0.9860,0.9826
,,,0.9259,0.8434,0.5314
,,,0.9600,0.9214,0.8690
,,,0.9399,0.8660,0.5255
,,,0.8531,0.5854,0.2089
,,,0.9354,0.9107,0.9113
,,,0.9389,0.2366,0.1075
,,,0.2300,0.0780,0.0117
,,,0.9855,0.9838,0.9759
,,,0.9673,0.9204,0.6923
,,,0.9708,0.9638,0.9896
,,,0.9590,0.9539,0.8796
,,,0.3355,0.1690,0.0439
,,,0.9126,0.9190,0.9018
,,,0.9705,0.4859,0.1446
,,,0.9368,0.8755,0.7242
,,,0.9654,0.9654,0.9975
,,,0.9660,0.9636,0.9857
,,,0.9162,0.9080,0.5860
,,,0.9661,0.9591,0.9325
,,,0.9540,0.9523,0.9502
,,,0.9364,0.3550,0.0883
,,,0.1420,0.0361,0.0092
,,,0.9179,0.4901,0.3687
,,,0.9064,0.6055,0.3296
,,,0.9771,0.9772,0.9992
,,,0.9703,0.9645,0.9437
,,,0.9644,0.7688,0.4109
,,,0.1302,0.0537,0.0174
,,,0.9944,0.9931,0.9589
,,,0.9912,0.8711,0.5295
,,,0.9617,0.9578,0.9857
,,,0.9983,0.9982,0.9938
,,,0.8911,0.7939,0.5045
,,,0.9872,0.9866,0.9827
,,,0.9687,0.9656,0.9634
,,,0.9573,0.9483,0.9450
,,,0.9846,0.9826,0.9047
,,,0.9920,0.9914,0.9944
,,,0.9027,0.8769,0.7132
,,,0.1261,0.0341,0.0106
,,,0.9790,0.9782,0.9868
,,,0.1684,0.0744,0.0161
,,,0.9773,0.8968,0.6070
,,,0.9834,0.9015,0.5744
,,,0.9922,0.9922,0.9998
,,,0.9828,0.9797,0.9913
,,,0.9214,0.8602,0.8424
,,,0.9519,0.9434,0.8239
,,,0.2264,0.1218,0.0374
,,,0.6030,0.0002,0.0005
,,,0.9647,0.9606,0.9721
,,,0.9904,0.9084,0.5116
,,,0.9674,0.9666,0.9956
,,,0.9694,0.9650,0.8553
,,,0.9765,0.9480,0.7327
,,,0.9891,0.9236,0.5641
,,,0.9361,0.6540,0.6207
,,,0.9926,0.9837,0.8709
,,,0.1418,0.0581,0.0110
,,,0.1252,0.0478,0.0119
,,,0.9820,0.9673,0.8599
,,,0.9784,0.7396,0.7792
,,,0.3778,0.2199,0.0741
,,,0.9726,0.9676,0.9418
,,,0.9556,0.9547,0.9324
,,,0.0588,0.0439,0.0128
,,,0.9786,0.9809,0.9791
,,,0.9775,0.9669,0.9760
,,,0.3786,0.0001,0.0003
,,,0.9595,0.9614,0.9813
,,,0.9466,0.9380,0.9110
,,,0.9829,0.9604,0.7304
,,,0.9518,0.9240,0.8601
,,,0.9600,0.5084,0.2926
,,,0.9653,0.9558,0.9644
,,,0.9768,0.8723,0.6534
,,,0.9531,0.9638,0.9701
,,,0.9564,0.9560,0.9730
,,,0.2530,0.0719,0.0097
,,,0.9196,0.8431,0.4946
,,,0.9673,0.9571,0.9486
,,,0.7867,0.4202,0.1876
,,,0.9685,0.9226,0.6050
,,,0.9849,0.9845,0.9635
,,,0.2319,0.0788,0.0282
,,,0.9675,0.9618,0.9712
,,,0.9807,0.9764,0.9332
,,,0.9461,0.9450,0.9237
,,,0.9306,0.8605,0.7992
,,,0.9739,0.9720,0.9611
,,,0.9263,0.9117,0.8337
,,,0.9409,0.8479,0.5004
,,,0.9164,0.6925,0.5235
,,,0.9680,0.9654,0.9865
,,,0.9819,0.9793,0.9541
,,,0.9805,0.9796,0.9656
,,,0.7307,0.8543,0.6819
,,,0.9586,0.9536,0.9137
,,,0.9045,0.7445,0.6610
,,,0.9792,0.9799,0.9237
,,,0.1820,0.1114,0.0124
,,,0.9578,0.9516,0.9148
,,,0.9793,0.9777,0.9796
,,,0.9589,0.7119,0.3235
,,,0.9816,0.9787,0.9650
,,,0.9819,0.9795,0.9325
,,,0.9291,0.8763,0.7448
,,,0.9684,0.9654,0.9721
,,,0.9585,0.9603,0.9781
,,,0.9767,0.9724,0.9764
,,,0.0853,0.0381,0.0100
,,,0.2861,0.1280,0.0220
,,,0.2002,0.0598,0.0121
,,,0.1350,0.0484,0.0118
,,,0.9700,0.9693,0.9590
,,,0.9616,0.9401,0.7015
,,,0.9941,0.9932,0.9478
,,,0.3875,0.2222,0.0884
,,,0.7472,0.1452,0.0234
,,,0.1193,0.0447,0.0123
,,,0.9840,0.9840,0.9805
,,,0.0826,0.0425,0.0120
,,,0.9178,0.9054,0.7505
,,,0.9563,0.9531,0.9646
,,,0.9840,0.9674,0.9503
,,,0.6735,0.0029,0.0014
,,,0.9549,0.4640,0.1337
,,,0.9763,0.8912,0.5211
,,,0.9836,0.7896,0.4888
,,,0.9569,0.9169,0.8986
,,,0.9678,0.9645,0.9472
,,,0.9462,0.8463,0.7345
,,,0.4077,0.3806,0.2704
,,,0.9065,0.8541,0.7174
,,,0.9620,0.9508,0.9731
,,,0.9596,0.9588,0.9702
,,,0.9681,0.9614,0.8852
,,,0.9840,0.9836,0.9888
,,,0.9666,0.9312,0.8673
,,,0.2474,0.1023,0.0418
,,,0.9506,0.8398,0.7113
,,,0.9776,0.9715,0.8603
,,,0.1328,0.0229,0.0042
,,,0.9752,0.9772,0.9702
,,,0.1455,0.0711,0.0281
,,,0.9473,0.9336,0.9369
,,,0.9989,0.9983,0.9937
,,,0.9643,0.9619,0.9904
,,,0.9662,0.9652,0.9929
,,,0.9866,0.9859,0.9702
,,,0.9725,0.9682,0.9360
,,,0.9710,0.9667,0.9548
,,,0.8602,0.7138,0.4015
,,,0.9956,0.9954,0.9909
,,,0.9691,0.9603,0.8860
,,,0.6676,0.0001,0.0024
,,,0.1022,0.0442,0.0062
,,,0.9804,0.9789,0.9443
,,,0.7160,0.5667,0.3507
,,,0.7846,0.6665,0.7098
,,,0.2281,0.1059,0.0330
,,,0.9779,0.8173,0.4058
,,,0.9718,0.9360,0.7419
,,,0.9494,0.3337,0.1681
,,,0.9655,0.9643,0.9844
,,,0.9594,0.9398,0.8367
,,,0.9519,0.9528,0.8599
,,,0.9769,0.9768,0.9849
,,,0.8733,0.8263,0.3801
,,,0.9558,0.9437,0.7120
,,,0.7900,0.0957,0.0393
,,,0.9695,0.9691,0.9913
,,,0.9576,0.9578,0.9784
,,,0.1775,0.0588,0.0057
,,,0.4360,0.0000,0.0005
,,,0.9173,0.6894,0.3881
,,,0.9524,0.9110,0.5975
,,,0.9814,0.9661,0.9176
,,,0.8929,0.2428,0.0484
,,,0.9817,0.9770,0.9382
,,,0.9544,0.9571,0.9872
,,,0.7345,0.8904,0.6817
,,,0.9737,0.9663,0.8138
,,,0.6462,0.0001,0.0014
,,,0.8628,0.3573,0.4622
,,,0.5837,0.4195,0.5753
,,,0.3160,0.1387,0.0332
,,,0.9918,0.9844,0.8390
,,,0.9681,0.9680,0.9923
,,,0.9457,0.8885,0.6716
,,,0.9708,0.6922,0.3157
,,,0.1302,0.0259,0.0062
,,,0.9932,0.9865,0.9031
,,,0.9904,0.9883,0.9344
,,,0.9770,0.9738,0.9838
,,,0.9223,0.8938,0.8921
,,,0.3924,0.1934,0.0365
,,,0.9851,0.9598,0.7151
,,,0.6928,0.4108,0.2437
,,,0.9817,0.9702,0.8312
,,,0.9629,0.9573,0.8842
,,,0.9611,0.9597,0.9838
,,,0.9820,0.9744,0.9373
,,,0.9762,0.9753,0.9383
,,,0.9800,0.9753,0.9819
,,,0.9724,0.9707,0.9764
,,,0.9631,0.7812,0.6696
,,,0.9876,0.9872,0.9919
,,,0.9440,0.8606,0.8365
,,,0.9484,0.9473,0.9681
,,,0.9939,0.9904,0.8943
,,,0.9693,0.9684,0.9888
,,,0.7687,0.5834,0.3767
,,,0.9868,0.9874,0.9872
,,,0.9692,0.9652,0.9497
,,,0.9726,0.9693,0.9785
,,,0.5713,0.0277,0.0128
,,,0.7487,0.2750,0.2318
,,,0.9708,0.9704,0.9919
,,,0.8225,0.0226,0.0076
,,,0.9799,0.9787,0.9950
,,,0.7558,0.6673,0.3838
,,,0.9732,0.9715,0.9922
,,,0.9919,0.9872,0.8386
,,,0.8866,0.5842,0.4948
,,,0.9744,0.9745,0.9982
,,,0.9707,0.9344,0.7844
,,,0.9841,0.9826,0.9548
,,,0.9684,0.9638,0.9760
,,,0.9870,0.9848,0.9762
,,,0.9683,0.9549,0.8407
,,,0.9748,0.8456,0.7528
,,,0.9099,0.8775,0.6818
,,,0.9108,0.8365,0.5606
,,,0.9682,0.9670,0.9931
,,,0.9822,0.9820,0.9881
,,,0.9850,0.9770,0.9895
,,,0.9702,0.9682,0.9362
,,,0.9655,0.9610,0.9630
,,,0.1608,0.0596,0.0191
,,,0.7828,0.1362,0.0352
,,,0.9902,0.9902,0.9994
,,,0.9789,0.7796,0.3721
,,,0.9154,0.4976,0.2827
,,,0.9659,0.4272,0.0944
,,,0.9664,0.9390,0.7154
,,,0.9191,0.8983,0.6215
,,,0.9558,0.4068,0.2765
,,,0.9553,0.1694,0.1283
,,,0.9830,0.9432,0.7519
,,,0.9622,0.9554,0.9567
,,,0.9845,0.9812,0.9701
,,,0.9925,0.9907,0.9794
,,,0.9605,0.9608,0.9902
,,,0.2739,0.1517,0.0358
,,,0.9157,0.8344,0.7214
,,,0.7636,0.5101,0.5255
,,,0.9811,0.9744,0.8669
,,,0.8262,0.0569,0.0173
,,,0.9761,0.9755,0.9923
,,,0.9452,0.6466,0.4438
,,,0.9774,0.9520,0.9108
,,,0.3529,0.1598,0.0351
,,,0.9111,0.5532,0.1440
,,,0.2500,0.1101,0.0178
,,,0.9356,0.9240,0.8978
,,,0.9732,0.9706,0.9792
,,,0.9106,0.8026,0.4430
,,,0.9940,0.9912,0.9416
,,,0.9395,0.3849,0.3356
,,,0.1653,0.0448,0.0103
,,,0.9178,0.8512,0.8441
,,,0.9576,0.9511,0.9090
,,,0.9675,0.9310,0.7606
,,,0.9584,0.9482,0.9401
,,,0.9783,0.9738,0.8631
,,,0.9601,0.9536,0.9730
,,,0.9760,0.9571,0.9526
,,,0.9641,0.9627,0.9779
,,,0.9748,0.9717,0.9171
,,,0.1440,0.0594,0.0065
,,,0.9644,0.9642,0.9885
,,,0.9912,0.9912,0.9899
,,,0.9620,0.9611,0.9516
,,,0.3090,0.1334,0.0495
,,,0.9700,0.9723,0.9049
,,,0.8481,0.0393,0.0254
,,,0.9478,0.9541,0.9581
,,,0.9499,0.8641,0.9341
,,,0.9920,0.9907,0.9573
,,,0.9595,0.9551,0.9624
,,,0.9683,0.9634,0.9751
,,,0.9688,0.9684,0.9896
,,,0.4902,0.0038,0.0015
,,,0.9835,0.9809,0.9880
,,,0.9660,0.9671,0.9931
,,,0.9003,0.2278,0.1271
,,,0.4407,0.1835,0.0548
,,,0.2502,0.1154,0.0282
,,,0.2296,0.0978,0.0100
,,,0.9615,0.9584,0.9598
,,,0.9745,0.9766,0.9769
,,,0.9103,0.8547,0.6181
,,,0.9636,0.9526,0.9130
,,,0.3492,0.2735,0.2107
,,,0.9379,0.9452,0.9530
,,,0.9355,0.5523,0.3073
,,,0.9836,0.9794,0.9438
,,,0.9757,0.3762,0.1666
,,,0.9619,0.9644,0.9540
,,,0.9675,0.9385,0.7197
,,,0.9704,0.9294,0.6831
,,,0.9655,0.9144,0.7185
,,,0.9437,0.9324,0.9057
,,,0.9799,0.9797,0.9668
,,,0.9572,0.6582,0.5975
,,,0.9736,0.9735,0.9942
,,,0.9403,0.7724,0.6179
,,,0.1202,0.0348,0.0134
,,,0.9773,0.9636,0.7656
,,,0.7848,0.5184,0.1286
,,,0.8735,0.6865,0.3179
,,,0.9416,0.9205,0.8197
,,,0.8723,0.5717,0.2879
,,,0.9645,0.9636,0.9555
,,,0.0865,0.0383,0.0111
,,,0.9765,0.9701,0.9487
,,,0.9746,0.9663,0.8038
,,,0.9680,0.9676,0.9963
,,,0.9858,0.9883,0.9849
,,,0.9911,0.9746,0.8560
,,,0.9885,0.9852,0.9646
,,,0.1923,0.0744,0.0260
,,,0.7010,0.0031,0.0015
,,,0.9832,0.9810,0.9461
,,,0.9684,0.9718,0.9727
,,,0.9803,0.9786,0.9781
,,,0.9897,0.9884,0.9607
,,,0.9721,0.9702,0.9895
,,,0.9751,0.9569,0.9149
,,,0.8919,0.8424,0.7971
,,,0.9477,0.8156,0.5070
,,,0.9353,0.5635,0.2897
,,,0.9216,0.8721,0.6843
,,,0.9906,0.9869,0.9765
,,,0.9941,0.9886,0.9842
,,,0.9949,0.9574,0.7886
,,,0.9163,0.9080,0.9268
,,,0.9906,0.9900,0.9703
,,,0.9574,0.9542,0.9778
,,,0.9406,0.9060,0.8433
,,,0.9795,0.9795,0.9846
,,,0.9779,0.9742,0.9656
,,,0.8243,0.6017,0.4235
,,,0.9792,0.9367,0.6322
,,,0.9850,0.9842,0.9728
,,,0.9409,0.9185,0.7642
,,,0.9059,0.8661,0.7692
,,,0.2580,0.1137,0.0474
,,,0.9441,0.8510,0.6084
,,,0.9768,0.9773,0.9771
,,,0.1224,0.0678,0.0150
,,,0.3064,0.1145,0.0436
,,,0.9854,0.9810,0.8964
,,,0.9879,0.9886,0.9758
,,,0.9753,0.9732,0.9402
,,,0.9794,0.9655,0.7616
,,,0.9803,0.9793,0.9852
,,,0.9361,0.3004,0.1168
,,,0.9606,0.9607,0.9962
,,,0.9862,0.9697,0.9382
,,,0.1511,0.0782,0.0119
,,,0.1405,0.0297,0.0112
,,,0.2513,0.0867,0.0208
,,,0.9856,0.9868,0.9951
,,,0.9457,0.9353,0.8551
,,,0.9973,0.9958,0.9866
,,,0.9838,0.9837,0.9863
,,,0.9772,0.9772,0.9796
,,,0.1691,0.0575,0.0120
,,,0.9602,0.9592,0.8793
,,,0.9460,0.9426,0.9062
,,,0.9916,0.9896,0.9883
,,,0.9888,0.9885,0.9902
,,,0.9752,0.9728,0.9873
,,,0.8552,0.0381,0.0162
,,,0.1858,0.0735,0.0095
,,,0.9812,0.9650,0.8371
,,,0.8795,0.8260,0.7045
,,,0.9738,0.9730,0.9757
,,,0.8658,0.3254,0.0946
,,,0.9821,0.9780,0.9700
,,,0.9808,0.9697,0.9288
,,,0.9675,0.9573,0.7661
,,,0.9638,0.9548,0.8123
,,,0.9220,0.8908,0.8422
,,,0.8524,0.4732,0.3565
,,,0.9839,0.9740,0.9563
,,,0.9912,0.9676,0.7309
,,,0.9544,0.9539,0.9728
,,,0.9863,0.8273,0.4264
,,,0.9564,0.9545,0.9636
,,,0.9674,0.9366,0.9301
,,,0.9627,0.9127,0.7775
,,,0.9472,0.8556,0.4966
,,,0.9712,0.9707,0.9908
,,,0.9347,0.8691,0.6066
,,,0.9287,0.8834,0.7973
,,,0.2548,0.1232,0.0320
,,,0.9840,0.9808,0.9371
,,,0.9386,0.9224,0.7412
,,,0.9703,0.9603,0.8916
,,,0.9836,0.9855,0.9948
,,,0.9589,0.9441,0.7023
,,,0.9722,0.9705,0.9738
,,,0.4834,0.3216,0.1192
,,,0.2781,0.1086,0.0331
,,,0.9640,0.9549,0.9321
,,,0.9721,0.9668,0.9745
,,,0.9770,0.9761,0.9810
,,,0.9499,0.8149,0.7932
,,,0.9864,0.9892,0.9868
,,,0.1843,0.0807,0.0208
,,,0.9959,0.9952,0.9853
,,,0.9724,0.9706,0.9719
,,,0.9826,0.9796,0.9436
,,,0.2935,0.1771,0.0670
,,,0.9685,0.9667,0.9772
,,,0.9807,0.9612,0.9374
,,,0.9890,0.8787,0.5756
,,,0.9851,0.9792,0.9563
,,,0.9850,0.9773,0.9555
,,,0.9862,0.9820,0.9269
,,,0.6470,0.3726,0.2202
,,,0.3353,0.1572,0.0142
,,,0.9721,0.9691,0.9845
,,,0.9518,0.4618,0.1775
,,,0.9582,0.9308,0.9548
,,,0.1308,0.0563,0.0208
,,,0.9483,0.9349,0.8965
,,,0.9712,0.9656,0.9629
,,,0.9798,0.9775,0.9672
,,,0.9851,0.9750,0.9039
,,,0.9475,0.9311,0.9095
,,,0.9913,0.9893,0.9787
,,,0.9204,0.7989,0.6146
,,,0.9132,0.6141,0.5291
,,,0.2179,0.1121,0.0336
,,,0.9863,0.9814,0.9489
,,,0.9837,0.9706,0.9595
,,,0.2562,0.1198,0.0251
,,,0.9354,0.9162,0.8133
,,,0.1546,0.0599,0.0086
,,,0.2171,0.0696,0.0254
,,,0.8912,0.8220,0.6746
,,,0.9686,0.9641,0.9659
,,,0.1342,0.0639,0.0148
,,,0.9901,0.9866,0.9643
,,,0.9748,0.9734,0.9715
,,,0.9748,0.9744,0.9861
,,,0.9692,0.9614,0.8974
,,,0.9702,0.9108,0.7377
,,,0.9485,0.8777,0.8445
,,,0.9663,0.9655,0.9875
,,,0.1315,0.0408,0.0194
,,,0.1442,0.0726,0.0151
,,,0.4537,0.1954,0.0685
,,,0.9628,0.9520,0.9546
,,,0.8210,0.0231,0.0249
,,,0.8264,0.4562,0.3591
,,,0.9393,0.9287,0.8513
,,,0.9775,0.9486,0.8495
,,,0.9021,0.2719,0.1461
,,,0.9568,0.6354,0.2216
,,,0.9676,0.9629,0.9594
,,,0.9684,0.9668,0.9807
,,,0.6386,0.1898,0.0978
,,,0.1824,0.0618,0.0094
,,,0.9568,0.9542,0.9598
,,,0.9756,0.9734,0.8673
,,,0.9720,0.9718,0.9539
,,,0.2784,0.1726,0.0407
,,,0.9043,0.8063,0.6264
,,,0.9689,0.9637,0.9616
,,,0.9800,0.9795,0.9944
,,,0.2584,0.0829,0.0180
,,,0.9198,0.6275,0.2680
,,,0.7028,0.4075,0.1115
,,,0.9604,0.9567,0.9186
,,,0.9644,0.9518,0.8848
,,,0.9422,0.6932,0.3092
,,,0.9903,0.9889,0.9861
,,,0.9607,0.8698,0.7090
,,,0.8891,0.6494,0.3671
,,,0.9838,0.9835,0.9967
,,,0.9583,0.9329,0.6893
,,,0.9650,0.9618,0.9824
,,,0.9908,0.9854,0.9854
,,,0.9543,0.9440,0.8079
,,,0.5157,0.4519,0.3400
,,,0.9723,0.9643,0.8959
,,,0.9643,0.9626,0.9838
,,,0.9596,0.9534,0.9761
,,,0.4536,0.3933,0.3721
,,,0.1527,0.0525,0.0235
,,,0.9704,0.9132,0.8227
,,,0.6105,0.0005,0.0008
,,,0.9370,0.8815,0.8252
,,,0.9965,0.9962,0.9592
,,,0.1547,0.0546,0.0168
,,,0.3137,0.1615,0.0347
,,,0.8593,0.7679,0.4507
,,,0.9740,0.9654,0.9413
,,,0.9788,0.9639,0.8160
,,,0.5797,0.1630,0.0157
,,,0.9260,0.8255,0.6253
,,,0.9956,0.9953,0.9964
,,,0.9617,0.9584,0.8838
,,,0.6696,0.6660,0.3005
,,,0.9835,0.9805,0.9815
,,,0.9576,0.9530,0.9781
,,,0.9257,0.7959,0.5092
,,,0.9765,0.9759,0.9892
,,,0.9645,0.9292,0.9409
,,,0.9691,0.9689,0.9811
,,,0.9739,0.8514,0.7440
,,,0.9731,0.9643,0.9526
,,,0.9046,0.4769,0.3282
,,,0.9935,0.9933,0.9431
,,,0.9472,0.9305,0.9716
,,,0.9824,0.9818,0.9553
,,,0.9617,0.9643,0.9655
,,,0.1506,0.0479,0.0093
,,,0.9984,0.9979,0.9950
,,,0.1795,0.0684,0.0212
,,,0.9660,0.9653,0.9975
,,,0.9662,0.9648,0.9717
,,,0.9743,0.9730,0.9903
,,,0.8903,0.6768,0.3142
,,,0.8149,0.0838,0.0161
,,,0.9672,0.9353,0.7165
,,,0.9306,0.5497,0.2840
,,,0.9356,0.9231,0.8175
,,,0.9503,0.9455,0.9369
,,,0.9817,0.9793,0.9557
,,,0.9663,0.9584,0.9362
,,,0.9771,0.3619,0.0594
,,,0.9452,0.9310,0.8076
,,,0.1470,0.0412,0.0093
,,,0.9905,0.9866,0.9489
,,,0.9489,0.8921,0.8498
,,,0.9788,0.9783,0.9902
,,,0.5187,0.3295,0.1485
,,,0.9904,0.9904,0.9949
,,,0.9740,0.9743,0.9543
,,,0.9618,0.9457,0.7598
,,,0.9564,0.9564,0.9807
,,,0.9414,0.9335,0.8759
,,,0.9908,0.9908,0.9954
,,,0.9363,0.8820,0.4801
,,,0.9525,0.9470,0.9641
,,,0.7992,0.7867,0.6097
,,,0.3176,0.1401,0.0260
,,,0.8899,0.5514,0.1404
,,,0.8554,0.7803,0.4485
,,,0.9869,0.9734,0.9662
,,,0.9876,0.9823,0.9590
,,,0.5395,0.3168,0.1335
,,,0.9650,0.9584,0.9294
,,,0.9670,0.9600,0.8880
,,,0.9717,0.9718,0.9748
,,,0.9928,0.9916,0.9932
,,,0.9665,0.9100,0.9067
,,,0.9814,0.9700,0.7527
,,,0.9813,0.9791,0.9489
,,,0.9836,0.9797,0.9542
,,,0.9806,0.9624,0.7091
,,,0.9587,0.9397,0.8177
,,,0.9836,0.9819,0.9872
,,,0.9958,0.9956,0.9947
,,,0.9712,0.6504,0.1953
,,,0.1859,0.0669,0.0261
,,,0.9626,0.9339,0.8530
,,,0.8320,0.1514,0.0646
,,,0.3190,0.0857,0.0238
,,,0.9897,0.9891,0.9833
,,,0.9737,0.9459,0.9302
,,,0.3106,0.0253,0.0107
,,,0.9647,0.9641,0.9911
,,,0.1637,0.0596,0.0155
,,,0.1339,0.0342,0.0143
,,,0.9823,0.9791,0.9604
,,,0.9607,0.9601,0.9930
,,,0.9615,0.9543,0.9669
,,,0.9794,0.9731,0.9491
,,,0.9686,0.9502,0.8368
,,,0.1599,0.0508,0.0164
,,,0.9939,0.9875,0.8557
,,,0.9929,0.9939,0.9741
,,,0.9987,0.9987,0.9962
,,,0.9588,0.9500,0.9138
,,,0.9475,0.9378,0.9512
,,,0.9143,0.8929,0.7656
,,,0.9183,0.2569,0.0537
,,,0.9907,0.9899,0.9729
,,,0.9649,0.9642,0.9890
,,,0.8104,0.6459,0.4919
,,,0.9651,0.9547,0.8972
,,,0.9901,0.9905,0.9941
,,,0.9737,0.9715,0.9540
,,,0.9915,0.9896,0.9700
,,,0.9707,0.9237,0.6492
,,,0.6037,0.0021,0.0066
,,,0.9350,0.9319,0.9135
,,,0.9935,0.9921,0.9658
,,,0.8159,0.0104,0.0014
,,,0.9549,0.9529,0.9545
,,,0.9614,0.9607,0.9961
,,,0.9603,0.9567,0.9588
,,,0.9580,0.9528,0.8459
,,,0.9625,0.9595,0.9881
,,,0.9979,0.9973,0.9978
,,,0.9689,0.9195,0.7231
,,,0.7966,0.5757,0.4787
,,,0.9781,0.9775,0.9817
,,,0.9750,0.9583,0.8477
,,,0.9816,0.9802,0.9606
,,,0.9566,0.9304,0.7763
,,,0.9670,0.9585,0.8335
,,,0.9643,0.9601,0.9948
,,,0.9790,0.9751,0.9221
,,,0.9795,0.9777,0.9854
,,,0.9188,0.8735,0.5769
,,,0.2812,0.0804,0.0472
,,,0.9694,0.9667,0.9832
,,,0.9774,0.8075,0.4516
,,,0.6531,0.2981,0.1846
,,,0.9690,0.9644,0.9052
,,,0.1238,0.0512,0.0113
,,,0.8579,0.0004,0.0256
,,,0.9943,0.9938,0.9983
,,,0.9955,0.7702,0.2946
,,,0.8703,0.2904,0.0627
,,,0.9907,0.9387,0.7177
,,,0.9843,0.9780,0.9035
,,,0.9113,0.8667,0.7128
,,,0.9615,0.9252,0.7780
,,,0.9911,0.9893,0.9697
,,,0.9901,0.8636,0.4047
,,,0.9489,0.8703,0.6801
,,,0.8195,0.6285,0.3572
,,,0.9718,0.9711,0.9699
,,,0.9703,0.9652,0.9753
,,,0.9862,0.9859,0.9987
,,,0.2262,0.1224,0.0223
,,,0.9878,0.9848,0.9794
,,,0.9951,0.9955,0.9960
,,,0.9307,0.8710,0.5411
,,,0.1590,0.0491,0.0272
,,,0.9803,0.9722,0.8340
,,,0.9801,0.9740,0.9007
,,,0.9293,0.8972,0.8070
,,,0.9358,0.8432,0.4257
,,,0.1587,0.0731,0.0163
,,,0.7197,0.5234,0.4824
,,,0.9949,0.9941,0.9868
,,,0.9832,0.9815,0.9780
,,,0.7946,0.3447,0.1698
,,,0.2061,0.1055,0.0292
,,,0.9745,0.9654,0.9630
,,,0.9532,0.3388,0.1689
,,,0.9904,0.9901,0.9740
,,,0.9681,0.9678,0.9838
,,,0.9793,0.9744,0.9764
,,,0.9826,0.9797,0.9635
,,,0.9688,0.9675,0.9928
,,,0.1605,0.0493,0.0144
,,,0.9768,0.9769,0.9900
,,,0.9752,0.9423,0.8242
,,,0.9515,0.8817,0.6766
,,,0.9856,0.9806,0.9490
,,,0.3037,0.1346,0.0188
,,,0.9139,0.8183,0.8158
,,,0.9477,0.9405,0.8848
,,,0.9924,0.9886,0.9212
,,,0.9286,0.9187,0.9405
,,,0.9580,0.9299,0.7463
,,,0.9760,0.9667,0.8365
,,,0.9589,0.9456,0.9518
,,,0.9904,0.9895,0.9832
,,,0.9661,0.9397,0.7587
,,,0.1346,0.0557,0.0160
,,,0.9674,0.9258,0.9569
,,,0.9599,0.9313,0.9195
,,,0.9596,0.9566,0.9250
,,,0.9237,0.7225,0.3912
,,,0.9569,0.8994,0.8282
,,,0.9861,0.8307,0.4849
,,,0.9860,0.9786,0.9708
,,,0.9868,0.9856,0.9880
,,,0.9844,0.9777,0.9574
,,,0.0925,0.0337,0.0120
,,,0.9568,0.9233,0.8929
,,,0.9777,0.5235,0.2228
,,,0.9806,0.9571,0.8303
,,,0.1463,0.0948,0.0531
,,,0.9780,0.9732,0.9390
,,,0.9893,0.9912,0.9894
,,,0.0998,0.0551,0.0291
,,,0.9654,0.9603,0.9326
,,,0.9260,0.8992,0.8124
,,,0.9631,0.9562,0.9531
,,,0.8374,0.8439,0.7596
,,,0.1182,0.0457,0.0031
,,,0.1571,0.0483,0.0181
,,,0.9681,0.9677,0.9721
,,,0.4488,0.3118,0.0879
,,,0.8860,0.6105,0.4334
,,,0.8898,0.8007,0.4799
,,,0.9838,0.9853,0.9755
,,,0.9476,0.8366,0.6789
,,,0.0960,0.0350,0.0090
,,,0.9904,0.9883,0.9237
,,,0.9891,0.9886,0.9857
,,,0.1559,0.0002,0.0000
,,,0.3036,0.1998,0.0362
,,,0.9700,0.9664,0.9545
,,,0.9664,0.6749,0.4307
,,,0.9111,0.0024,0.0045
,,,0.9781,0.9525,0.7710
,,,0.9703,0.9705,0.9837
,,,0.9928,0.9824,0.9335
,,,0.9776,0.9738,0.9460
,,,0.9803,0.9731,0.9171
,,,0.8354,0.5131,0.0900
,,,0.9825,0.5776,0.1579
,,,0.9079,0.8592,0.5078
,,,0.9835,0.9835,0.9994
,,,0.9790,0.9787,0.9967
,,,0.9827,0.9783,0.9908
,,,0.6858,0.6416,0.6790
,,,0.1413,0.0681,0.0257
,,,0.8090,0.7624,0.6627
,,,0.2138,0.1026,0.0143
,,,0.1722,0.0561,0.0187
,,,0.9920,0.9913,0.9820
,,,0.9630,0.9586,0.9285
,,,0.9831,0.9764,0.8616
,,,0.9693,0.9651,0.9793
,,,0.3128,0.1963,0.0828
,,,0.9718,0.9718,0.9913
,,,0.8038,0.3187,0.1088
,,,0.9813,0.9773,0.8552
,,,0.9079,0.6441,0.4735
,,,0.9784,0.9743,0.9595
,,,0.5999,0.6052,0.3628
,,,0.1362,0.0519,0.0166
,,,0.9353,0.8088,0.8040
,,,0.7641,0.1425,0.1237
,,,0.9631,0.8970,0.7508
,,,0.9689,0.9656,0.9726
,,,0.9627,0.9506,0.9580
,,,0.2492,0.0338,0.0425
,,,0.9917,0.9865,0.9684
,,,0.7083,0.6082,0.3740
,,,0.9670,0.9650,0.9753
,,,0.9696,0.9611,0.8843
,,,0.8787,0.7049,0.5575
,,,0.9861,0.9850,0.9916
,,,0.8473,0.5599,0.2416
,,,0.9618,0.9339,0.7778
,,,0.9499,0.9285,0.7659
,,,0.9633,0.9420,0.7855
,,,0.9557,0.9552,0.9830
,,,0.9807,0.9800,0.9252
,,,0.9763,0.9748,0.9923
,,,0.9689,0.9647,0.9233
,,,0.9970,0.9867,0.8530
,,,0.9810,0.9794,0.9454
,,,0.9672,0.9570,0.8619
,,,0.9648,0.9615,0.9433
,,,0.9807,0.9484,0.7567
,,,0.9667,0.7987,0.5177
,,,0.8735,0.6188,0.2684
,,,0.9836,0.9835,0.9951
,,,0.9947,0.9955,0.9899
,,,0.9413,0.3932,0.1570
,,,0.9877,0.9808,0.9418
,,,0.1694,0.0386,0.0054
,,,0.9812,0.9794,0.9587
,,,0.9860,0.6574,0.3162
,,,0.9498,0.9329,0.8641
,,,0.9758,0.9707,0.9250
,,,0.9593,0.2517,0.0981
,,,0.9638,0.9637,0.9672
,,,0.9221,0.4820,0.1829
,,,0.9705,0.9368,0.7832
,,,0.8383,0.7412,0.5400
,,,0.9657,0.9542,0.9467
,,,0.1072,0.0447,0.0271
,,,0.9514,0.8790,0.8062
,,,0.9703,0.9719,0.9973
,,,0.9806,0.9770,0.9545
,,,0.1702,0.0732,0.0149
,,,0.9763,0.9573,0.8027
,,,0.9975,0.9970,0.9892
,,,0.9700,0.9045,0.8110
,,,0.9017,0.8248,0.5101
,,,0.5409,0.0000,0.0016
,,,0.9932,0.9891,0.9657
,,,0.9655,0.9645,0.9409
,,,0.9978,0.9951,0.9719
,,,0.9814,0.9812,0.9976
,,,0.4853,0.2902,0.1103
,,,0.9793,0.9791,0.9931
,,,0.9944,0.9905,0.9491
,,,0.1728,0.0662,0.0030
,,,0.8586,0.0430,0.0410
,,,0.1240,0.0526,0.0132
,,,0.9341,0.9306,0.8731
,,,0.9889,0.9818,0.9672
,,,0.9680,0.9676,0.9885
,,,0.2148,0.0000,0.0000
,,,0.9921,0.9863,0.8710
,,,0.1602,0.0658,0.0043
,,,0.9769,0.9440,0.6461
,,,0.9674,0.9618,0.9700
,,,0.8663,0.4935,0.2655
,,,0.9928,0.9757,0.9324
,,,0.1275,0.0366,0.0119
,,,0.9659,0.9643,0.9807
,,,0.9660,0.9676,0.9864
,,,0.2166,0.0673,0.0177
,,,0.3026,0.1178,0.0305
,,,0.9873,0.9856,0.9534
,,,0.8756,0.6035,0.1719
,,,0.9420,0.8375,0.4791
,,,0.9667,0.9646,0.9444
,,,0.8841,0.7887,0.4944
,,,0.1129,0.0286,0.0075
,,,0.8271,0.2093,0.0599
,,,0.9757,0.9667,0.9230
,,,0.5213,0.0007,0.0017
,,,0.9754,0.9555,0.8404
,,,0.6192,0.1017,0.1296
,,,0.2009,0.0951,0.0216
,,,0.9699,0.9644,0.9517
,,,0.9681,0.9648,0.9851
,,,0.9596,0.9589,0.9798
,,,0.9590,0.8971,0.5474
,,,0.3294,0.1921,0.0335
,,,0.9562,0.8334,0.3730
,,,0.6130,0.0697,0.0406
,,,0.9899,0.9891,0.9618
,,,0.1682,0.0861,0.0578
,,,0.0624,0.0285,0.0144
,,,0.9702,0.9698,0.9829
,,,0.9796,0.9451,0.7559
,,,0.9470,0.8636,0.8604
,,,0.9468,0.8958,0.5739
,,,0.9689,0.9498,0.7957
,,,0.9995,0.9987,0.9938
,,,0.9988,0.9945,0.8999
,,,0.9915,0.9898,0.9879
,,,0.9944,0.9876,0.9009
,,,0.1613,0.0383,0.0084
,,,0.9816,0.9812,0.9733
,,,0.9740,0.9747,0.9845
