Taxon,mock_01,mock_02,mock_03,mock_04,mock_05,mock_06,mock_07,mock_08,mock_09,mock_10
11861_6_55,0.0005,0.0005,0.0009,0.0011,0.0003,0.0015,0.0002,0.0002,0.0002,0.0001
11861_6_58,0.0015,0.0001,0.0008,0.0001,0.004,0.0006,0.0035,0.0007,0.0027,0.0067
11861_6_61,0,0,0,0.0001,0.0001,0.0001,0.0001,0.0001,0.0001,0
11861_6_63,0.0051,0.0001,0.0005,0.0007,0.0011,0.0003,0.0007,0.0002,0.0244,0.0005
11861_6_65,0,0,0,0,0,0,0,0,0,0
12718_7_10,0,0,0,0,0,0,0,0,0,0
12718_7_13,0.0023,0.0001,0.0009,0.0002,0.0034,0.0005,0.0004,0.1151,0.0015,0.0001
12718_7_14,0.0008,0.0002,0.0009,0.0007,0.0002,0.0024,0.002,0.0009,0.0012,0.0003
12718_7_15,0.0222,0.0314,0.0026,0.0048,0.0022,0.0135,0.028,0.0395,0.0007,0.0057
12718_7_17,0.0169,0.0009,0.001,0.0035,0.0005,0.0022,0.1415,0.0086,0.0068,0.0082
12718_7_21,0.0001,0.0001,0.0001,0.0001,0.0001,0.0001,0.0001,0.0002,0.0001,0.0001
12718_7_23,0.0009,0.0002,0.0014,0.0003,0.0012,0.0008,0.0008,0.0347,0.0032,0.0001
12718_7_24,0.0003,0.0027,0.0004,0.0004,0.0005,0.0001,0.0002,0.0001,0.0001,0.0001
12718_7_29,0,0,0,0,0,0,0,0,0,0
12718_7_3,0,0,0,0,0,0,0,0,0,0
12718_7_37,0.0008,0.008,0,0.0033,0.0004,0.0007,0.0001,0.0006,0.0002,0.004
12718_7_39,0.0002,0,0.0005,0.0006,0.0001,0.0002,0.0001,0.0001,0.0005,0.0001
12718_7_41,0,0,0,0.0001,0,0,0,0,0,0
12718_7_46,0.0005,0.0007,0,0.0001,0.0001,0.0001,0.0004,0,0.0055,0.0008
12718_7_47,0,0,0,0,0,0,0,0,0,0
12718_7_49,0.0003,0.0005,0,0,0,0.0001,0.0002,0,0,0.0003
12718_7_50,0.0005,0,0,0,0,0,0,0,0,0
12718_7_51,0,0,0,0,0,0,0,0,0,0
12718_7_56,0.0104,0.0008,0.0016,0.0063,0.0028,0.0004,0.0032,0.0079,0.004,0.0005
12718_7_59,0.0059,0.0025,0.0013,0.0001,0.0005,0.0138,0.0011,0.0027,0.0012,0.005
12718_7_7,0.0019,0.0004,0,0,0,0,0.0002,0.0001,0.0001,0.0002
12718_7_70,0.002,0.0054,0.0018,0.0172,0.0081,0.0004,0.0188,0.0032,0.0004,0.0001
12718_7_72,0,0,0,0,0,0,0.0001,0,0,0
12718_7_73,0,0,0,0,0,0,0,0,0,0
12718_7_81,0.0001,0.0001,0.0001,0.0001,0.0002,0.0001,0.0001,0.0001,0,0.0001
12718_7_84,0,0,0.0001,0.0002,0.0001,0.0001,0.0021,0,0.0001,0
12718_7_87,0.0011,0.0003,0.0019,0.0099,0.0013,0,0.0102,0.0113,0.0001,0.0001
12718_7_89,0,0,0,0,0,0,0,0,0,0
12718_7_9,0.0002,0.0011,0.0012,0.0001,0.0003,0.0003,0.0001,0.0006,0.0001,0.0002
12718_7_92,0,0,0,0,0,0,0,0,0,0
12718_7_94,0,0,0,0.0001,0,0,0,0,0,0
13154_4_43,0.0003,0.0007,0.0021,0.002,0.0037,0.0114,0.0219,0.0049,0.0026,0.0049
13414_6_10,0,0,0,0,0,0,0,0,0,0
13414_6_12,0,0,0,0,0,0,0,0,0,0
13414_6_14,0,0,0,0,0,0,0,0,0,0
13414_6_15,0.0001,0,0,0.0003,0.0001,0.0001,0.0001,0.0001,0.0001,0.0001
13414_6_17,0,0,0,0,0,0,0,0,0,0
13414_6_2,0.0001,0.0002,0.0001,0.0001,0.0001,0.0001,0.0001,0.0001,0.0001,0
13414_6_20,0.0001,0.0002,0.0002,0.0001,0.0003,0.0012,0.0029,0.0003,0.0006,0.003
13414_6_24,0.0004,0,0.0009,0.0003,0.0001,0,0.0001,0,0.0002,0
13414_6_3,0.0001,0.0001,0.0001,0.0004,0.0001,0.0001,0.0001,0.0001,0.0001,0.0001
13414_6_32,0.0002,0.0006,0.0003,0.0054,0.0078,0.0137,0.0007,0.0007,0.0013,0.0002
13414_6_33,0,0,0,0.0001,0.0001,0,0.0001,0,0,0
13414_6_34,0,0,0,0,0,0,0,0,0,0
13414_6_37,0,0.0001,0.0001,0.0001,0,0,0.0001,0,0,0
13414_6_39,0,0.0001,0.0003,0,0.0001,0,0.0001,0.0001,0,0
13414_6_41,0.0004,0.0033,0.0001,0.0004,0.0038,0,0.0006,0.0054,0.0063,0.0001
13414_6_43,0,0,0.0001,0.0001,0,0,0.0001,0,0,0
13414_6_44,0,0,0,0,0,0,0,0,0,0
13414_6_47,0,0,0,0,0,0,0,0,0,0
13414_6_49,0.0001,0,0,0,0.0001,0,0,0,0,0.0001
13414_6_50,0.001,0.0095,0.0017,0.001,0.0036,0.0026,0.0016,0.0025,0.0041,0.0031
13414_6_53,0.0008,0.0001,0.0009,0.0011,0.0015,0.0008,0.0047,0.0002,0.001,0.0001
13414_6_58,0,0,0,0,0.0001,0,0,0,0,0
13414_6_60,0,0,0,0,0,0,0,0,0,0
13414_6_66,0.0037,0.0001,0.001,0.0006,0.0002,0.0002,0.0001,0.0005,0.0007,0.0012
13414_6_67,0,0,0,0,0,0,0,0,0,0
13414_6_68,0.0001,0.0001,0,0.0002,0.0001,0,0.0001,0,0,0.0001
13414_6_70,0,0,0,0.0001,0,0,0,0,0,0
13414_6_73,0.1796,0.0382,0.0298,0.0317,0.0408,0.1892,0.0066,0.0236,0.0247,0.027
13470_2_58,0,0,0,0,0,0,0,0,0,0
13470_2_62,0,0,0.0001,0.0001,0.0001,0,0,0.0001,0,0
13470_2_64,0,0,0,0,0,0,0,0,0,0
13470_2_65,0,0,0,0,0,0,0,0,0,0
13470_2_67,0.0005,0,0.0014,0.0001,0.0001,0.0001,0.0006,0.0001,0.0015,0.0012
13470_2_71,0,0,0,0,0,0,0,0,0,0
13470_2_73,0.0002,0.0002,0.027,0.0078,0.0016,0,0.0001,0.0001,0.0004,0.0001
13470_2_75,0.0003,0.0006,0.0006,0.0008,0.0115,0.0005,0.0075,0.0002,0.0108,0.0001
13470_2_77,0.0004,0.0011,0.0018,0.0218,0.0258,0.0006,0.0004,0.0025,0.0031,0.0301
13470_2_78,0.0021,0.0026,0.0045,0.0071,0.0011,0.0088,0.0004,0.0003,0.0005,0.0003
13470_2_81,0.0002,0.0002,0.0003,0.0004,0.0004,0.0002,0.0003,0.0014,0.001,0.0009
13470_2_91,0.0002,0.0001,0.0001,0.0001,0.0001,0.0001,0.0003,0.0002,0.0001,0.0001
13470_2_92,0,0,0,0,0,0,0,0,0,0
13470_2_93,0,0,0,0,0,0,0,0,0,0
14207_6_11,0,0,0,0,0,0,0,0,0,0
14207_6_12,0.0007,0.0001,0.044,0.0009,0.0032,0.0006,0,0.0023,0.0013,0.0001
14207_6_13,0,0,0.0002,0,0,0,0,0,0,0
14207_6_2,0,0,0,0,0,0,0,0,0,0
14207_6_3,0,0,0,0,0,0,0,0,0,0
14207_6_9,0,0,0,0,0,0,0,0,0,0
14207_7_1,0,0.0001,0,0,0,0,0,0,0,0
14207_7_10,0,0,0,0,0,0,0,0,0,0
14207_7_18,0,0,0,0,0,0,0,0,0,0
14207_7_23,0,0,0,0,0,0,0,0,0,0
14207_7_25,0,0,0,0,0.0002,0.0001,0.0001,0,0.0001,0
14207_7_27,0.0003,0.0002,0.0001,0.0003,0.0002,0.0377,0.0039,0.0002,0.0014,0.0001
14207_7_28,0,0,0,0,0,0,0,0,0,0
14207_7_30,0.002,0.0005,0.0094,0.001,0.0018,0.0056,0.0019,0.0325,0.0019,0.0029
14207_7_32,0,0,0,0,0,0,0,0,0,0
14207_7_37,0.0008,0.0021,0.0008,0.0004,0.0022,0.0015,0.0006,0.0043,0.0026,0.0014
14207_7_42,0,0,0,0,0,0,0,0,0,0
14207_7_43,0,0,0,0,0,0,0,0.0001,0,0
14207_7_50,0,0,0,0,0,0,0,0,0,0
14207_7_52,0,0,0,0,0,0,0,0,0,0
14207_7_54,0,0,0,0,0,0,0,0.0001,0,0
14207_7_56,0,0,0,0,0,0,0,0,0,0
14207_7_57,0.0045,0.0001,0.0012,0.0005,0.0013,0.0003,0.0002,0.0001,0.0005,0.0004
14207_7_59,0,0,0,0,0,0,0,0,0,0
14207_7_64,0,0,0,0,0,0,0,0,0,0
14207_7_70,0.006,0.0018,0.0043,0.103,0.0214,0.0034,0.02,0.0026,0.0089,0.0032
14207_7_75,0.0005,0.0208,0.0205,0.0007,0.0033,0.0008,0.0008,0.0108,0.0003,0.0016
14207_7_83,0.0001,0.0043,0.0012,0.0002,0.0008,0.0013,0.0008,0.0002,0.0005,0
14207_7_86,0,0,0,0,0,0,0,0,0,0
14207_7_87,0,0,0,0,0,0,0,0,0.0001,0
14207_7_89,0,0,0,0,0,0,0,0,0,0
14207_7_9,0.0034,0.0197,0.0009,0.0028,0.0014,0.0018,0.0004,0.0003,0.0005,0.0022
14207_7_90,0.0001,0,0,0.0001,0.0001,0,0.0001,0,0.0001,0
14207_7_95,0.0009,0.0001,0.0015,0.0169,0.0035,0.0003,0.0044,0.007,0.0002,0.0009
14670_1_61,0.0079,0.1726,0.0067,0.0075,0.0278,0.0014,0.0039,0.0243,0.0216,0.003
14672_4_4,0.0001,0.0012,0.0001,0.0001,0.0006,0.0048,0.0009,0.0001,0.001,0.0033
15841_8_64,0.0001,0.0001,0.0002,0.0001,0.0001,0.0002,0.0001,0.0001,0.0001,0.0001
15841_8_85,0,0,0,0,0,0,0,0,0,0
15841_8_88,0.0005,0.0047,0.0015,0.0003,0.0012,0.0008,0.0047,0.0081,0.0085,0.0005
17138_5_74,0.003,0.0014,0.0051,0.0027,0.001,0.0001,0.0001,0.0005,0.0317,0.0011
17138_5_75,0,0,0,0,0.0032,0.0002,0.0001,0,0.0001,0
18048_1_69,0,0,0,0.0001,0,0,0,0,0,0
18048_1_70,0.0002,0.0001,0.0001,0.0001,0.0001,0.0001,0.0002,0.0003,0.0002,0
18048_1_72,0.0495,0.0018,0.0121,0.0046,0.0014,0.0017,0.0015,0.0091,0.0101,0.011
18048_1_93,0.0027,0.0008,0.0515,0.0027,0.0114,0.0061,0.1023,0.0075,0.0137,0.0023
18048_2_57,0.0002,0.0014,0.0005,0.0007,0.0002,0.0004,0.0001,0.0001,0.0001,0.0001
18048_2_67,0,0,0,0.0001,0,0,0,0,0,0
18048_2_82,0,0,0,0,0,0,0,0,0,0
18048_2_85,0,0,0,0,0,0,0,0,0,0
18048_2_90,0.0009,0.0086,0.0014,0.0092,0.0744,0.0011,0.0036,0.0676,0.0019,0.0039
18391_1_11,0.0006,0.0014,0.0075,0.0118,0.0002,0.0003,0.0106,0.0012,0.0007,0.0009
18391_1_7,0.0064,0.0125,0.0132,0.0153,0.0148,0.0105,0.0397,0.084,0.0275,0.0868
20287_6_18,0,0,0,0,0,0,0,0,0,0
20287_6_22,0.001,0.0173,0.0004,0.0041,0.0053,0.0284,0.0181,0.0094,0.001,0.002
20287_6_33,0.0001,0.0001,0.0001,0.0003,0.0001,0.0001,0.0002,0.0001,0.0003,0.0001
20287_6_37,0,0,0,0,0,0,0,0,0,0
20287_6_4,0.0034,0.0035,0.0401,0.0191,0.0351,0.0171,0.0081,0.0217,0.0046,0.001
20287_6_53,0,0,0,0,0,0,0,0,0,0
20287_6_6,0,0,0,0,0,0,0,0,0,0
20287_6_63,0.0001,0,0,0.0001,0.0001,0,0,0.0001,0.0001,0.0001
20287_6_70,0,0,0.0065,0.0004,0.0003,0,0,0,0.0012,0.0005
20287_6_88,0,0,0,0,0,0,0,0,0,0
20287_6_9,0,0.0001,0.0003,0,0.0001,0,0.0002,0.0003,0,0
20298_2_1,0.0286,0.0064,0.0109,0.022,0.0003,0.0273,0.0125,0.0037,0.0043,0.044
20298_2_10,0.0009,0.0073,0.0016,0.0006,0.003,0.0119,0.001,0.0014,0.0005,0.001
20298_2_19,0.0011,0.005,0.0003,0.0006,0.0047,0.0004,0.0002,0.0021,0.0003,0.0069
20298_2_23,0.0003,0.0002,0.0006,0.0003,0.0107,0.0001,0,0.0165,0.0007,0.0011
20298_2_28,0,0,0,0,0,0,0,0,0,0
20298_2_29,0,0,0,0,0,0,0,0,0,0
20298_2_3,0,0,0,0,0,0,0,0,0,0
20298_2_31,0,0,0,0,0.0001,0,0,0,0,0
20298_2_33,0.0119,0.0024,0.002,0.0119,0.0133,0.0144,0.0039,0.0142,0.0054,0.0537
20298_2_4,0,0,0,0,0,0,0,0,0,0
20298_2_47,0,0,0,0,0,0,0,0,0,0
20298_2_49,0.0008,0.0017,0.0027,0.0064,0.0036,0.0136,0.0029,0.0236,0.0096,0.0034
20298_2_5,0.0001,0.0001,0.005,0.0005,0.0001,0.0007,0.0001,0.0001,0.0056,0.0001
20298_2_53,0.0128,0.0014,0.0172,0.014,0.0056,0.0147,0.0049,0.0144,0.0082,0.0038
20298_2_67,0.0004,0.0001,0.0004,0.0002,0.0001,0.0006,0.0004,0.0005,0.0026,0.0002
20298_2_7,0.0028,0.0014,0.0024,0.0141,0.0004,0.0134,0.0028,0.0089,0.0052,0.0019
20298_3_1,0,0,0,0,0,0,0,0,0.0001,0
20298_3_11,0.1185,0.236,0.0327,0.0249,0.2116,0.0306,0.0563,0.0328,0.0406,0.1487
20298_3_12,0.0451,0.0173,0.0202,0.0061,0.0081,0.0689,0.006,0.0243,0.0367,0.0579
20298_3_13,0,0,0,0,0,0,0,0,0.0001,0
20298_3_14,0.0021,0.0031,0.0005,0.0005,0.0011,0.0004,0.0008,0.0007,0.0008,0.0005
20298_3_17,0.0003,0.0003,0,0,0,0.0001,0,0.0001,0,0
20298_3_18,0.0044,0.0004,0.0003,0.001,0.0053,0.0038,0.0024,0.0022,0.0041,0.0002
20298_3_19,0.0001,0,0,0,0,0,0,0,0.0002,0
20298_3_2,0.0048,0.0012,0.003,0.0001,0.007,0.063,0.0004,0.0005,0.0005,0.0029
20298_3_21,0.0004,0,0.0013,0.0443,0.0067,0.0003,0.0184,0.0005,0.0049,0.0033
20298_3_24,0.0003,0.0069,0.0167,0.0015,0.0007,0.0007,0.0009,0.0016,0.0005,0.0031
20298_3_25,0.0066,0.0013,0.0012,0.0047,0.006,0.008,0.013,0.0021,0.0256,0.001
20298_3_26,0.0039,0.0002,0.0015,0.0407,0.0009,0.0031,0.0004,0.0174,0.0003,0.0052
20298_3_28,0.0036,0.0039,0.0085,0.0062,0.008,0.0018,0.0152,0.0175,0.075,0.0171
20298_3_3,0.0286,0.0001,0.001,0.0001,0.0022,0.014,0.0007,0.0002,0.0009,0.0003
20298_3_30,0,0,0,0.0001,0.0001,0.0001,0,0.0001,0,0
20298_3_34,0,0,0,0,0,0,0,0,0,0
20298_3_35,0.0005,0.0229,0.0019,0.0006,0.0002,0.0001,0.0011,0.0002,0.0154,0.0003
20298_3_36,0.0002,0.0006,0.0116,0,0.013,0.0079,0.0005,0.0002,0.0892,0.0006
20298_3_37,0.0002,0.0002,0.0001,0,0.0008,0.0004,0.0004,0.0042,0.0006,0.0008
20298_3_39,0,0,0,0,0.0001,0,0,0,0,0
20298_3_4,0,0,0,0,0,0,0,0,0,0
20298_3_48,0.0002,0.0005,0,0,0.0001,0.0001,0,0,0,0
20298_3_52,0.0018,0.0005,0.0004,0.0024,0.0003,0.0054,0.0003,0.0035,0.0095,0.0001
20298_3_57,0.0001,0,0,0,0,0,0,0,0,0
20298_3_58,0,0,0,0,0,0,0,0,0,0
20298_3_59,0,0,0,0,0,0,0,0,0,0
20298_3_62,0,0,0,0,0,0,0,0,0,0
20298_3_63,0.0145,0.0014,0.0003,0.076,0.0085,0.0017,0.0003,0.0005,0.0048,0.0021
20298_3_64,0,0,0,0,0,0,0,0,0,0
20298_3_65,0,0,0,0,0,0,0,0,0,0
20298_3_66,0.0001,0.0007,0.0018,0.0027,0.0206,0.0001,0.0005,0.0042,0.0006,0.0053
20298_3_69,0,0,0,0,0,0,0,0,0,0
20298_3_70,0,0,0,0,0,0,0,0,0,0
20298_3_71,0,0,0,0,0.0002,0,0,0,0,0
20298_3_8,0,0,0,0,0,0,0,0,0,0
20298_3_81,0.0575,0.0082,0.0028,0.0043,0.0552,0.0085,0.0038,0.0076,0.0028,0.0304
20298_3_9,0,0,0,0,0,0,0,0,0,0
20427_4_22,0.0984,0.0289,0.0543,0.0015,0.0094,0.0012,0.0108,0.0032,0.0017,0.1032
20427_4_25,0,0,0,0,0,0,0,0,0,0
21673_4_12,0,0,0,0.0001,0,0,0,0,0,0
21673_4_18,0,0,0,0.0002,0,0,0,0,0,0
21673_4_19,0.0013,0.0001,0.0004,0.0006,0.0003,0.0001,0.0001,0.0003,0.0003,0.0006
21673_4_22,0.0024,0.0115,0.0304,0.0015,0.0085,0.0079,0.0214,0.0046,0.0013,0.0012
21673_4_3,0.0001,0,0,0.0002,0.0001,0,0.0001,0,0.0001,0.0001
21673_4_33,0,0,0,0,0,0,0,0,0,0
21673_4_36,0.0002,0.0002,0.0002,0.0007,0.0002,0.0001,0.0001,0.0003,0.0001,0.0001
21673_4_37,0.0001,0,0,0.0001,0,0,0,0,0.0001,0
21673_4_38,0,0.0001,0,0.0008,0.0018,0.0015,0.0002,0.0002,0.0002,0
21673_4_43,0.002,0.002,0.0006,0.0004,0.0035,0.0008,0.0011,0.0015,0.001,0.0101
21673_4_46,0.0043,0.0004,0.0013,0.0018,0.0002,0.002,0.0048,0.0032,0.0005,0.0012
21673_4_5,0.0028,0.0168,0.0012,0.0024,0.0116,0.0627,0.0041,0.0038,0.0023,0.0006
21673_4_53,0.0003,0.0019,0.0051,0.1325,0.0087,0.0076,0.0012,0.0009,0.0021,0.0003
21673_4_55,0,0,0,0,0.0001,0,0,0,0,0
21673_4_71,0,0,0,0,0,0,0,0,0,0
21673_4_77,0,0,0,0.0001,0,0,0,0,0.0001,0
21673_4_80,0,0,0,0,0,0,0,0,0,0
21673_4_87,0.01,0.0003,0.0023,0.0019,0.0026,0.0028,0.0213,0.0028,0.0196,0.0002
21673_4_91,0.0001,0.0003,0.0001,0.0001,0.0002,0,0.0001,0.0001,0.0002,0
8080_1_69,0,0,0,0,0,0,0,0,0,0
8080_1_72,0,0,0,0,0,0,0,0,0,0
8080_1_73,0,0,0,0,0,0,0,0,0,0
8080_1_77,0.0006,0.0003,0.0008,0.0014,0.0023,0.0056,0.0043,0.0017,0.001,0.0002
8080_1_78,0,0,0,0,0,0,0,0,0,0
8080_1_80,0,0,0,0,0,0,0,0,0,0
8080_1_81,0.0027,0.0015,0.0123,0.0169,0.0024,0.0047,0.0011,0.0014,0.0227,0.0008
8080_1_83,0,0,0,0,0,0,0,0,0,0
8080_1_93,0.0001,0.0001,0,0,0,0,0,0,0,0
GCF_000010185,0,0,0.0001,0,0.0001,0,0,0,0.0002,0
GCF_000020425,0.0003,0.0007,0.0015,0.0136,0.0008,0.0015,0.0018,0.0023,0.0456,0.0017
GCF_000026505,0.004,0.0035,0.2511,0.0445,0.0024,0.0031,0.0119,0.0006,0.0055,0.0008
GCF_000144975,0,0,0,0,0,0,0,0,0,0
GCF_000145315,0,0,0,0,0,0,0,0,0,0
GCF_000146325,0.0084,0.033,0.0014,0.0037,0.0121,0.0417,0.0198,0.017,0.0261,0.0278
GCF_000146835,0,0,0,0,0,0,0,0,0,0
GCF_000148995,0,0.0001,0,0,0.0001,0,0.0001,0,0,0.0001
GCF_000153885,0.0006,0.0007,0.0003,0.0004,0.0004,0.0002,0.0005,0.0016,0.0001,0
GCF_000154285,0,0,0,0,0,0,0,0,0,0
GCF_000154325,0,0.0001,0.0001,0,0,0.0001,0,0,0,0
GCF_000154385,0.0001,0.0001,0.0003,0.0007,0.0008,0.0002,0.0171,0.0001,0.0004,0
GCF_000154405,0,0,0.0001,0.0001,0,0.0001,0,0.0002,0.0003,0
GCF_000154465,0.0006,0.0002,0.0005,0.0033,0.0006,0.0002,0.0002,0.0001,0.0004,0.0002
GCF_000154505,0.0001,0,0,0,0,0,0.0001,0,0.0001,0
GCF_000154545,0,0.0001,0,0,0,0,0,0,0,0
GCF_000154805,0,0,0,0,0.0001,0,0,0,0,0
GCF_000154825,0,0,0,0,0,0,0,0,0,0
GCF_000154845,0.0002,0,0.0016,0,0.0001,0.0001,0,0.0001,0,0
GCF_000154865,0.0001,0.0001,0.0001,0.0001,0.0001,0.0001,0.0001,0.0001,0.0001,0.0001
GCF_000154985,0.0001,0.0003,0.0009,0.0014,0.0001,0.0001,0.0013,0.0003,0.0002,0.0003
GCF_000155085,0.0003,0.0001,0.0002,0.0002,0.0001,0.0004,0,0.0001,0.0001,0.0001
GCF_000155205,0,0,0,0.0001,0.0001,0,0,0,0.0001,0
GCF_000155435,0,0,0,0,0,0,0,0,0,0
GCF_000155495,0,0,0,0,0,0,0,0,0,0
GCF_000155515,0.0113,0.0275,0.0224,0.0099,0.0416,0.0007,0.0231,0.0015,0.0045,0.0045
GCF_000155815,0,0,0,0.0001,0,0.0001,0,0,0,0
GCF_000155855,0.0001,0.0001,0,0,0.0001,0,0,0,0.0001,0.0001
GCF_000155875,0.0001,0,0,0.0002,0.0001,0,0.0001,0,0.0001,0
GCF_000155955,0,0,0,0,0,0,0,0,0,0
GCF_000155975,0,0,0,0,0,0,0,0,0,0
GCF_000155995,0,0,0,0,0,0,0,0,0,0
GCF_000156015,0,0,0,0,0,0,0,0,0,0
GCF_000156055,0,0,0,0,0,0,0,0,0,0
GCF_000156175,0,0,0,0,0,0,0,0,0,0
GCF_000156215,0,0,0,0,0,0,0,0,0,0
GCF_000156375,0,0,0,0,0,0,0,0,0,0
GCF_000156395,0,0,0,0,0.0001,0,0,0,0,0
GCF_000156515,0,0,0,0,0,0,0,0,0,0
GCF_000156655,0,0,0,0,0,0,0,0,0,0
GCF_000157015,0,0,0,0,0,0,0,0,0,0
GCF_000157035,0,0,0,0.0001,0.0001,0.0001,0.0001,0.0001,0,0
GCF_000157915,0,0,0.0001,0.0001,0.0001,0,0,0.0001,0,0.0001
GCF_000157935,0,0,0,0.0001,0.0002,0.0002,0.0002,0.0003,0,0
GCF_000157955,0,0,0,0,0,0,0,0,0,0
GCF_000157995,0,0,0,0,0,0,0,0,0,0
GCF_000158055,0.0001,0.0001,0,0,0.0001,0.0001,0.0001,0.0001,0.0001,0.0001
GCF_000158075,0,0,0,0,0,0,0,0,0,0
GCF_000158195,0.0004,0.0001,0.0002,0.0001,0.0002,0.0005,0.0001,0.0001,0.0001,0.0001
GCF_000158215,0,0,0.0001,0,0,0,0,0,0,0
GCF_000158235,0,0,0,0,0,0,0,0,0,0
GCF_000158275,0,0,0,0,0,0.0001,0,0,0,0
GCF_000158295,0,0,0,0,0,0,0,0,0,0
GCF_000158315,0,0,0,0,0,0,0,0,0,0
GCF_000158375,0.0006,0.0001,0.0005,0.0022,0.0002,0.0005,0.0052,0.0003,0.0006,0.0003
GCF_000158415,0.0003,0.0001,0,0,0,0,0,0.0001,0.0002,0
GCF_000158435,0,0,0,0,0,0,0,0,0,0
GCF_000158455,0,0,0,0,0,0,0,0,0,0
GCF_000158475,0,0,0,0,0,0,0,0,0,0
GCF_000158495,0.0001,0,0,0,0,0,0,0,0,0
GCF_000158655,0,0,0,0,0,0,0,0,0,0
GCF_000159055,0,0,0,0,0,0,0,0,0,0
GCF_000159175,0.0004,0.0003,0.0002,0.0001,0.0003,0.0001,0.0002,0.0001,0.0001,0.0001
GCF_000159215,0.0003,0.0002,0,0,0.0002,0.0001,0.0002,0.0001,0.0001,0.0001
GCF_000159375,0.0217,0.019,0.0006,0.0004,0.0006,0.0032,0.0037,0.0018,0.0693,0.0008
GCF_000159415,0.0012,0.0004,0.0002,0,0.0002,0,0.0001,0,0.0001,0.0002
GCF_000159455,0.0022,0.0004,0.0021,0.0018,0.0001,0.0014,0.0004,0.0001,0.0008,0.0006
GCF_000159675,0.0165,0.003,0.0059,0.0081,0.0404,0.0114,0.016,0.0572,0.006,0.1539
GCF_000159715,0.0002,0.0001,0,0,0.0001,0,0.0001,0.0001,0,0.0001
GCF_000159855,0.0001,0.0001,0.0003,0.0001,0.0004,0,0.0001,0,0,0
GCF_000159915,0.0001,0,0.0001,0,0,0.0001,0,0,0,0
GCF_000159975,0.0002,0,0.0001,0.0003,0.0001,0,0.0001,0,0.0001,0.0002
GCF_000160455,0,0,0,0,0,0,0,0,0,0
GCF_000160575,0.0002,0.0002,0.0001,0.0001,0.0003,0.0001,0.0001,0.0001,0.0001,0.0002
GCF_000160595,0.0002,0.0057,0.0004,0.0003,0.0006,0.0002,0.0003,0.0038,0.0002,0.0008
GCF_000160855,0.0027,0.0011,0.0004,0.0001,0.0004,0.0001,0.0002,0.0001,0.0001,0.0002
GCF_000161955,0,0,0,0.0001,0.0001,0,0,0.0001,0.0002,0
GCF_000162075,0.0001,0,0,0,0.0001,0,0,0,0.0003,0.0001
GCF_000162115,0,0,0,0,0,0,0,0,0.0001,0
GCF_000162155,0,0,0,0,0,0,0,0,0,0
GCF_000162215,0,0,0,0,0,0,0,0,0,0
GCF_000162235,0,0,0,0,0,0,0,0,0,0
GCF_000162575,0,0,0,0,0,0,0,0,0,0
GCF_000163075,0.0003,0.0003,0.0002,0.0001,0.0009,0.0005,0.0005,0.0064,0.0009,0.0009
GCF_000163735,0,0,0,0,0,0,0,0,0,0
GCF_000163935,0,0,0,0,0,0,0,0,0,0
GCF_000163955,0.0001,0,0,0,0,0,0,0.0001,0.0001,0
GCF_000165065,0,0,0,0,0,0,0,0,0,0
GCF_000166035,0.0002,0.001,0.0006,0.0067,0.0018,0.0018,0.0052,0.0006,0.0002,0
GCF_000169015,0.0017,0.0001,0.0001,0.0002,0.0001,0,0,0,0,0.0009
GCF_000169035,0,0.0001,0.0004,0,0,0.0005,0.0001,0,0,0
GCF_000172135,0.0001,0.0001,0.0003,0.0002,0.0001,0.0001,0.0004,0.0005,0.0006,0.0003
GCF_000172175,0,0,0,0,0,0,0,0,0,0
GCF_000173355,0,0,0,0,0,0,0,0,0,0
GCF_000173815,0,0,0,0,0,0,0,0,0,0
GCF_000174195,0.0002,0,0,0,0,0,0,0,0,0.0001
GCF_000177015,0,0,0,0,0,0,0,0,0,0
GCF_000178935,0,0,0,0,0,0,0,0,0,0
GCF_000185345,0,0,0,0,0,0,0,0,0,0
GCF_000185705,0,0,0,0,0,0,0,0,0,0
GCF_000185845,0,0,0.0001,0.0001,0.0001,0,0,0.0001,0,0
GCF_000186505,0.0043,0.0004,0.0022,0.0018,0.001,0.015,0.0037,0.0065,0.0196,0.0017
GCF_000186545,0.0006,0.0013,0.0056,0.0096,0.0002,0.0014,0.0013,0.028,0.0412,0.0004
GCF_000187265,0,0,0.0001,0.0002,0,0,0.0002,0.0001,0.0001,0
GCF_000187895,0,0,0,0,0,0,0,0,0,0
GCF_000188175,0,0,0,0,0,0,0,0,0,0
GCF_000188195,0,0,0,0,0,0,0,0,0,0
GCF_000189615,0,0,0,0,0,0,0,0,0,0
GCF_000190355,0,0,0,0,0,0,0,0,0,0
GCF_000191845,0.0001,0,0,0,0,0,0,0.0001,0,0
GCF_000192165,0.0001,0,0,0,0,0,0,0,0.0001,0
GCF_000195635,0,0,0,0.0001,0,0,0,0,0,0
GCF_000204455,0,0,0,0,0,0,0,0,0,0
GCF_000205165,0,0,0,0,0,0,0,0,0,0
GCF_000209385,0,0,0,0,0,0,0,0,0,0
GCF_000209405,0.0002,0,0.0001,0,0,0,0,0,0.0001,0.0001
GCF_000209425,0,0,0,0,0,0,0,0,0,0
GCF_000210095,0,0.0001,0,0,0,0,0.0001,0,0,0
GCF_000213555,0,0,0,0,0,0,0,0,0,0
GCF_000213575,0,0,0,0.0001,0.0001,0.0001,0,0,0,0.0001
GCF_000218325,0,0,0,0,0,0,0,0,0,0
GCF_000218385,0,0.0001,0,0,0,0,0,0,0.0001,0
GCF_000218405,0,0,0,0,0,0,0,0,0,0
GCF_000218465,0.0001,0,0,0.0001,0.0001,0,0,0,0,0
GCF_000220865,0,0,0,0,0,0,0,0,0,0
GCF_000225705,0,0,0,0,0,0,0,0,0,0
GCF_000227195,0.0001,0,0,0,0,0,0,0,0,0
GCF_000227255,0.0003,0.0002,0.0022,0.0013,0.0018,0.0009,0.0005,0.0012,0.0011,0.0002
GCF_000231275,0.0003,0.0486,0.0001,0.0084,0.0009,0.0008,0.0002,0.0005,0.0006,0.0005
GCF_000233455,0,0,0,0,0,0,0,0,0,0
GCF_000233495,0.0001,0.0001,0.0015,0.0007,0.0013,0.0006,0.0003,0.0008,0.0003,0.0001
GCF_000233955,0,0,0,0,0,0,0,0,0,0
GCF_000234155,0,0,0,0,0,0,0,0,0,0
GCF_000235505,0,0,0,0,0,0,0,0,0,0
GCF_000235885,0,0,0.0001,0.0001,0.0001,0,0,0.0001,0,0
GCF_000236865,0,0,0,0,0,0,0,0,0,0
GCF_000238035,0,0,0,0,0.0001,0,0,0,0,0
GCF_000238615,0,0,0,0,0,0,0,0,0,0
GCF_000238635,0,0,0,0,0,0,0.0001,0,0,0
GCF_000238655,0,0,0,0,0.0001,0,0,0,0,0.0001
GCF_000238675,0,0.0001,0,0,0.0001,0,0,0,0,0
GCF_000238695,0,0,0.0001,0.0001,0,0,0,0,0,0
GCF_000238735,0,0,0,0,0,0,0,0,0,0
GCF_000238755,0,0,0,0,0,0,0.0001,0,0,0
GCF_000239255,0.0003,0.0002,0.0001,0.0001,0.0001,0.0001,0.0001,0.0001,0.0002,0.0001
GCF_000239335,0.0001,0,0,0,0,0,0,0,0.0001,0
GCF_000241405,0.0001,0.0001,0.0001,0.0001,0.0004,0.0001,0.0001,0.0001,0.0001,0.0002
GCF_000242175,0,0,0,0,0,0,0,0,0,0
GCF_000242435,0,0,0,0,0,0,0,0,0,0
GCF_000242955,0,0,0,0,0.0001,0,0.0001,0,0,0
GCF_000243215,0,0,0,0.0001,0.0002,0.0001,0,0.0002,0,0
GCF_000244855,0.0001,0.0001,0.0001,0,0.0001,0.0001,0,0,0,0.0001
GCF_000245775,0.0001,0,0.0001,0,0.0001,0.0001,0.0001,0.0001,0,0.0001
GCF_000250875,0,0,0,0,0,0,0,0,0,0
GCF_000269565,0.0001,0.0001,0.0001,0.0001,0.0002,0.0001,0.0001,0.0001,0.0001,0.0001
GCF_000273525,0.0051,0.0006,0.0009,0.0005,0.0002,0.0018,0.0625,0.0042,0.0015,0.0011
GCF_000285495,0,0,0,0,0.0001,0,0,0,0,0
GCF_000285515,0,0,0,0,0,0,0,0,0,0
GCF_000285535,0,0,0,0,0.0001,0,0,0,0,0.0001
GCF_000285555,0.0002,0.0002,0.0001,0.0001,0.0005,0.0001,0.0001,0.0001,0.0001,0.0003
GCF_000285575,0.0001,0,0.0001,0.0001,0.0001,0.0001,0,0,0,0.0001
GCF_000285835,0,0,0,0,0,0,0,0,0,0
GCF_000296445,0,0,0,0,0,0,0,0,0,0
GCF_000297775,0,0,0,0,0,0,0,0,0,0
GCF_000297815,0.0001,0.0001,0.0001,0.0001,0.0001,0.0001,0.0001,0.0001,0.0001,0.0001
GCF_000308055,0,0,0,0,0,0,0,0,0,0
GCF_000311725,0,0,0,0,0.0001,0,0,0,0,0
GCF_000311845,0,0,0,0,0,0,0,0,0,0
GCF_000311865,0,0,0,0.0001,0.0001,0,0,0,0.0001,0
GCF_000311925,0.0001,0,0.0001,0.0003,0.0001,0,0.0001,0,0.0001,0
GCF_000312005,0,0,0,0,0,0,0,0,0,0
GCF_000312045,0.0001,0.0001,0.0007,0.0003,0.0006,0.0003,0.0002,0.0005,0.0002,0.0001
GCF_000312105,0,0,0,0,0,0,0,0,0,0
GCF_000312125,0,0,0,0,0,0,0,0.0001,0.0001,0
GCF_000312145,0.0002,0,0.0002,0.0006,0.0007,0.0001,0.0005,0.0002,0.0009,0.0002
GCF_000313565,0,0,0,0,0,0,0,0,0,0
GCF_000315485,0,0,0,0,0,0,0,0,0,0
GCF_000320405,0.0003,0.0001,0.0006,0.0003,0.0005,0.0011,0.0007,0.0003,0.0004,0.0001
GCF_000321005,0,0,0,0,0,0,0,0,0.0001,0
GCF_000321025,0,0,0.0001,0,0.0001,0.0001,0,0,0.0006,0
GCF_000321045,0,0,0,0,0,0,0,0,0,0
GCF_000321165,0,0,0,0,0,0,0,0,0,0
GCF_000321185,0.0001,0,0,0,0.0002,0.0001,0,0.0001,0.0001,0.0002
GCF_000321205,0,0.0001,0,0,0,0,0,0,0,0
GCF_000327285,0,0,0,0,0,0,0,0,0,0
GCF_000345485,0,0,0,0,0,0,0,0,0,0
GCF_000349975,0,0,0,0,0,0,0,0,0,0
GCF_000381365,0,0,0,0,0,0,0,0,0,0
GCF_000382465,0,0,0,0,0,0,0,0,0,0
GCF_000398925,0,0,0,0,0,0,0.0002,0,0.0001,0
GCF_000403725,0,0,0,0,0,0,0,0,0,0
GCF_000411235,0,0,0,0,0,0,0,0,0.0001,0
GCF_000411255,0,0,0,0,0,0,0,0,0,0
GCF_000411275,0.0001,0,0,0,0.0001,0.0001,0.0001,0.0002,0,0.0001
GCF_000411295,0,0,0,0,0.0001,0,0,0,0,0.0001
GCF_000411335,0.0001,0.0002,0,0,0.0001,0,0,0,0.0002,0
GCF_000411395,0,0,0,0,0,0,0,0,0,0
GCF_000411415,0,0,0,0,0,0,0,0,0,0
GCF_000411475,0,0,0,0.0001,0,0,0.0001,0.0001,0.0001,0
GCF_000411495,0,0,0.0001,0.0002,0.0001,0.0001,0.0001,0.0001,0.0002,0.0001
GCF_000411535,0,0,0,0,0,0,0,0,0,0
GCF_000412335,0.0003,0.0001,0.0001,0.0001,0,0.0001,0.0001,0.0002,0.0007,0.0001
GCF_000413335,0,0,0,0.0001,0,0,0,0,0.0001,0
GCF_000413355,0,0,0,0,0,0,0,0,0,0
GCF_000413375,0,0,0,0,0,0,0,0,0,0
GCF_000438455,0,0,0,0,0,0,0,0,0,0
GCF_000455245,0,0,0,0,0,0,0,0,0,0
GCF_000455265,0,0,0,0,0,0,0,0,0,0
GCF_000455285,0.0001,0,0.0001,0,0.0001,0.0001,0,0,0,0
GCF_000466385,0,0,0,0,0.0001,0,0,0,0.0001,0
GCF_000466605,0,0,0,0,0,0,0,0,0,0
GCF_000468015,0,0,0.0001,0,0,0,0.0001,0,0,0
GCF_000469305,0,0,0,0,0,0,0,0,0,0
GCF_000469345,0.0001,0,0,0.0001,0,0,0,0,0.0001,0.0001
GCF_000478505,0.0003,0.0001,0.0002,0.0002,0.0002,0.0001,0.0001,0.0003,0.0006,0.0001
GCF_000479045,0.0003,0.0001,0.0003,0.0001,0.0002,0.0004,0.0001,0.0001,0.0002,0.0001
GCF_000479265,0,0,0.0001,0,0.0001,0.0001,0,0,0,0
GCF_000499525,0.0001,0.0001,0.0002,0.0001,0.0001,0.0001,0,0.0001,0,0
GCF_000499785,0.0002,0.0001,0.0002,0.0002,0.0001,0.0002,0.0001,0.0001,0.0001,0.0001
GCF_000507845,0,0,0,0,0,0,0,0,0,0
GCF_000507865,0,0,0,0,0,0,0,0,0,0
GCF_000523555,0.0001,0,0.0001,0,0.0001,0.0001,0,0,0.0001,0
GCF_000527275,0,0,0,0,0,0,0,0,0,0
GCF_000527295,0,0,0,0,0,0,0,0,0,0
GCF_000577335,0,0,0,0,0,0,0,0,0,0
GCF_000582785,0,0,0,0.0001,0,0,0,0,0,0
GCF_000612625,0,0,0,0,0.0001,0,0,0,0,0
GCF_000723585,0,0,0,0,0.0001,0,0,0,0,0.0001
GCF_000741205,0,0,0.0001,0.0001,0,0,0.0001,0.0001,0.0001,0.0001
GCF_000750635,0,0,0,0,0.0001,0,0,0,0.0001,0.0001
GCF_000751555,0.0001,0,0.0001,0.0001,0.0001,0.0001,0,0,0.0001,0
GCF_000751675,0.0003,0.0001,0.0059,0.0007,0.0034,0.0003,0.0015,0.0015,0.0001,0.0002
GCF_000752035,0.0001,0.0001,0,0,0.0002,0,0,0,0.0001,0.0001
GCF_000752215,0,0,0,0,0,0,0,0,0,0
GCF_000752675,0,0,0,0,0,0,0,0,0,0
GCF_000753355,0.0004,0.0001,0.0002,0.0002,0.0003,0.0006,0.0001,0.0001,0.0002,0.0002
GCF_000763055,0,0,0,0,0,0,0,0,0,0
GCF_000820705,0,0,0,0,0,0.0001,0,0,0,0
GCF_000820725,0,0,0,0.0001,0,0,0,0,0,0
GCF_000821085,0.0001,0.0001,0,0,0.0006,0.0001,0,0.0001,0.0001,0
GCF_000821325,0,0,0,0,0.0001,0,0,0,0.0001,0
GCF_000826065,0,0,0,0,0,0,0,0,0.0001,0
GCF_000826085,0,0,0,0,0,0,0,0,0,0
GCF_000826105,0,0,0.0002,0.0001,0.0002,0.0001,0.0001,0.0001,0.0001,0
GCF_000826525,0,0,0,0,0,0,0,0,0.0001,0
GCF_000829905,0,0,0,0,0,0,0,0,0,0
GCF_000942395,0.0001,0,0,0,0.0001,0,0,0.0001,0,0.0001
GCF_000969835,0,0,0,0,0,0,0,0,0,0
GCF_000969845,0,0,0,0,0,0,0,0,0,0
GCF_001025155,0.0001,0.0002,0.0004,0.0003,0.0002,0.0001,0.0007,0.001,0.0007,0.0007
GCF_001025175,0.0025,0.001,0.0006,0.0035,0.0023,0.0036,0.001,0.0018,0.0189,0.0008
GCF_001025195,0.0004,0.0005,0.0078,0.0007,0.0011,0.0009,0.0069,0.0033,0.0017,0.0017
GCF_001049895,0,0,0,0,0,0,0,0,0,0
GCF_001050095,0.0008,0.0024,0.0003,0.0002,0.0014,0.0003,0.0003,0.0006,0.0006,0.0014
GCF_001078425,0,0,0,0,0,0,0,0,0,0
GCF_001182045,0,0,0,0,0,0,0,0,0,0
GCF_001182725,0,0,0,0,0.0001,0,0,0,0.0002,0
GCF_001185345,0,0,0,0,0,0,0,0,0,0
GCF_001243045,0.0001,0.0001,0.0002,0.0001,0.0001,0.0002,0,0.0001,0.0001,0.0001
GCF_001243895,0,0.0001,0,0,0.0004,0,0,0,0.0001,0.0001
GCF_001244405,0,0,0,0,0,0,0,0,0,0
GCF_001244495,0,0,0,0.0001,0.0005,0,0.0001,0.0001,0,0
GCF_001244735,0.0001,0,0,0,0.0002,0,0,0,0,0.0001
GCF_001244995,0,0,0,0,0,0.0001,0,0.0007,0.0001,0
GCF_001282625,0,0,0,0,0.0001,0,0,0,0,0
GCF_001282665,0.0001,0,0.0001,0.0001,0.0001,0.0001,0,0.0001,0.0001,0
GCF_001286805,0,0,0,0,0,0,0,0,0,0
GCF_001299475,0.0001,0,0.0001,0,0.0001,0,0,0,0.0001,0
GCF_001368795,0,0,0,0,0,0,0,0,0,0
GCF_001368835,0,0,0,0,0.0001,0,0,0,0,0
GCF_001375495,0,0,0,0,0,0,0,0,0.0001,0
GCF_001375555,0,0,0,0,0,0,0,0,0.0001,0
GCF_001375675,0.0001,0.0001,0.0001,0,0.0003,0.0001,0.0001,0.0001,0.0001,0.0002
GCF_001403595,0,0,0,0,0.0001,0.0001,0,0.0001,0,0
GCF_001403635,0.0061,0.0008,0.0018,0.0015,0.0016,0.0065,0.0005,0.0011,0.0011,0.001
GCF_001403875,0,0,0,0,0,0,0,0,0,0
GCF_001407835,0,0,0.0001,0,0,0,0,0,0,0
GCF_001433855,0.0002,0.0002,0.0001,0.0001,0.0002,0.0001,0.0002,0.0001,0.0001,0.0001
GCF_001435475,0.0014,0.0006,0.0003,0,0.0002,0.0002,0.0001,0.0001,0,0.0006
GCF_001435665,0.0002,0.0002,0.0001,0,0.0002,0.0001,0.0002,0,0.0001,0.0001
GCF_001457415,0,0,0,0,0,0,0,0,0,0
GCF_001457795,0,0,0,0,0,0,0,0,0,0
GCF_001457815,0,0.0001,0.0001,0.0001,0.0001,0,0.0001,0,0.0001,0
GCF_001457835,0,0,0,0,0,0,0,0,0.0002,0
GCF_001457875,0,0,0,0,0,0,0,0,0,0
GCF_001458115,0.0002,0.0001,0.0001,0.0001,0.0003,0.0001,0.0001,0.0001,0.0001,0.0003
GCF_001486445,0,0,0,0,0,0,0,0,0,0
GCF_001486505,0,0,0,0,0,0,0,0,0,0
GCF_001486585,0,0,0,0,0,0,0,0,0,0
GCF_001486665,0,0,0,0,0,0,0.0001,0,0,0
GCF_001487105,0,0,0.0001,0.0001,0.0001,0,0,0.0001,0.0001,0
GCF_001487125,0,0.0001,0,0,0.0002,0,0,0.0001,0,0
GCF_001487145,0,0,0,0,0,0,0,0,0,0
GCF_001517625,0,0.0001,0,0,0,0,0,0,0.0001,0
GCF_001517665,0,0,0.0001,0,0.0001,0.0001,0,0,0.0003,0
GCF_001941425,0,0,0,0,0,0,0,0.0001,0.0001,0
GCF_900018785,0.0001,0.0001,0.0009,0.0005,0.0008,0.0004,0.0002,0.0005,0.0001,0
GCF_900021165,0,0,0,0,0,0,0,0,0,0
GCF_900021175,0.0002,0.0001,0,0,0,0,0,0.0001,0.0001,0.0001
GCF_900046455,0,0,0,0,0,0,0,0,0,0
GCF_900046475,0,0,0,0,0,0,0,0,0,0
GCF_900048895,0,0,0,0,0,0,0,0,0,0
GCF_900049755,0,0,0,0,0,0,0,0,0,0
GCF_900059565,0,0,0,0,0,0,0,0,0.0002,0
GCF_900069005,0,0,0,0,0,0,0,0,0,0
GCF_900078195,0.0002,0.0001,0.0001,0.0001,0.0002,0.0001,0.0001,0.0001,0.0001,0.0002
GCF_900078305,0,0,0,0,0,0,0,0,0,0
GCF_900078545,0,0,0,0,0,0,0,0,0,0
GCF_900083545,0,0,0,0.0001,0.0001,0,0.0001,0.0001,0.0001,0
GCF_900086585,0,0,0,0,0,0,0,0,0,0
GCF_900086625,0,0,0,0,0,0,0,0,0,0
GCF_900086655,0,0,0,0,0,0,0,0,0,0
GCF_900086715,0.0001,0.0001,0.0001,0.0001,0.0003,0.0001,0.0001,0.0001,0.0001,0.0003
GCF_900087015,0,0,0,0,0,0,0,0,0,0
GCF_900091655,0.0006,0.0004,0,0.0025,0.0011,0.0122,0.0001,0.0009,0.0008,0.0006
GCF_900091675,0,0.0002,0,0.0001,0.0001,0.0001,0,0.0001,0,0.0001
GCF_900091705,0.0025,0.0004,0.001,0.0007,0.0008,0.0028,0.0003,0.0006,0.0005,0.0005
GCF_900092335,0,0,0,0,0,0,0,0,0.0001,0
GCF_900095705,0,0,0,0,0,0,0,0,0,0
GCF_900095825,0,0,0,0,0,0,0,0,0,0
GCF_900095835,0,0,0,0,0,0,0,0,0,0
GCF_900095845,0,0,0,0.0001,0,0,0.0001,0.0001,0.0001,0
GCF_900095855,0,0,0,0,0,0,0,0,0,0
GCF_900095865,0.0001,0,0,0,0.0001,0,0,0.0001,0,0
GCF_900095875,0,0,0,0,0,0,0,0,0,0
GCF_900107675,0.0003,0.0001,0.0001,0.001,0.0004,0,0.0003,0.0006,0.0003,0.0005
GCF_900119705,0,0,0,0,0,0,0,0,0,0
UMGS1,0,0,0,0,0,0,0,0,0,0
UMGS100,0,0,0,0,0,0,0,0,0,0
UMGS1001,0,0,0,0,0,0,0,0,0,0
UMGS1002,0,0,0,0,0,0,0,0,0,0
UMGS1003,0,0,0,0,0,0,0,0,0,0
UMGS1004,0,0,0,0,0,0,0,0,0,0
UMGS1005,0,0,0.0001,0.0001,0.0002,0.0001,0,0.0002,0,0
UMGS1006,0.0001,0,0.0001,0.0001,0.0001,0.0001,0,0,0,0
UMGS1007,0,0,0,0,0,0,0,0,0,0
UMGS1008,0,0,0,0,0,0,0,0,0,0
UMGS1009,0,0,0,0,0,0,0,0,0,0
UMGS101,0,0,0,0,0,0,0,0,0,0
UMGS1010,0,0,0,0.0002,0,0,0,0,0,0
UMGS1011,0,0.0001,0.0003,0,0.0001,0.0001,0.0001,0,0,0
UMGS1012,0,0,0,0,0,0,0,0,0,0
UMGS1013,0,0,0.0001,0,0,0,0,0,0,0
UMGS1014,0,0,0,0,0,0,0,0,0,0
UMGS1015,0,0,0,0,0,0,0,0,0,0
UMGS1016,0,0,0,0,0,0,0,0,0,0
UMGS1017,0,0,0,0,0,0,0,0,0,0
UMGS1018,0,0,0,0,0,0,0,0,0,0
UMGS1019,0,0,0,0,0,0,0,0,0,0
UMGS1020,0,0,0,0,0,0,0,0,0,0
UMGS1021,0,0,0,0,0,0,0,0,0,0
UMGS1022,0,0,0,0,0,0,0,0,0,0
UMGS1023,0,0,0,0,0,0,0,0,0,0
UMGS1024,0,0,0,0,0,0,0,0,0,0
UMGS1025,0,0.0001,0,0,0,0.0002,0,0,0,0
UMGS1026,0,0,0,0,0,0,0,0,0,0
UMGS1027,0,0,0,0.0002,0,0,0,0,0,0
UMGS1028,0,0,0,0,0,0,0,0,0,0
UMGS1029,0,0,0,0,0,0,0,0,0,0
UMGS1030,0,0,0,0,0,0,0,0,0,0
UMGS1031,0,0,0,0,0,0,0,0,0,0
UMGS1032,0,0,0,0,0,0,0,0,0,0
UMGS1033,0,0,0,0,0,0,0.0001,0,0,0
UMGS1034,0,0,0,0,0,0,0,0,0,0
UMGS1035,0,0,0,0,0,0,0,0,0,0
UMGS1036,0,0,0,0,0,0,0,0,0,0
UMGS1037,0,0,0,0,0,0,0,0,0,0
UMGS1038,0,0,0,0,0,0,0,0,0,0
UMGS1039,0,0,0,0,0,0,0,0,0,0
UMGS104,0,0,0,0,0,0,0,0,0,0
UMGS1040,0,0,0,0,0,0,0,0,0,0
UMGS1041,0,0,0,0,0,0,0,0,0,0
UMGS1042,0,0,0,0,0,0,0,0,0,0
UMGS1043,0,0,0,0,0,0,0,0,0,0
UMGS1044,0,0,0,0,0,0,0,0,0,0
UMGS1045,0,0,0,0,0,0,0,0,0,0
UMGS1046,0,0,0,0,0,0,0,0,0,0
UMGS1047,0,0,0,0,0,0,0,0,0,0
UMGS1048,0,0,0,0,0,0,0,0,0,0
UMGS1049,0,0.0004,0.0001,0.0004,0.0029,0.0001,0.0002,0.0027,0.0001,0.0002
UMGS1050,0,0,0,0,0,0,0,0,0,0
UMGS1051,0,0,0,0,0,0,0,0,0,0
UMGS1052,0,0,0,0,0,0,0,0,0,0
UMGS1053,0,0,0,0.0001,0.0001,0,0,0.0001,0,0
UMGS1054,0,0,0,0,0,0,0,0,0,0
UMGS1055,0,0,0,0,0,0,0,0,0,0
UMGS1056,0,0,0,0,0,0,0,0,0,0
UMGS1057,0,0,0,0,0,0,0,0,0,0
UMGS1058,0,0,0,0,0,0,0,0,0,0
UMGS1059,0,0,0,0,0,0,0,0,0,0
UMGS106,0,0,0,0,0,0,0,0,0,0
UMGS1060,0,0,0,0,0,0,0,0,0,0
UMGS1061,0.0006,0.0001,0.0002,0.0003,0.0001,0.0001,0.0001,0.0001,0.0001,0.0003
UMGS1062,0,0,0,0,0,0,0,0,0,0
UMGS1063,0,0,0,0,0,0,0,0,0,0
UMGS1064,0,0,0,0,0,0,0,0,0,0
UMGS1065,0,0,0,0,0,0,0,0,0,0
UMGS1066,0,0,0,0,0,0,0,0,0,0
UMGS1067,0,0,0,0,0,0,0,0,0,0
UMGS1068,0,0,0,0,0,0.0001,0,0,0,0
UMGS1069,0,0,0,0,0,0,0,0,0,0
UMGS107,0,0,0,0,0,0,0,0,0,0
UMGS1070,0,0,0,0.0001,0,0,0,0,0,0
UMGS1071,0,0,0,0,0,0,0,0,0,0
UMGS1072,0,0,0,0,0,0,0,0,0,0
UMGS1073,0,0,0,0,0,0,0,0,0,0
UMGS1074,0,0,0,0,0,0,0,0,0,0
UMGS1075,0,0,0,0,0,0,0,0,0,0
UMGS1077,0,0,0,0,0,0,0,0,0,0
UMGS1078,0,0,0,0.0001,0,0,0,0,0,0
UMGS1079,0,0,0,0,0,0,0,0,0,0
UMGS108,0,0.0001,0,0,0,0,0,0,0,0
UMGS1080,0,0,0,0,0,0,0,0,0,0
UMGS1081,0,0,0.0001,0,0,0,0,0,0,0
UMGS1082,0,0,0,0,0,0,0,0,0,0
UMGS1083,0,0,0,0,0,0,0,0,0,0
UMGS1084,0,0,0,0.0001,0,0,0.0001,0.0001,0.0001,0
UMGS1085,0,0,0,0,0,0,0,0,0,0
UMGS1086,0,0,0,0,0,0,0,0,0,0
UMGS1087,0,0,0,0,0,0,0,0,0,0
UMGS1088,0.0001,0,0.0002,0.0003,0.0002,0.0003,0.0001,0.0001,0.0001,0.0001
UMGS1089,0,0,0,0,0,0,0,0,0,0
UMGS109,0,0,0,0,0,0,0,0,0,0
UMGS1091,0,0,0,0,0,0,0,0,0,0
UMGS1092,0,0,0,0,0,0,0,0,0,0
UMGS1093,0,0,0,0,0,0,0,0,0,0
UMGS1094,0,0,0,0,0,0,0,0,0,0
UMGS1095,0,0,0,0.0001,0,0,0.0001,0,0.0004,0
UMGS1096,0.0003,0.0001,0.001,0.0001,0.0001,0,0.0001,0.0002,0.0001,0
UMGS1097,0,0,0,0,0,0,0,0,0,0
UMGS1098,0,0,0,0,0,0,0,0,0,0
UMGS1099,0,0,0,0,0,0,0,0,0,0
UMGS11,0,0,0,0,0,0,0,0,0,0
UMGS110,0,0,0,0,0,0,0,0,0,0
UMGS1100,0,0,0,0,0,0,0,0,0,0
UMGS1101,0,0,0,0,0,0,0,0,0,0
UMGS1102,0,0,0,0,0,0,0,0,0,0
UMGS1103,0,0,0,0,0,0,0,0,0,0
UMGS1104,0,0,0,0,0,0,0,0,0,0
UMGS1105,0,0,0,0,0,0,0,0,0,0
UMGS1106,0,0,0,0,0,0,0.0001,0,0,0
UMGS1107,0,0,0,0,0,0,0,0,0,0
UMGS1108,0,0,0,0,0,0,0,0,0,0
UMGS1109,0,0,0.0001,0,0,0,0,0,0,0
UMGS111,0,0,0,0,0,0,0,0,0,0
UMGS1110,0,0,0,0,0,0,0,0,0,0
UMGS1111,0,0,0,0,0,0,0,0,0,0
UMGS1112,0,0,0.0001,0,0,0,0,0.0001,0,0.0001
UMGS1113,0,0,0,0,0,0,0,0,0,0
UMGS1114,0,0,0,0,0,0,0,0,0,0
UMGS1115,0,0,0,0,0,0,0,0,0,0
UMGS1116,0,0,0,0,0,0,0,0,0,0
UMGS1117,0,0,0,0,0,0,0,0,0,0
UMGS1118,0,0,0.0001,0,0.0001,0,0,0,0,0
UMGS1119,0,0,0,0,0,0,0,0,0,0
UMGS112,0,0,0,0,0,0,0,0,0,0
UMGS1120,0,0,0,0,0,0,0,0,0,0
UMGS1121,0,0,0,0,0,0,0,0,0,0
UMGS1122,0,0,0,0,0,0,0,0,0,0
UMGS1123,0,0,0,0,0,0,0,0,0,0
UMGS1124,0,0,0.0001,0,0,0,0,0,0,0
UMGS1125,0,0,0,0,0,0,0,0,0,0
UMGS1126,0.0001,0,0,0.0002,0.0001,0,0,0,0.0001,0
UMGS1127,0,0,0,0,0,0,0,0,0,0
UMGS1128,0,0,0,0,0,0,0,0,0,0
UMGS1129,0,0,0,0,0,0,0,0,0,0
UMGS113,0,0,0,0,0,0,0,0,0,0
UMGS1130,0.0002,0.0019,0,0.0008,0.0002,0.0002,0.0001,0.0002,0.0001,0.001
UMGS1131,0,0,0.0001,0,0,0.0001,0,0,0,0
UMGS1132,0,0,0,0,0,0,0,0,0,0
UMGS1133,0,0,0,0,0,0,0,0,0,0
UMGS1134,0,0,0,0,0,0,0,0,0,0
UMGS1135,0,0.0001,0,0,0,0,0,0,0,0
UMGS1136,0,0,0,0,0,0,0,0,0,0
UMGS1137,0,0,0,0,0,0,0,0,0,0
UMGS1138,0,0,0,0,0,0,0,0,0,0
UMGS1139,0,0,0,0,0,0,0,0,0,0
UMGS1140,0,0,0,0,0,0,0,0,0,0
UMGS1141,0,0,0,0,0,0,0,0,0,0
UMGS1142,0,0,0,0,0,0,0,0,0,0
UMGS1143,0,0,0,0,0,0,0,0,0,0
UMGS1144,0,0,0,0.0001,0,0,0,0,0,0
UMGS1145,0,0,0,0,0,0,0,0,0,0
UMGS1146,0,0,0,0,0,0,0,0,0,0
UMGS1147,0,0,0,0,0,0,0,0,0,0
UMGS1148,0,0,0,0,0,0,0,0,0,0
UMGS1149,0.0001,0,0,0,0,0,0,0,0,0
UMGS115,0,0,0,0,0,0,0,0,0,0
UMGS1151,0,0,0,0.0001,0,0,0,0,0,0
UMGS1152,0,0,0.0001,0,0,0.0001,0,0,0,0
UMGS1153,0,0,0,0,0,0,0,0,0,0
UMGS1154,0,0,0,0,0,0,0,0,0,0
UMGS1155,0,0,0.0001,0,0,0,0,0,0,0
UMGS1156,0,0,0,0,0,0,0,0,0,0
UMGS1157,0,0,0,0,0,0,0,0,0,0
UMGS1158,0,0,0,0.0002,0,0,0,0,0,0
UMGS1159,0,0,0,0,0,0,0,0,0,0
UMGS116,0,0,0,0,0,0,0,0,0,0
UMGS1160,0,0,0,0,0,0,0,0,0,0
UMGS1161,0,0,0,0,0,0,0,0,0,0
UMGS1162,0,0,0,0.0001,0,0.0001,0,0,0,0
UMGS1163,0,0,0,0,0,0,0,0,0,0
UMGS1164,0,0,0,0,0,0,0,0,0,0
UMGS1165,0,0,0,0,0,0,0,0,0,0
UMGS1166,0,0,0,0,0,0,0,0,0,0
UMGS1167,0,0,0.0002,0.0001,0.0002,0.0001,0.0001,0.0001,0,0
UMGS1168,0.0001,0,0.0001,0.0009,0.0004,0.0001,0.0003,0.0001,0.0005,0.0001
UMGS1169,0,0,0,0,0,0,0,0,0,0
UMGS117,0,0,0,0,0,0,0,0,0,0
UMGS1170,0,0,0,0,0,0,0,0,0,0
UMGS1171,0,0,0.0002,0,0,0.0001,0.0001,0,0.0001,0
UMGS1172,0,0,0,0,0,0,0,0,0,0
UMGS1173,0,0,0,0,0,0,0,0,0,0
UMGS1174,0,0,0,0,0,0,0,0,0.0001,0
UMGS1175,0,0,0,0,0,0,0,0,0,0
UMGS1177,0,0,0,0,0,0,0,0,0,0
UMGS1178,0,0,0,0,0,0,0,0,0,0
UMGS1179,0,0,0,0,0,0,0,0,0,0
UMGS118,0,0,0,0,0.0001,0,0,0,0,0
UMGS1180,0,0,0,0,0,0,0,0,0,0
UMGS1181,0,0,0,0,0,0,0,0,0,0
UMGS1182,0,0,0,0,0,0,0,0,0,0
UMGS1183,0,0,0,0,0,0,0,0,0,0
UMGS1184,0,0,0,0,0,0,0,0.0001,0,0
UMGS1185,0,0,0,0,0,0,0,0,0,0
UMGS1186,0,0,0.0001,0,0,0,0,0,0,0
UMGS1187,0,0,0,0,0,0,0,0,0,0
UMGS1188,0,0,0,0,0,0,0,0,0,0
UMGS1189,0,0,0,0,0,0,0,0,0,0
UMGS119,0.0002,0,0.0001,0.0002,0.0001,0,0,0,0.0001,0.0001
UMGS1190,0,0,0,0,0,0,0,0,0,0
UMGS1191,0,0,0,0,0,0,0,0,0,0
UMGS1192,0,0,0,0,0,0,0,0,0,0
UMGS1193,0,0,0,0,0,0,0,0,0,0
UMGS1195,0.0003,0.0009,0.0001,0.0001,0.0002,0.0001,0,0.0003,0.0002,0.0001
UMGS1196,0,0,0.0001,0,0.0001,0,0,0.0001,0,0
UMGS1197,0.0001,0,0.0001,0,0.0001,0.0002,0,0,0.0001,0
UMGS1198,0,0,0,0,0,0,0,0,0,0
UMGS1199,0,0,0,0,0,0,0,0,0,0
UMGS12,0,0,0,0,0,0,0,0,0,0
UMGS120,0,0.0002,0,0.0002,0.0001,0,0.0001,0.0001,0,0
UMGS1200,0,0,0,0,0,0,0,0,0,0
UMGS1201,0,0,0,0,0,0,0,0,0,0
UMGS1202,0,0,0,0,0,0,0,0,0,0
UMGS1203,0,0,0,0,0,0,0,0,0,0
UMGS1204,0,0,0,0,0,0,0,0,0,0
UMGS1205,0,0,0,0,0.0001,0,0,0.0001,0,0
UMGS1206,0,0,0,0,0,0,0,0,0,0
UMGS1207,0,0,0,0,0,0,0,0,0,0
UMGS1208,0,0,0,0,0,0,0,0,0,0
UMGS1209,0,0,0,0,0,0,0,0,0,0
UMGS121,0,0,0,0,0,0,0,0,0,0
UMGS1210,0.0001,0,0.0001,0.0001,0.0001,0,0.0001,0,0.0002,0
UMGS1211,0,0,0,0,0,0,0.0001,0,0,0
UMGS1212,0,0,0,0.0001,0.0001,0,0,0,0,0
UMGS1213,0,0,0,0,0,0,0,0,0,0
UMGS1214,0,0,0,0,0,0,0,0,0,0
UMGS1215,0,0,0,0,0,0,0,0,0,0
UMGS1216,0,0,0,0,0,0,0,0,0,0
UMGS1217,0,0,0,0,0,0,0,0,0,0
UMGS1219,0,0.0001,0.0001,0,0,0.0001,0,0,0,0
UMGS122,0,0,0,0,0,0,0,0,0,0
UMGS1220,0,0,0,0,0,0,0,0,0,0
UMGS1221,0.0001,0.0001,0.0001,0.0001,0.0002,0.0001,0,0,0.0001,0.0001
UMGS1222,0,0,0,0,0,0,0,0,0,0
UMGS1224,0,0,0,0,0,0,0,0,0,0
UMGS1225,0,0,0,0,0,0,0,0,0,0
UMGS1226,0,0,0,0,0,0,0,0,0,0
UMGS1227,0,0,0,0.0001,0,0,0,0,0,0
UMGS1228,0,0,0,0,0,0,0,0,0,0
UMGS1229,0,0,0,0,0,0,0,0,0,0
UMGS1230,0,0,0,0,0,0,0,0,0,0
UMGS1231,0,0,0,0,0,0,0,0,0,0
UMGS1232,0,0,0,0,0,0,0,0,0,0
UMGS1233,0,0,0,0,0,0,0.0001,0,0,0
UMGS1234,0,0,0,0,0,0,0,0,0,0
UMGS1235,0,0,0,0,0,0,0,0,0,0
UMGS1236,0,0,0,0,0,0,0,0,0,0
UMGS1237,0,0,0,0,0,0,0,0,0,0
UMGS1238,0,0,0,0,0,0,0,0,0,0
UMGS1239,0,0,0,0,0,0,0,0,0,0
UMGS124,0,0,0,0,0,0,0,0,0,0
UMGS1241,0,0,0,0,0,0,0,0,0,0
UMGS1242,0,0,0,0,0,0,0,0,0,0
UMGS1243,0,0,0.0001,0,0,0,0,0,0,0
UMGS1244,0.0008,0.0001,0.0004,0.0003,0.0003,0.0009,0.0003,0.0002,0.0003,0.0002
UMGS1245,0,0,0,0,0,0,0,0,0,0
UMGS1246,0,0,0,0,0,0,0,0,0.0001,0
UMGS1247,0,0,0,0,0,0,0,0,0,0
UMGS1248,0,0,0.0001,0,0,0,0,0,0,0
UMGS1249,0,0,0,0,0.0001,0,0,0,0,0
UMGS125,0,0,0,0,0,0,0,0,0,0
UMGS1250,0,0,0,0,0,0,0,0,0,0
UMGS1251,0,0,0,0,0,0,0,0,0,0
UMGS1252,0,0,0,0.0002,0,0,0.0001,0,0.0007,0
UMGS1253,0,0,0,0,0,0,0,0,0,0
UMGS1254,0,0,0,0,0,0,0,0,0,0
UMGS1255,0,0,0,0,0.0001,0,0,0,0,0.0001
UMGS1256,0.0003,0,0,0,0,0,0,0.0001,0.0002,0
UMGS1257,0,0,0,0,0,0,0,0,0.0001,0
UMGS1258,0,0,0,0,0,0,0,0,0,0
UMGS1259,0,0,0,0,0,0,0,0,0,0
UMGS126,0,0,0,0,0,0,0,0,0,0
UMGS1260,0.0002,0.0002,0.0001,0.0001,0.0003,0.0001,0.0001,0.0001,0.0001,0.0002
UMGS1262,0,0,0,0,0,0,0,0,0,0
UMGS1263,0,0,0,0,0,0,0,0,0,0
UMGS1264,0,0,0,0.0001,0,0,0,0,0,0
UMGS1265,0,0,0,0,0,0,0,0,0,0
UMGS1266,0,0,0,0,0,0,0,0,0,0
UMGS1267,0,0,0,0,0,0,0,0,0,0
UMGS1268,0,0,0,0,0,0,0,0,0,0
UMGS1269,0.0001,0.0001,0,0,0,0,0.0001,0.0001,0,0
UMGS127,0,0,0,0,0,0,0,0,0,0
UMGS1270,0,0,0,0,0,0,0,0,0,0
UMGS1271,0,0,0,0,0,0,0,0,0,0
UMGS1272,0,0,0,0,0,0,0,0,0,0
UMGS1273,0,0,0,0,0,0,0,0,0,0
UMGS1274,0,0,0.0001,0,0,0.0002,0,0,0,0
UMGS1275,0,0.0001,0,0,0,0,0,0,0.0001,0
UMGS1276,0,0,0,0,0,0,0,0,0,0
UMGS1277,0,0,0,0,0,0,0,0,0,0
UMGS1278,0,0,0,0,0,0,0,0.0002,0,0.0001
UMGS1279,0,0,0,0,0,0,0,0,0,0
UMGS128,0.0007,0.0002,0.0006,0.0003,0.0005,0.001,0.0003,0.0003,0.0004,0.0003
UMGS1280,0,0,0,0.0001,0,0,0,0,0,0
UMGS1281,0,0,0,0,0,0,0,0,0,0
UMGS1282,0,0,0,0,0,0,0,0,0,0
UMGS1284,0,0,0,0,0,0,0,0,0,0
UMGS1285,0,0,0,0,0,0,0,0,0,0
UMGS1286,0,0,0,0,0.0001,0,0,0,0.0001,0
UMGS1287,0.0001,0,0.0001,0.0001,0.0001,0.0002,0.0001,0.0001,0,0
UMGS1288,0,0,0,0,0,0,0,0,0,0
UMGS1289,0,0,0,0,0,0,0,0,0,0
UMGS129,0,0,0,0,0,0,0,0,0,0
UMGS1290,0.0002,0.0001,0.0003,0.0002,0.0002,0.0003,0.0001,0.0001,0.0002,0.0001
UMGS1291,0,0,0,0,0,0,0,0,0,0
UMGS1292,0,0,0,0,0,0,0,0,0,0
UMGS1293,0,0,0,0,0,0,0,0,0,0
UMGS1294,0,0,0,0,0,0,0,0,0,0
UMGS1295,0,0,0,0,0,0,0,0,0,0
UMGS1296,0,0,0,0,0,0,0,0,0,0
UMGS1297,0,0,0,0,0,0,0,0,0,0
UMGS1298,0,0,0,0,0,0,0,0,0,0
UMGS13,0,0,0,0,0,0,0,0,0,0
UMGS130,0,0,0,0,0,0,0,0,0,0
UMGS1300,0,0,0,0,0,0,0,0,0.0001,0
UMGS1301,0,0,0,0,0,0,0,0,0,0
UMGS1302,0,0,0,0,0,0,0,0,0,0
UMGS1303,0,0,0,0,0,0,0,0,0,0
UMGS1304,0,0,0,0,0,0,0,0,0,0
UMGS1305,0,0,0,0,0,0,0,0,0,0
UMGS1306,0,0,0,0,0,0,0,0,0,0
UMGS1307,0,0,0,0,0,0,0,0,0,0
UMGS1308,0,0,0,0,0,0,0,0,0,0
UMGS1309,0,0,0,0,0,0,0.0001,0,0,0
UMGS131,0,0,0,0,0,0,0,0,0,0
UMGS1310,0,0,0,0,0,0,0,0,0,0
UMGS1311,0,0,0,0,0,0,0,0,0,0
UMGS1312,0,0,0,0,0,0,0,0,0,0
UMGS1313,0,0,0,0,0,0,0,0,0,0
UMGS1314,0,0,0,0,0,0,0,0,0,0
UMGS1315,0,0,0,0,0,0,0,0,0,0
UMGS1316,0,0,0,0,0,0,0,0,0,0
UMGS1317,0,0,0,0,0,0,0,0,0.0001,0
UMGS1318,0,0,0,0,0,0,0,0,0,0
UMGS1319,0,0,0,0,0,0,0,0,0,0
UMGS132,0,0,0,0,0,0,0,0,0,0
UMGS1320,0,0,0,0,0,0.0001,0,0,0,0
UMGS1321,0,0,0,0,0,0,0,0.0001,0.0001,0.0001
UMGS1322,0,0,0,0.0001,0,0,0,0,0,0
UMGS1323,0,0,0,0,0,0,0,0,0,0
UMGS1324,0,0,0,0,0,0,0,0,0,0
UMGS1325,0,0,0,0,0,0,0,0,0,0
UMGS1326,0,0,0,0,0,0,0,0,0,0
UMGS1327,0,0,0,0,0,0,0,0,0,0
UMGS1328,0,0,0,0,0,0,0.0001,0,0,0
UMGS1329,0,0,0,0,0,0,0,0,0,0
UMGS133,0,0,0,0,0,0,0,0,0,0
UMGS1330,0,0,0,0,0,0,0,0,0,0
UMGS1331,0,0,0,0,0,0,0,0,0,0
UMGS1332,0,0,0,0,0,0,0,0,0,0
UMGS1333,0,0,0,0,0,0,0.0001,0,0,0
UMGS1335,0.0005,0.0027,0.0008,0.0004,0.0014,0.001,0.0006,0.0022,0.0016,0.0012
UMGS1336,0,0,0,0.0001,0,0,0,0,0.0003,0
UMGS1337,0,0,0,0.0001,0,0,0,0,0,0
UMGS1338,0,0,0,0,0,0,0,0,0,0
UMGS1339,0,0,0,0,0,0,0,0,0,0
UMGS134,0,0,0,0,0,0,0,0,0,0
UMGS1340,0,0,0,0.0002,0,0,0,0,0,0
UMGS1341,0,0,0,0,0,0,0,0,0.0001,0
UMGS1342,0,0,0,0.0001,0.0001,0,0,0,0,0
UMGS1344,0,0,0,0,0,0,0,0,0,0
UMGS1345,0,0,0,0,0,0,0,0,0,0
UMGS1346,0,0,0,0,0,0,0,0,0,0
UMGS1347,0,0,0.0002,0,0,0,0,0,0.0001,0
UMGS1348,0,0,0,0,0,0,0,0,0,0
UMGS1349,0,0,0,0,0,0,0,0,0.0001,0
UMGS135,0,0,0,0,0,0,0,0,0,0
UMGS1350,0,0,0,0,0,0,0,0,0,0
UMGS1351,0,0,0,0,0,0,0,0,0,0
UMGS1352,0,0,0,0,0,0,0,0,0,0
UMGS1353,0,0,0,0,0,0,0,0,0,0
UMGS1354,0,0,0,0,0,0,0,0,0,0
UMGS1355,0,0,0,0,0,0,0,0,0,0
UMGS1356,0,0,0,0,0,0,0,0,0,0
UMGS1357,0.0001,0.0001,0,0,0,0,0,0,0,0
UMGS1358,0,0,0,0,0,0,0,0,0,0
UMGS1359,0.0003,0,0.0001,0.0002,0.0001,0,0.0001,0.0001,0.0001,0.0001
UMGS136,0,0,0,0,0,0,0,0,0,0
UMGS1360,0,0,0,0,0,0,0,0,0,0
UMGS1362,0,0,0,0,0,0.0001,0,0,0,0
UMGS1364,0,0,0,0,0,0,0,0,0,0
UMGS1365,0,0,0,0,0,0,0,0,0,0
UMGS1366,0,0,0,0,0,0,0,0,0,0
UMGS1367,0.0002,0.0004,0.0001,0.0001,0.0004,0.0001,0.0001,0.0002,0.0002,0.0007
UMGS1368,0,0,0,0,0,0,0,0,0,0
UMGS1369,0.0001,0.0001,0,0.0001,0.0001,0,0,0,0,0.0001
UMGS137,0,0,0,0,0,0,0,0,0,0
UMGS1370,0,0,0,0,0,0,0,0,0,0
UMGS1371,0,0,0,0,0,0,0,0,0,0
UMGS1372,0,0,0,0,0,0,0,0,0,0
UMGS1373,0,0,0,0,0,0,0,0,0,0
UMGS1374,0,0,0,0,0,0,0,0,0,0
UMGS1375,0,0,0,0.0001,0,0,0,0,0,0
UMGS1376,0,0,0,0,0,0,0,0,0,0
UMGS1377,0,0,0,0,0,0,0,0,0,0
UMGS1378,0,0,0,0,0,0,0,0,0,0
UMGS1379,0,0,0,0,0,0,0,0,0.0001,0
UMGS138,0,0.0001,0,0,0,0,0,0,0,0
UMGS1380,0,0,0,0,0,0,0,0,0.0001,0
UMGS1381,0,0,0,0,0,0,0,0,0,0
UMGS1382,0,0,0,0,0,0,0,0,0,0
UMGS1383,0,0,0,0,0,0,0,0,0,0
UMGS1384,0,0,0,0,0,0,0,0,0,0
UMGS1385,0,0,0,0,0,0,0,0,0,0
UMGS1386,0,0,0,0,0,0,0,0,0.0001,0
UMGS1387,0,0,0,0,0,0,0,0,0,0
UMGS1388,0,0,0,0,0,0,0,0,0,0
UMGS1389,0.0002,0.0001,0.0002,0.0001,0.0002,0.0002,0.0001,0.0001,0.0001,0.0001
UMGS1390,0,0,0,0,0.0001,0.0001,0.0001,0.0001,0,0
UMGS1391,0.0001,0.0001,0.0001,0.0001,0.0002,0.0001,0.0001,0.0001,0.0001,0.0001
UMGS1392,0,0,0,0,0,0,0,0,0,0
UMGS1394,0,0,0,0,0,0,0,0,0,0
UMGS1395,0.0001,0,0.0001,0,0.0001,0.0001,0,0,0,0
UMGS1396,0,0,0,0,0,0,0,0,0,0
UMGS1397,0,0,0,0,0,0,0,0,0,0
UMGS1399,0,0,0,0,0.0001,0,0,0,0,0
UMGS14,0,0,0,0,0,0,0,0,0,0
UMGS1400,0,0,0,0,0,0,0,0,0,0
UMGS1401,0,0,0,0,0,0,0,0,0,0
UMGS1402,0,0,0,0,0,0,0,0,0,0
UMGS1403,0,0,0,0,0,0,0,0,0,0
UMGS1404,0,0,0,0.0001,0.0001,0,0.0009,0,0,0
UMGS1405,0,0,0.0001,0.0001,0,0.0001,0.0001,0.0001,0.0001,0.0001
UMGS1406,0.0001,0.0001,0.0001,0,0.0001,0.0001,0,0.0001,0.0001,0.0001
UMGS1407,0,0,0,0,0,0,0,0,0,0
UMGS1408,0,0,0,0,0,0,0,0,0,0
UMGS1409,0,0,0,0,0,0,0.0001,0,0,0
UMGS141,0,0,0,0,0,0,0,0,0,0
UMGS1410,0,0,0,0,0,0,0,0,0,0
UMGS1411,0,0,0,0,0,0,0,0,0,0
UMGS1413,0,0,0,0,0,0,0,0,0,0
UMGS1414,0,0,0,0,0,0,0,0,0,0
UMGS1415,0.0001,0,0,0,0.0001,0,0,0,0,0.0001
UMGS1416,0.0001,0,0.0001,0.0001,0.0002,0,0,0.0003,0,0
UMGS1417,0,0,0,0,0,0,0,0,0,0
UMGS1418,0,0,0,0,0,0,0,0,0,0
UMGS1419,0.0001,0.0002,0.0005,0.0128,0.0012,0.0014,0.0002,0.0001,0.0003,0.0001
UMGS142,0,0,0,0,0,0,0,0,0,0
UMGS1420,0,0,0,0.0002,0,0,0,0,0.0007,0
UMGS1421,0,0,0,0,0,0,0,0,0,0
UMGS1423,0,0,0,0,0,0,0,0,0,0
UMGS1424,0,0,0,0,0,0,0,0,0,0
UMGS1425,0,0,0,0,0,0,0,0,0,0
UMGS1426,0,0,0,0,0,0,0,0,0,0
UMGS1427,0,0,0,0,0,0,0,0,0,0
UMGS1428,0,0,0,0,0,0,0,0,0,0
UMGS1429,0,0,0,0,0,0,0,0,0,0
UMGS143,0,0,0,0.0001,0,0,0,0,0,0
UMGS1430,0,0,0,0,0,0,0,0,0,0
UMGS1431,0,0,0,0,0,0,0,0,0,0
UMGS1432,0,0,0,0,0,0,0,0,0,0
UMGS1433,0,0,0,0,0,0,0,0,0,0
UMGS1434,0.0015,0.0001,0.0004,0.0003,0.0001,0.0001,0.0001,0.0003,0.0003,0.0005
UMGS1435,0,0,0,0,0,0,0,0,0,0
UMGS1436,0.0005,0,0.0003,0,0.0014,0.0002,0.0012,0.0002,0.001,0.0023
UMGS1437,0,0,0,0,0,0,0,0,0,0
UMGS1438,0,0,0.0001,0,0,0,0,0,0,0
UMGS1439,0,0,0,0,0,0,0,0,0,0
UMGS144,0.0001,0.0001,0.0001,0,0.0001,0,0.0001,0,0,0
UMGS1440,0,0,0,0,0,0,0,0,0,0
UMGS1441,0,0,0,0,0.0001,0,0,0,0,0
UMGS1442,0,0,0,0,0,0,0,0,0,0
UMGS1443,0,0,0,0,0,0,0,0,0,0
UMGS1444,0,0,0,0,0,0,0,0,0,0
UMGS1445,0,0,0,0,0,0,0,0,0,0
UMGS1446,0,0,0,0,0,0,0,0,0,0
UMGS1447,0,0,0,0,0,0,0,0,0,0
UMGS1448,0,0,0,0.0001,0,0,0,0,0,0
UMGS1449,0,0,0,0,0,0,0,0,0,0
UMGS145,0,0,0,0,0,0,0,0,0,0
UMGS1450,0,0,0,0,0,0,0,0,0,0
UMGS1451,0,0,0,0,0,0,0,0,0,0
UMGS1452,0,0,0,0,0,0,0,0,0,0
UMGS1453,0,0,0,0,0,0,0,0,0,0
UMGS1454,0,0,0,0,0,0,0,0,0,0
UMGS1455,0,0,0,0,0,0,0,0,0,0
UMGS1456,0,0,0,0,0,0,0,0,0,0
UMGS1457,0,0,0,0,0,0,0,0,0,0
UMGS1458,0,0,0,0,0,0,0,0,0,0
UMGS1459,0,0,0,0,0,0,0,0,0,0
UMGS146,0,0,0,0.0001,0.0001,0,0,0,0,0
UMGS1461,0,0,0,0,0,0,0,0,0,0
UMGS1462,0.0001,0.0002,0.0001,0.0001,0.0001,0.0001,0.0001,0.0001,0.0001,0.0001
UMGS1463,0,0,0,0,0,0,0,0,0,0
UMGS1464,0,0,0,0,0,0,0,0,0,0
UMGS1465,0,0,0,0,0,0,0,0,0,0
UMGS1466,0.0001,0,0,0.0001,0.0001,0,0.0001,0,0.0001,0.0001
UMGS1467,0,0,0,0,0,0,0,0,0,0
UMGS1468,0,0,0.0001,0,0,0,0,0,0,0
UMGS1469,0.0001,0,0.0001,0.0001,0.0001,0,0.0001,0.0001,0,0.0001
UMGS147,0.0001,0.0045,0.0013,0.0002,0.0009,0.0014,0.0008,0.0002,0.0006,0
UMGS1470,0,0,0,0,0,0,0,0,0,0
UMGS1471,0,0,0,0,0,0,0,0,0,0
UMGS1472,0,0,0,0.0001,0,0,0,0,0,0
UMGS1473,0,0,0,0,0,0,0,0,0,0
UMGS1474,0,0,0,0,0,0,0,0,0,0
UMGS1475,0,0,0,0,0,0,0,0,0.0001,0
UMGS1476,0,0,0,0,0,0,0,0,0,0
UMGS1477,0,0,0,0,0,0,0,0,0,0
UMGS1478,0,0,0,0,0,0,0,0,0,0
UMGS1479,0,0,0,0,0,0,0,0,0,0
UMGS148,0,0,0,0,0,0,0,0,0,0
UMGS1480,0,0,0,0,0,0,0,0,0,0
UMGS1481,0,0,0,0,0,0,0,0,0,0
UMGS1482,0,0,0,0.0001,0,0,0,0,0,0
UMGS1483,0,0,0,0,0,0,0,0,0.0001,0
UMGS1484,0,0,0,0,0,0,0,0,0,0
UMGS1485,0,0,0,0,0,0,0,0,0,0
UMGS1487,0,0,0,0,0,0,0,0,0,0
UMGS1488,0.0001,0,0.0001,0,0,0,0,0.0001,0,0
UMGS1489,0,0,0,0,0,0,0,0,0,0
UMGS149,0,0,0,0,0,0,0,0,0,0
UMGS1490,0,0,0,0,0,0,0,0,0,0
UMGS1491,0,0,0,0,0,0,0,0,0,0
UMGS1492,0,0,0,0,0,0,0,0,0,0
UMGS1493,0,0,0,0,0,0,0,0,0,0
UMGS1494,0,0,0,0,0,0,0,0,0,0
UMGS1495,0,0,0,0,0,0,0,0,0,0
UMGS1496,0,0,0,0,0,0,0,0,0,0
UMGS1497,0,0,0,0,0,0,0,0,0,0
UMGS1498,0,0,0,0,0,0,0,0,0,0
UMGS1499,0,0,0,0,0,0,0,0,0,0
UMGS15,0,0,0,0,0,0,0,0,0,0
UMGS1500,0,0,0,0,0,0,0,0,0,0
UMGS1501,0,0,0,0,0,0,0,0,0,0
UMGS1502,0,0,0,0,0,0,0,0,0,0
UMGS1504,0,0,0,0,0,0,0,0,0,0
UMGS1505,0,0,0,0,0,0,0,0,0,0
UMGS1506,0,0,0,0,0,0,0,0,0,0
UMGS1508,0,0,0,0.0001,0,0,0,0,0.0002,0
UMGS151,0,0,0,0,0,0,0,0,0,0
UMGS1510,0,0,0,0,0,0,0,0,0,0
UMGS1511,0,0,0,0,0,0,0,0,0,0
UMGS1512,0,0,0,0,0,0,0,0,0,0
UMGS1513,0,0,0,0,0,0,0,0,0,0
UMGS1514,0,0,0,0,0,0,0,0,0,0
UMGS1515,0,0,0,0,0,0,0,0,0,0
UMGS1516,0,0,0,0,0,0,0,0,0,0
UMGS1517,0,0,0,0,0,0,0,0,0,0
UMGS1518,0,0,0,0,0,0,0,0.0001,0,0
UMGS1519,0,0,0,0,0,0,0,0,0,0.0001
UMGS152,0,0,0,0,0,0,0,0,0,0
UMGS1520,0,0,0,0,0,0,0,0,0,0
UMGS1521,0.0004,0.0026,0.0008,0.0001,0.0005,0.0008,0.0005,0.0001,0.0004,0
UMGS1522,0,0,0,0,0,0,0,0,0,0
UMGS1523,0,0,0,0,0,0,0.0001,0,0.0001,0
UMGS1524,0,0,0,0,0,0,0,0,0,0
UMGS1525,0,0,0,0.0001,0,0,0,0,0,0
UMGS1526,0,0,0,0,0,0,0,0,0,0
UMGS1527,0,0,0.0001,0.0004,0,0,0.0002,0.0001,0.0012,0.0001
UMGS1529,0,0,0,0,0,0,0,0,0,0
UMGS153,0,0,0,0,0,0,0,0,0,0
UMGS1530,0,0,0.0001,0,0,0.0001,0,0,0,0
UMGS1531,0,0,0,0,0,0,0,0,0,0
UMGS1532,0,0,0,0,0,0,0,0,0,0
UMGS1533,0.0009,0,0,0,0.0002,0,0.0001,0.0001,0,0.0005
UMGS1534,0,0,0,0.0001,0.0001,0,0,0.0001,0,0
UMGS1535,0,0,0,0,0,0,0,0,0,0
UMGS1537,0,0,0,0,0,0,0,0,0,0
UMGS1538,0.0015,0.0001,0.0005,0.0002,0.0005,0.0001,0.0001,0.0001,0.0002,0.0002
UMGS1539,0,0,0,0,0,0,0,0,0,0
UMGS154,0,0,0,0,0,0,0,0,0,0
UMGS1540,0,0,0,0,0,0,0,0,0,0
UMGS1541,0,0,0,0,0,0,0,0,0,0
UMGS1542,0,0,0,0,0,0,0,0,0,0
UMGS1543,0,0,0.0001,0,0,0,0,0,0,0
UMGS1545,0,0,0,0,0,0,0,0,0,0
UMGS1546,0,0,0,0,0,0,0,0,0,0
UMGS1547,0,0,0,0,0,0,0,0,0,0
UMGS1548,0,0,0,0,0,0,0,0,0,0
UMGS1549,0,0,0,0,0,0,0,0,0,0
UMGS155,0,0,0,0,0,0,0,0,0,0
UMGS1550,0,0,0,0,0,0,0,0,0,0
UMGS1551,0,0,0,0,0,0,0.0001,0,0,0
UMGS1552,0,0,0,0.0001,0,0,0,0,0,0
UMGS1553,0,0,0,0,0,0,0,0,0,0
UMGS1554,0,0,0,0,0,0,0,0,0,0
UMGS1555,0.0001,0,0.0002,0.0001,0.0001,0,0.0001,0,0.0001,0.0001
UMGS1556,0,0,0,0,0,0,0,0,0,0
UMGS1557,0,0,0,0,0,0,0,0,0,0
UMGS1558,0,0,0,0,0,0,0,0,0,0
UMGS1559,0,0,0.0001,0,0,0,0,0,0,0
UMGS156,0,0,0,0,0,0,0,0,0,0
UMGS1560,0,0,0,0,0,0,0,0,0,0
UMGS1561,0,0,0,0,0,0,0,0,0,0
UMGS1562,0,0,0.0002,0.0001,0,0,0.0002,0,0.0003,0
UMGS1563,0,0,0,0,0,0,0,0,0,0
UMGS1564,0,0,0,0,0,0,0,0,0,0
UMGS1565,0,0,0,0,0,0,0,0,0,0
UMGS1566,0,0,0,0,0,0,0,0,0,0
UMGS1567,0,0,0,0,0,0.0001,0,0,0,0
UMGS1568,0,0,0,0,0.0001,0,0,0.0001,0,0
UMGS1569,0,0,0,0,0,0,0,0,0,0
UMGS157,0.0002,0.0001,0.0001,0.0001,0.0001,0.0001,0.0001,0.0001,0.0001,0.0001
UMGS1570,0,0,0,0,0,0,0,0,0,0
UMGS1571,0,0,0,0,0,0,0,0,0,0
UMGS1572,0.0003,0.0002,0.0002,0.0003,0.0007,0.0001,0.0008,0.0002,0.0003,0.0001
UMGS1573,0,0,0,0,0,0.0001,0,0,0,0
UMGS1574,0,0,0,0,0,0,0,0,0,0
UMGS1575,0,0,0.0001,0,0,0,0,0,0,0
UMGS1576,0,0,0,0,0,0,0,0,0,0
UMGS1577,0,0,0,0,0,0,0,0,0,0
UMGS1578,0,0,0,0,0,0,0,0,0,0
UMGS1579,0,0,0,0,0,0,0,0,0,0
UMGS158,0,0,0,0,0,0,0,0,0,0
UMGS1580,0,0,0,0,0,0,0,0,0,0
UMGS1581,0,0,0.0001,0,0,0,0,0,0,0
UMGS1582,0,0,0,0,0,0,0,0,0,0
UMGS1583,0,0,0,0,0,0,0,0,0,0
UMGS1584,0,0,0,0,0,0,0,0,0,0
UMGS1585,0,0,0,0,0,0,0,0,0,0
UMGS1586,0,0,0,0,0,0,0.0001,0.0002,0,0.0001
UMGS1587,0,0,0,0.0001,0,0,0,0,0,0
UMGS1589,0,0,0.0002,0,0,0.0003,0.0001,0,0,0
UMGS159,0,0.0001,0.0001,0,0,0.0001,0.0001,0,0,0
UMGS1590,0,0,0,0,0,0,0,0,0,0
UMGS1591,0,0,0,0,0,0,0,0,0,0
UMGS1594,0,0,0,0,0,0,0,0,0,0
UMGS1595,0,0,0,0,0,0,0,0,0,0
UMGS1596,0,0,0,0,0,0,0,0,0,0
UMGS1597,0,0,0,0,0,0,0,0,0,0
UMGS1598,0,0,0,0.0001,0.0001,0,0,0,0,0
UMGS16,0,0,0,0,0,0,0,0,0,0
UMGS160,0,0,0,0.0001,0,0,0,0,0,0
UMGS1600,0,0,0,0,0,0,0.0001,0,0,0
UMGS1601,0,0,0.0001,0,0,0,0,0,0,0
UMGS1602,0,0,0,0,0,0,0,0,0,0
UMGS1603,0,0,0,0,0,0,0,0,0,0
UMGS1604,0,0,0,0,0,0,0,0,0,0
UMGS1605,0,0,0,0,0,0,0,0,0,0
UMGS1606,0,0,0,0.0001,0,0,0,0,0,0
UMGS1607,0,0,0,0,0,0,0,0,0,0
UMGS1608,0,0,0.0001,0,0,0.0002,0,0,0.0001,0
UMGS1609,0,0,0,0,0,0,0,0,0,0
UMGS161,0,0,0,0,0,0,0,0,0,0
UMGS1610,0,0,0,0,0,0,0,0,0,0
UMGS1611,0,0,0,0,0,0,0,0,0,0
UMGS1612,0,0,0,0,0,0,0,0,0,0
UMGS1613,0,0,0,0,0,0,0,0,0,0
UMGS1614,0,0.0001,0.0001,0.0002,0.0001,0,0.0001,0.0002,0,0
UMGS1615,0,0,0,0.0001,0,0,0,0,0,0
UMGS1616,0,0,0,0,0,0,0,0,0,0
UMGS1617,0,0,0,0.0008,0.0002,0.0001,0,0,0.0001,0
UMGS1618,0,0,0,0,0,0,0,0,0,0
UMGS1619,0.0002,0.0001,0.0001,0.0001,0.0001,0.0073,0.0008,0.0001,0.0003,0
UMGS162,0,0,0,0,0,0,0,0,0,0
UMGS1620,0,0,0,0,0,0,0,0,0,0
UMGS1621,0,0,0,0,0,0,0,0,0,0
UMGS1622,0.0007,0.0001,0.0001,0.0002,0.0007,0.0001,0.0001,0.0001,0.0001,0.0005
UMGS1623,0,0,0,0,0,0,0,0,0,0
UMGS1624,0,0,0,0,0,0,0,0,0,0
UMGS1625,0,0,0,0,0,0,0,0,0,0
UMGS1626,0,0,0.0001,0,0,0,0.0001,0,0,0
UMGS1627,0,0,0,0,0,0,0,0,0,0
UMGS1628,0,0,0,0,0,0,0,0,0,0
UMGS1629,0,0,0,0,0,0,0,0,0,0
UMGS163,0,0,0,0,0,0,0,0,0,0
UMGS1630,0,0,0.0001,0,0,0,0,0,0,0
UMGS1631,0,0,0,0,0,0,0,0,0,0
UMGS1632,0,0,0,0,0,0,0,0,0,0
UMGS1633,0,0,0,0,0,0,0,0,0,0
UMGS1634,0,0,0,0,0,0,0,0,0,0
UMGS1635,0,0,0,0,0,0,0,0,0,0
UMGS1636,0,0,0,0,0,0,0,0,0,0
UMGS1637,0.0001,0,0,0,0,0,0,0,0,0
UMGS1638,0,0,0,0,0,0,0,0,0,0
UMGS1639,0,0,0,0,0,0,0,0,0,0
UMGS164,0,0,0,0,0,0,0,0,0,0
UMGS1640,0,0,0,0,0,0,0,0,0,0
UMGS1641,0,0,0,0,0,0,0,0,0,0
UMGS1642,0,0,0.0001,0,0,0.0001,0,0,0,0
UMGS1643,0,0,0,0,0,0,0,0.0001,0.0001,0
UMGS1644,0,0,0,0,0,0,0,0,0,0
UMGS1645,0,0,0,0,0,0,0,0,0,0
UMGS1646,0.0001,0.0001,0.0008,0.0001,0.0001,0.0001,0.0003,0.0001,0,0
UMGS1647,0,0,0,0.0001,0.0001,0,0,0,0,0
UMGS1648,0,0,0,0,0,0,0,0,0,0
UMGS1649,0,0,0,0,0,0,0,0,0,0
UMGS165,0,0,0,0,0,0,0,0,0,0
UMGS1650,0,0,0,0,0,0,0,0,0,0
UMGS1651,0,0,0,0,0,0,0,0,0,0
UMGS1652,0,0,0,0,0,0,0,0,0,0
UMGS1653,0,0,0,0.0001,0,0,0,0,0.0002,0
UMGS1654,0,0,0,0,0,0,0,0,0,0
UMGS1656,0,0,0,0,0,0,0,0,0,0
UMGS1657,0,0,0,0,0.0001,0.0001,0.0001,0.0001,0,0
UMGS1658,0,0,0,0,0,0,0,0,0,0
UMGS1659,0,0.0002,0.0001,0.0001,0.0001,0.0001,0.0001,0,0.0001,0
UMGS166,0,0,0,0,0,0,0,0,0,0
UMGS1660,0,0,0,0,0,0,0,0,0,0
UMGS1661,0,0,0,0,0,0,0,0,0,0
UMGS1662,0,0,0,0.0001,0.0001,0,0,0,0,0
UMGS1663,0,0,0.0001,0,0,0,0,0,0,0
UMGS1664,0,0,0,0.0001,0.0001,0,0,0,0,0
UMGS1665,0,0,0,0,0,0,0,0,0,0
UMGS1666,0,0,0,0,0,0,0,0,0,0
UMGS1667,0,0,0,0,0,0,0,0,0,0
UMGS1668,0,0,0,0,0,0,0,0,0,0
UMGS1669,0.0002,0.0001,0.0077,0.0004,0.0003,0.0011,0.0004,0.0003,0.0033,0.0001
UMGS167,0,0,0,0,0,0,0,0,0,0
UMGS1670,0,0,0,0.0002,0,0,0,0,0,0
UMGS1671,0,0,0,0,0,0,0,0,0,0
UMGS1672,0,0,0,0,0,0,0,0,0,0
UMGS1673,0,0,0,0,0,0,0,0,0,0
UMGS1674,0,0,0,0,0,0,0.0001,0,0,0
UMGS1675,0.0001,0,0.0001,0,0.0001,0.0001,0,0,0,0
UMGS1676,0,0,0,0,0,0,0,0,0,0
UMGS1677,0,0,0,0,0,0,0,0,0,0
UMGS1678,0,0,0,0,0,0,0,0,0,0
UMGS168,0,0,0,0,0,0,0.0001,0,0,0
UMGS1680,0,0,0,0,0,0,0,0,0,0
UMGS1681,0,0,0,0,0,0,0,0,0,0
UMGS1682,0,0,0,0,0.0001,0,0,0.0001,0,0
UMGS1683,0,0,0,0,0,0,0,0,0,0
UMGS1684,0,0,0,0,0,0,0,0,0,0
UMGS1685,0,0,0,0,0,0,0,0,0,0
UMGS1686,0,0,0,0,0,0,0,0,0,0
UMGS1687,0,0,0,0,0,0,0,0,0,0
UMGS1688,0,0,0,0,0,0,0,0,0,0
UMGS1689,0,0,0,0,0,0,0,0,0,0
UMGS169,0,0,0,0,0,0,0,0,0,0
UMGS1690,0,0,0,0,0,0,0,0,0,0
UMGS1691,0,0,0,0,0,0,0,0,0,0
UMGS1692,0,0.0001,0,0.0001,0.0001,0,0.0002,0.0003,0.0001,0.0003
UMGS1693,0,0,0.0043,0.0012,0.0003,0,0,0,0.0001,0
UMGS1694,0.0001,0.0001,0.0006,0.0001,0.0001,0,0.0001,0,0.0001,0.0002
UMGS1695,0,0,0,0,0,0,0,0,0,0
UMGS1696,0,0,0,0,0,0,0,0,0,0
UMGS1697,0,0,0,0,0.0001,0.0001,0,0,0,0
UMGS1698,0,0,0,0,0,0,0,0,0,0
UMGS1699,0,0,0,0,0,0,0,0,0,0
UMGS17,0,0,0,0,0,0,0,0,0,0
UMGS170,0.0001,0.0001,0.0005,0.0004,0.0004,0.0002,0.0002,0.0004,0.0005,0.0002
UMGS1700,0,0,0,0,0,0,0,0,0,0
UMGS1701,0,0,0,0,0,0,0,0,0,0
UMGS1702,0,0,0,0,0,0,0,0,0,0
UMGS1703,0,0,0,0,0,0,0,0,0,0
UMGS1704,0,0,0,0,0,0,0,0,0,0
UMGS1705,0,0,0,0,0,0,0,0,0,0
UMGS1706,0,0,0,0,0,0,0,0,0,0
UMGS1707,0,0,0,0,0,0,0,0,0,0
UMGS1708,0,0,0,0,0,0,0,0,0,0
UMGS1709,0,0,0,0,0,0,0,0,0.0001,0
UMGS171,0,0,0,0,0,0,0,0,0,0
UMGS1710,0,0.0001,0.0001,0,0.0001,0.0001,0,0.0001,0,0
UMGS1711,0,0,0,0,0,0,0,0,0,0
UMGS1712,0,0,0,0,0,0,0,0,0,0
UMGS1713,0,0,0.0001,0,0,0,0,0,0,0
UMGS1714,0,0,0,0,0,0,0,0,0,0
UMGS1715,0,0,0,0,0,0,0,0,0,0
UMGS1716,0,0,0,0,0,0,0,0,0,0
UMGS1717,0,0,0,0,0,0,0,0,0,0
UMGS1718,0,0,0,0,0,0,0,0,0,0
UMGS1719,0,0,0,0,0,0,0,0,0,0
UMGS172,0,0,0,0,0,0,0,0,0,0
UMGS1720,0,0,0.0001,0.0002,0,0.0001,0,0.0001,0.0005,0
UMGS1721,0,0,0,0,0,0,0,0,0,0
UMGS1722,0,0,0,0,0,0,0,0,0,0
UMGS1724,0,0,0.0001,0.0001,0,0.0001,0,0,0,0
UMGS1725,0,0,0.0002,0.0002,0.0001,0.0033,0.0006,0,0.0002,0
UMGS1726,0,0,0,0,0,0,0,0,0,0
UMGS1727,0,0,0,0,0,0,0,0,0,0
UMGS1728,0,0,0,0,0,0,0,0,0,0
UMGS1729,0,0,0,0,0,0,0.0001,0,0,0
UMGS173,0,0,0,0,0,0,0,0,0,0
UMGS1730,0,0,0,0,0,0,0,0,0,0
UMGS1731,0,0,0,0,0,0,0,0,0,0
UMGS1732,0,0,0,0,0,0,0,0,0,0
UMGS1733,0,0,0,0,0,0,0,0,0,0
UMGS1734,0,0,0,0,0,0,0,0,0,0
UMGS1735,0,0,0,0.001,0,0,0.0002,0,0,0
UMGS1737,0,0,0,0,0,0,0,0,0,0
UMGS1738,0,0,0.0001,0.0001,0.0002,0,0.0037,0,0.0001,0
UMGS1739,0,0,0,0,0,0,0,0,0,0
UMGS174,0,0,0,0,0,0,0,0,0,0
UMGS1740,0,0,0,0,0,0,0,0,0,0
UMGS1741,0,0,0,0,0,0,0,0,0,0
UMGS1742,0,0,0,0,0,0,0,0,0.0001,0
UMGS1743,0,0,0,0,0,0,0,0,0,0
UMGS1744,0,0,0,0,0,0,0,0,0,0
UMGS1745,0,0,0,0,0,0,0,0,0,0
UMGS1746,0,0,0,0,0,0,0,0,0,0
UMGS1747,0,0,0.0001,0,0,0.0001,0,0,0,0
UMGS1748,0,0,0,0,0,0,0,0,0,0
UMGS1749,0,0,0,0,0,0,0,0,0,0
UMGS175,0,0,0,0,0,0,0,0,0,0
UMGS1750,0,0,0,0,0,0,0,0,0,0
UMGS1751,0,0,0,0,0,0,0,0,0,0
UMGS1752,0.0004,0.0001,0.0001,0.0001,0.0003,0.0001,0.0001,0.0003,0.0002,0.0002
UMGS1753,0,0.0001,0,0.0001,0.0001,0,0.0001,0,0,0.0001
UMGS1754,0,0,0,0,0,0,0,0,0,0
UMGS1755,0,0,0,0,0,0,0,0,0,0
UMGS1756,0,0,0,0.0001,0.0001,0,0.0023,0,0.0001,0
UMGS1757,0,0.0001,0,0,0.0002,0,0.0001,0.0001,0,0
UMGS1758,0,0,0,0,0,0,0,0,0,0
UMGS1759,0,0,0,0,0,0,0,0,0,0
UMGS176,0,0,0.0001,0,0,0,0,0,0,0
UMGS1760,0,0,0,0.0003,0,0,0,0,0,0
UMGS1761,0,0,0,0,0,0,0,0,0,0
UMGS1762,0,0,0,0,0,0,0,0,0,0
UMGS1763,0,0,0,0.0001,0,0,0,0.0001,0.0001,0.0001
UMGS1764,0,0,0,0,0,0,0,0,0,0
UMGS1765,0,0,0,0,0,0,0,0,0,0
UMGS1766,0,0,0,0,0,0,0,0,0,0
UMGS1767,0,0,0,0,0,0,0,0,0,0
UMGS1768,0,0.0002,0,0,0,0,0.0001,0.0011,0,0.0001
UMGS1769,0,0,0,0,0,0,0,0,0,0
UMGS177,0,0,0,0,0,0,0,0,0,0
UMGS1771,0,0.0002,0,0.0001,0.0001,0.0003,0.0001,0.0001,0,0
UMGS1772,0,0,0,0,0,0,0,0,0,0
UMGS1773,0,0,0,0,0,0,0,0,0,0
UMGS1774,0,0,0,0,0,0,0,0,0,0
UMGS1775,0,0,0,0,0,0,0,0,0,0
UMGS1776,0.0001,0.0001,0,0,0.0001,0,0,0.0001,0,0.0001
UMGS1777,0,0,0,0,0,0,0,0,0,0
UMGS1778,0,0,0,0,0,0,0,0,0,0
UMGS1779,0,0,0,0,0,0,0,0,0,0
UMGS178,0,0,0,0,0,0,0,0,0,0
UMGS1780,0,0,0,0,0,0,0,0,0,0
UMGS1781,0,0,0,0,0,0,0,0,0,0
UMGS1782,0,0,0.0001,0.0003,0.0001,0.0002,0.0002,0.0001,0,0.0001
UMGS1783,0,0,0,0,0,0,0,0,0,0
UMGS1784,0,0,0,0,0,0,0,0,0,0
UMGS1785,0,0,0,0,0,0,0,0,0,0
UMGS1786,0.0002,0,0.0001,0.0001,0.0001,0,0,0,0.0001,0.0001
UMGS1787,0,0,0,0,0,0,0,0,0,0
UMGS1788,0,0,0,0,0,0,0,0.0001,0,0
UMGS1789,0,0,0,0,0,0,0,0,0,0
UMGS179,0,0,0,0,0,0,0.0002,0,0,0
UMGS1790,0,0,0,0,0,0,0,0,0,0
UMGS1791,0,0,0,0,0,0,0,0,0,0
UMGS1793,0,0,0,0,0,0,0,0,0,0
UMGS1794,0,0,0,0,0,0,0,0,0,0
UMGS1795,0,0,0,0,0,0,0,0,0,0
UMGS1796,0,0,0.0001,0,0,0,0,0,0,0
UMGS1797,0,0,0,0,0,0,0,0,0,0
UMGS1798,0,0,0,0,0,0,0,0,0,0
UMGS1799,0,0,0,0,0,0,0,0,0,0
UMGS18,0,0,0,0,0,0,0,0,0,0
UMGS1800,0,0,0,0.0001,0,0,0,0,0.0004,0
UMGS1801,0,0,0,0,0,0,0,0,0,0
UMGS1802,0,0,0,0,0,0,0,0,0,0
UMGS1805,0,0,0,0,0,0,0,0,0,0
UMGS1806,0.0028,0.0001,0,0,0.0005,0.0001,0.0003,0.0004,0.0001,0.0015
UMGS1807,0,0,0.0002,0.0001,0,0,0,0,0,0
UMGS1808,0,0,0,0,0,0.0001,0,0,0,0
UMGS1809,0.0001,0,0,0,0,0,0,0,0,0
UMGS181,0,0,0,0,0,0,0,0,0,0
UMGS1810,0,0,0,0,0,0,0,0,0,0
UMGS1811,0,0,0,0,0,0,0,0,0,0
UMGS1812,0,0,0,0,0,0,0,0,0,0
UMGS1813,0,0,0,0,0.0001,0.0001,0,0,0,0
UMGS1815,0,0,0,0,0,0,0,0,0,0
UMGS1816,0,0,0,0,0,0,0,0,0,0
UMGS1817,0.0002,0.0001,0.0001,0,0,0,0,0,0,0.0001
UMGS1818,0,0,0,0,0,0,0,0,0,0
UMGS1819,0,0,0,0,0,0,0,0,0,0
UMGS182,0.0001,0.0001,0.0001,0.0006,0,0.0006,0.0001,0.0003,0.0002,0.0001
UMGS1820,0,0,0,0,0,0,0,0,0,0
UMGS1821,0,0,0,0,0,0,0,0,0,0
UMGS1822,0,0,0,0,0,0,0,0,0,0
UMGS1823,0,0.0003,0,0.0001,0.0001,0.0004,0.0001,0.0001,0,0
UMGS1824,0,0,0.0001,0,0.0001,0.0001,0,0,0,0
UMGS1825,0,0,0,0,0,0,0,0,0,0
UMGS1826,0,0,0,0,0,0,0,0,0,0
UMGS1828,0,0,0,0,0,0,0,0,0,0
UMGS1829,0.0001,0,0,0,0.0001,0.0001,0.0001,0,0,0.0001
UMGS183,0,0,0,0.0002,0.0001,0.0001,0.001,0,0,0
UMGS1831,0,0,0,0,0,0,0,0,0,0
UMGS1832,0,0,0.0001,0,0,0,0.0001,0,0,0
UMGS1833,0,0,0,0,0,0,0,0,0,0
UMGS1834,0,0,0,0,0,0,0,0,0,0
UMGS1835,0,0,0,0,0,0,0,0,0,0
UMGS1836,0,0,0,0,0,0,0,0,0,0
UMGS1837,0,0,0,0,0,0,0,0,0,0
UMGS1838,0,0,0,0,0,0,0,0,0,0
UMGS1839,0,0,0,0,0,0,0,0,0,0
UMGS184,0.0001,0.0006,0.0003,0.0038,0.001,0.001,0.0035,0.0003,0.0001,0
UMGS1840,0,0,0,0,0,0,0,0,0,0
UMGS1841,0,0,0.0001,0,0,0.0001,0,0,0,0
UMGS1842,0,0,0,0,0,0,0,0,0,0
UMGS1843,0,0,0,0,0,0,0,0,0,0
UMGS1844,0.0001,0.0001,0.0001,0,0.0001,0.0001,0.0001,0.0001,0.0001,0.0001
UMGS1845,0,0,0,0,0,0,0,0,0,0
UMGS1846,0,0,0,0,0,0,0,0,0,0
UMGS1847,0,0,0,0,0,0,0,0,0,0
UMGS1848,0,0,0,0,0,0,0,0,0,0
UMGS185,0,0,0,0,0,0,0,0,0,0
UMGS1850,0,0,0,0,0,0,0,0,0,0
UMGS1851,0,0,0,0,0,0,0,0,0,0
UMGS1852,0,0,0,0,0,0,0,0,0,0
UMGS1853,0,0,0,0,0,0.0001,0.0001,0.0001,0.0001,0.0001
UMGS1855,0,0,0,0,0.0001,0,0,0.0001,0,0
UMGS1857,0,0,0,0,0,0,0,0,0,0
UMGS1858,0,0,0,0,0,0,0,0,0,0
UMGS1859,0,0,0,0,0,0,0,0,0,0
UMGS186,0,0,0,0,0,0,0,0,0,0
UMGS1860,0,0,0,0,0,0,0,0,0,0
UMGS1861,0,0,0,0,0,0,0,0,0,0
UMGS1862,0,0,0,0,0,0,0,0,0,0
UMGS1863,0,0,0,0,0,0,0,0,0,0
UMGS1864,0,0,0,0,0,0,0,0,0,0
UMGS1865,0,0,0,0,0,0,0,0,0,0
UMGS1867,0,0,0,0,0,0,0,0,0,0
UMGS1868,0,0,0,0,0,0,0,0,0,0
UMGS1869,0,0,0,0,0,0,0,0,0,0
UMGS187,0,0,0,0,0,0,0,0,0,0
UMGS1870,0,0,0,0,0,0,0.0001,0,0,0
UMGS1871,0,0,0,0,0,0,0,0,0,0
UMGS1872,0,0,0,0,0,0,0,0,0,0
UMGS1873,0,0,0.0001,0,0,0.0001,0,0.0001,0.0001,0
UMGS1874,0,0,0,0,0,0,0,0,0,0
UMGS1875,0,0,0,0,0,0,0,0,0,0
UMGS1877,0,0,0,0,0,0,0,0,0,0
UMGS1878,0,0,0,0,0,0,0,0,0,0
UMGS1879,0,0,0,0,0,0,0.0001,0,0,0
UMGS188,0,0,0,0,0,0,0,0,0,0
UMGS1880,0,0,0,0,0,0,0,0,0,0
UMGS1881,0,0,0,0,0,0,0,0,0,0
UMGS1882,0,0,0,0.0001,0.0001,0,0.0003,0.0001,0,0
UMGS1883,0,0,0,0,0,0,0,0,0,0
UMGS1884,0,0,0,0,0,0,0,0,0,0
UMGS1886,0,0,0,0,0,0,0,0,0,0
UMGS1887,0,0,0,0,0,0,0,0,0,0
UMGS1889,0,0.0003,0.0001,0.0001,0.0001,0.0004,0.0002,0.0002,0,0
UMGS1890,0,0,0,0,0,0,0,0,0,0
UMGS1891,0.0001,0,0,0,0,0,0,0.0001,0.0001,0
UMGS1892,0.0001,0,0.0001,0,0.0001,0.0001,0,0,0,0
UMGS1893,0,0,0,0,0,0,0.0001,0.0001,0,0.0001
UMGS1894,0.0001,0,0.0001,0.0001,0,0.0001,0,0,0,0
UMGS1895,0.0001,0,0,0,0,0,0,0,0,0
UMGS1896,0,0.0002,0,0.0001,0,0,0,0,0,0.0001
UMGS1897,0,0,0,0,0,0,0,0,0,0
UMGS1898,0.0001,0,0,0.0001,0.0001,0.0001,0.0001,0.0001,0.0001,0
UMGS1899,0,0,0,0,0,0,0,0,0,0
UMGS190,0,0,0,0,0,0,0,0,0,0
UMGS1900,0,0,0,0,0,0,0,0,0,0
UMGS1901,0,0,0,0,0,0,0,0,0,0
UMGS1902,0,0,0,0,0,0,0,0,0,0
UMGS1903,0,0,0,0,0,0,0.0001,0,0,0
UMGS1904,0,0,0,0,0,0,0,0,0,0
UMGS1905,0,0,0,0,0,0,0,0,0,0
UMGS1906,0,0,0,0,0,0,0,0,0.0001,0
UMGS1907,0,0,0,0,0,0,0,0,0,0
UMGS1908,0,0,0,0,0,0,0,0,0,0
UMGS1909,0,0,0,0,0,0,0,0,0,0
UMGS1910,0,0,0,0,0,0,0,0,0,0
UMGS1911,0,0,0,0,0,0,0.0001,0,0,0
UMGS1912,0,0,0,0,0,0,0,0,0,0
UMGS1913,0,0,0,0,0,0,0.0001,0,0,0
UMGS1914,0,0,0,0,0,0,0,0,0,0
UMGS1915,0,0,0,0,0,0,0,0,0,0
UMGS1916,0.0001,0.0001,0.0001,0.0001,0.0001,0,0,0.0001,0,0
UMGS1917,0,0,0,0,0,0,0,0,0,0
UMGS1918,0,0.0001,0,0,0.0001,0.0003,0,0,0,0
UMGS1919,0,0,0,0,0,0,0,0,0,0
UMGS192,0,0,0,0,0,0,0,0,0,0
UMGS1920,0,0,0,0,0,0,0,0,0,0
UMGS1921,0,0,0,0,0,0,0,0,0,0
UMGS1922,0,0,0,0,0,0,0,0,0,0
UMGS1923,0,0,0,0,0,0,0,0,0,0
UMGS1924,0,0,0,0,0,0,0,0,0,0
UMGS1925,0,0,0.0001,0,0,0.0001,0.0001,0,0.0001,0
UMGS1926,0,0,0,0,0,0,0,0,0,0
UMGS1927,0,0,0,0,0,0,0,0,0,0
UMGS1928,0,0,0,0,0,0,0,0,0,0
UMGS1929,0,0,0,0,0,0,0,0,0,0
UMGS193,0,0,0,0,0,0,0,0,0,0
UMGS1930,0,0,0,0,0,0,0,0,0,0
UMGS1931,0,0,0,0,0.0001,0,0,0.0001,0,0
UMGS1932,0,0,0,0,0,0,0,0,0,0
UMGS1933,0,0,0,0,0,0,0,0,0,0
UMGS1934,0,0,0,0,0,0,0,0,0,0
UMGS1935,0,0,0,0,0,0,0,0,0,0
UMGS1936,0,0,0,0,0,0,0,0,0,0
UMGS1937,0,0,0,0,0,0,0,0,0,0
UMGS1938,0,0,0,0,0,0,0,0,0,0
UMGS1939,0,0,0,0,0,0,0,0,0,0
UMGS194,0,0,0,0,0,0,0,0,0,0
UMGS1940,0,0,0,0,0,0.0001,0,0,0,0
UMGS1941,0,0,0,0,0,0,0,0,0,0
UMGS1942,0,0,0,0.0001,0,0,0.0001,0,0,0
UMGS1943,0,0,0,0,0,0,0,0,0,0
UMGS1944,0,0.0004,0,0,0,0,0,0,0.0003,0
UMGS1945,0.0001,0,0,0,0,0,0,0,0,0
UMGS1946,0,0,0,0,0,0,0,0,0,0
UMGS1948,0,0,0,0,0,0,0,0,0,0
UMGS1949,0,0,0,0,0,0,0,0,0,0
UMGS1950,0.0001,0.0001,0,0.0001,0.0001,0.0001,0,0,0,0.0001
UMGS1951,0,0,0,0,0,0,0,0,0,0
UMGS1952,0.0003,0.0004,0.0001,0.0001,0.0006,0.0001,0.0002,0.0002,0.0001,0.0006
UMGS1953,0,0,0,0,0,0,0,0,0,0
UMGS1954,0.0026,0.0001,0.0007,0.0003,0.0002,0.0001,0.0001,0,0.0004,0.0013
UMGS1955,0,0,0,0.0001,0,0,0,0,0,0
UMGS1956,0,0,0,0,0,0,0,0,0,0
UMGS1958,0,0.0002,0,0.0001,0.0001,0.0003,0.0001,0.0002,0,0.0003
UMGS1959,0.0001,0,0,0,0,0,0,0,0,0
UMGS196,0,0,0,0,0,0,0,0,0,0
UMGS1960,0.0008,0.0001,0.0002,0.0001,0.0002,0.0007,0.0001,0.0001,0.0001,0.0001
UMGS1962,0.0001,0.0001,0.0004,0,0.0001,0,0.0001,0.0001,0,0
UMGS1963,0,0,0,0,0,0,0,0,0,0
UMGS1964,0,0,0,0,0,0,0,0,0,0
UMGS1965,0,0,0.0001,0,0.0001,0,0,0,0.0005,0
UMGS1966,0,0,0,0,0,0,0,0,0,0
UMGS1967,0,0,0,0,0,0,0,0,0,0
UMGS1968,0,0,0,0,0,0,0,0,0,0
UMGS1969,0,0,0,0,0,0,0,0,0,0
UMGS197,0,0,0,0,0,0,0,0,0,0
UMGS1970,0,0,0,0,0,0,0,0,0,0
UMGS1971,0.0001,0,0.0002,0.0002,0.0001,0,0.0001,0,0.0001,0.0001
UMGS1972,0,0,0,0,0,0,0,0,0,0
UMGS1973,0,0,0,0,0,0,0,0,0,0
UMGS1974,0,0,0,0,0,0,0,0,0,0
UMGS1975,0,0,0,0,0,0,0,0,0,0
UMGS1976,0,0,0,0,0,0,0,0,0,0
UMGS1977,0,0,0,0,0,0,0,0,0,0
UMGS1979,0,0,0,0,0,0,0,0,0,0
UMGS198,0,0,0,0,0,0,0,0,0,0
UMGS1980,0,0.0001,0.0003,0.0001,0,0,0,0,0,0
UMGS1981,0,0,0,0,0,0,0,0,0,0
UMGS1982,0,0,0,0,0,0,0,0,0,0
UMGS1983,0,0,0,0,0,0,0,0,0,0
UMGS1984,0,0,0,0,0,0,0,0,0,0
UMGS1985,0,0,0,0,0,0,0,0,0,0
UMGS1986,0,0,0,0,0,0,0,0,0,0
UMGS1987,0,0,0,0,0,0,0,0,0,0
UMGS1988,0,0,0,0,0,0,0,0,0,0
UMGS1989,0.0003,0.0003,0.0004,0.0005,0.0015,0.0001,0.0003,0.0014,0.0002,0.0004
UMGS199,0,0,0,0,0,0,0,0,0,0
UMGS1990,0,0,0,0,0,0,0,0,0,0
UMGS1991,0,0,0,0,0,0,0.0001,0,0,0
UMGS1992,0,0,0,0.0001,0,0,0,0,0.0001,0
UMGS1993,0,0,0.0001,0,0,0,0,0,0,0
UMGS1994,0,0,0,0,0,0,0,0,0,0
UMGS1995,0,0,0,0,0,0,0,0,0,0
UMGS1996,0,0,0,0,0,0,0,0,0,0
UMGS1999,0,0,0,0,0,0,0.0003,0,0,0
UMGS2,0,0,0,0,0,0,0,0,0,0
UMGS20,0,0,0,0,0,0,0,0,0,0
UMGS200,0,0.0001,0.0001,0,0.0001,0.0001,0.0001,0.0001,0,0
UMGS2000,0,0,0,0,0.0001,0.0001,0,0,0,0
UMGS2001,0,0,0,0.0001,0,0,0,0,0,0
UMGS2002,0,0,0,0,0,0,0,0,0.0001,0
UMGS2003,0,0,0,0,0,0,0,0,0,0
UMGS2004,0,0.0004,0.0001,0.0004,0.0032,0.0001,0.0002,0.0028,0.0001,0.0002
UMGS2005,0,0,0,0,0,0,0,0,0,0
UMGS2006,0,0,0,0,0,0,0,0,0,0
UMGS2007,0,0,0.0001,0.0001,0,0,0.0001,0,0,0
UMGS2008,0,0,0,0,0,0,0,0,0,0
UMGS2009,0,0,0,0,0,0,0,0,0,0
UMGS201,0,0,0,0,0,0,0,0,0,0
UMGS2010,0,0.0001,0.0001,0.0001,0,0,0,0,0,0
UMGS2011,0,0,0,0,0,0,0,0,0,0
UMGS2012,0,0,0,0,0,0,0,0,0,0
UMGS2013,0,0,0,0,0,0,0,0,0,0
UMGS2014,0,0,0.0001,0,0.0001,0.0002,0.0001,0.0001,0,0
UMGS2016,0,0,0,0,0,0,0,0,0,0
UMGS2017,0,0,0,0.0001,0,0,0,0,0,0
UMGS2018,0,0,0,0,0,0,0,0,0,0
UMGS2019,0,0,0,0,0,0,0,0,0,0
UMGS2020,0,0,0,0,0,0,0,0,0,0
UMGS2021,0,0,0,0,0,0,0,0,0,0
UMGS2022,0,0,0,0,0,0,0,0,0,0
UMGS2023,0,0,0,0,0,0,0,0,0,0
UMGS2024,0,0,0,0,0,0,0,0,0,0
UMGS2025,0,0,0,0.0001,0,0,0,0,0,0
UMGS2026,0,0,0,0,0,0,0,0,0,0
UMGS2027,0,0,0,0.0001,0.0001,0.0001,0.0001,0.0001,0,0
UMGS2028,0.0001,0,0,0.0001,0.0001,0.0001,0.0002,0.0001,0.0002,0
UMGS2029,0,0,0.0001,0,0,0.0001,0,0,0,0
UMGS203,0,0,0,0,0,0,0,0,0,0
UMGS2030,0,0,0,0,0,0,0,0,0.0001,0
UMGS2031,0,0,0,0,0,0,0,0,0,0
UMGS2032,0.0001,0.0002,0.0005,0,0.0001,0.0002,0,0,0.0001,0
UMGS2033,0,0,0,0,0,0,0,0,0,0
UMGS2034,0,0,0,0,0,0,0,0,0,0
UMGS2035,0,0,0,0,0,0,0,0,0,0
UMGS2036,0.0001,0.0001,0.0001,0.0003,0.0001,0.0001,0.0001,0.0001,0.0001,0.0001
UMGS2037,0,0,0,0,0,0,0,0,0,0
UMGS2038,0,0,0,0.0001,0,0,0,0,0,0
UMGS2039,0,0,0,0,0,0,0,0,0,0
UMGS204,0,0,0,0,0,0,0,0,0,0
UMGS2040,0,0,0,0,0,0,0,0,0,0
UMGS2041,0,0,0,0,0,0,0,0,0,0
UMGS2042,0,0,0,0,0,0,0,0,0,0
UMGS2043,0,0,0,0,0,0,0,0,0,0
UMGS2044,0,0,0,0,0,0,0,0,0,0
UMGS2045,0,0,0,0,0,0,0,0,0,0
UMGS2047,0,0,0,0,0,0,0,0,0,0
UMGS2048,0.0002,0,0,0.0001,0.0001,0,0.0001,0.0001,0,0.0002
UMGS2049,0,0,0,0,0,0,0,0,0,0
UMGS205,0,0,0,0,0,0,0,0,0,0
UMGS2050,0,0,0,0,0,0,0,0,0,0
UMGS2051,0,0,0,0,0,0,0,0,0,0
UMGS2052,0,0,0,0,0,0,0,0,0.0001,0
UMGS2053,0,0,0.0001,0,0.0001,0.0001,0,0,0,0.0001
UMGS2054,0,0,0,0,0,0,0,0,0,0
UMGS2055,0,0,0,0,0,0,0,0,0,0
UMGS2056,0,0,0.0001,0.0002,0,0,0,0,0,0
UMGS2057,0,0,0,0,0,0,0,0,0,0
UMGS2058,0,0,0,0,0,0,0,0,0,0
UMGS2059,0,0,0,0,0,0,0,0,0,0
UMGS206,0,0,0.0001,0,0,0,0,0,0,0
UMGS2060,0,0,0,0,0,0,0,0,0,0
UMGS2061,0,0,0,0,0,0,0,0,0,0
UMGS2062,0,0,0,0,0,0,0,0,0,0
UMGS2063,0,0,0,0,0,0,0,0,0,0
UMGS2064,0,0,0,0,0,0,0,0,0,0
UMGS2065,0,0.0001,0,0,0.0001,0,0,0,0,0
UMGS2066,0,0,0,0,0,0,0,0,0,0
UMGS2067,0,0,0.0002,0.0001,0.0007,0.0001,0.0175,0,0.0004,0
UMGS2068,0,0,0,0,0,0,0,0,0,0
UMGS2069,0,0,0,0,0,0,0,0,0,0
UMGS207,0,0,0,0,0,0,0,0,0,0
UMGS2070,0,0,0,0,0,0,0,0,0,0
UMGS2071,0,0,0,0,0,0,0,0,0,0
UMGS2072,0,0,0,0,0,0,0,0,0,0
UMGS2073,0,0,0,0,0,0,0,0,0,0
UMGS2074,0,0,0,0,0,0,0,0,0,0
UMGS2075,0,0,0,0.0001,0,0,0,0,0,0
UMGS2076,0.0001,0,0,0,0,0,0,0,0,0
UMGS2078,0,0,0,0,0,0,0,0,0,0
UMGS2079,0.0002,0.0003,0,0.0001,0.0002,0.0001,0,0.0001,0,0.0001
UMGS208,0,0,0,0,0,0,0,0,0,0
UMGS209,0,0,0,0,0,0,0,0,0,0
UMGS21,0,0,0,0,0,0,0,0,0,0
UMGS211,0,0,0,0,0,0,0,0,0,0
UMGS212,0,0,0,0,0,0,0,0,0,0
UMGS213,0,0,0,0,0,0,0,0,0,0
UMGS214,0,0,0,0,0,0,0,0,0,0
UMGS215,0,0,0,0,0,0,0,0,0,0
UMGS216,0,0,0,0,0,0,0,0,0,0
UMGS218,0,0,0.0001,0,0,0,0,0,0,0
UMGS219,0,0,0,0,0,0,0,0,0,0
UMGS22,0,0,0,0,0,0,0,0,0,0
UMGS220,0,0,0,0,0,0,0,0,0,0
UMGS221,0,0,0,0,0,0,0,0,0,0
UMGS222,0.0003,0.0002,0.0009,0.0007,0.0011,0.0027,0.002,0.0008,0.0005,0.0001
UMGS223,0,0,0,0,0,0,0,0,0,0
UMGS225,0,0,0,0,0,0,0,0,0,0
UMGS227,0,0,0,0,0,0,0,0,0,0
UMGS228,0,0,0,0,0,0,0,0,0,0
UMGS229,0,0,0,0,0,0,0,0,0,0
UMGS230,0,0,0,0,0,0,0,0,0,0
UMGS231,0,0,0,0,0,0,0,0,0,0
UMGS232,0,0,0,0,0,0,0,0,0,0
UMGS233,0,0,0,0,0,0,0,0,0,0
UMGS234,0,0,0,0,0,0,0,0,0,0
UMGS235,0,0,0,0,0,0,0,0,0,0
UMGS236,0,0,0,0,0,0,0,0,0,0
UMGS237,0,0,0,0,0,0,0,0,0,0
UMGS238,0,0,0,0,0,0,0,0,0,0
UMGS239,0,0,0,0,0,0,0,0,0,0
UMGS24,0,0,0,0,0,0,0,0,0,0
UMGS240,0.0001,0,0.0001,0.0001,0.0001,0.0021,0.0003,0.0001,0.0001,0
UMGS241,0,0,0,0,0,0,0,0,0,0
UMGS242,0,0,0,0,0,0,0,0,0,0
UMGS243,0,0,0,0,0,0,0,0,0,0
UMGS244,0,0,0,0,0,0,0,0,0,0
UMGS245,0,0,0,0,0,0,0,0,0,0
UMGS247,0,0,0,0,0,0,0,0,0,0
UMGS248,0,0,0,0,0,0,0,0,0,0
UMGS249,0.0002,0.0002,0.0004,0.0003,0.0003,0.0006,0.0004,0.0003,0.0006,0.0001
UMGS250,0,0,0,0,0,0,0,0,0,0
UMGS251,0,0,0,0,0,0,0,0,0,0
UMGS252,0,0,0,0,0,0,0,0,0,0
UMGS253,0,0,0,0.0001,0,0,0.0005,0,0,0
UMGS254,0,0,0,0,0,0,0,0,0,0
UMGS255,0,0,0,0,0,0,0,0,0,0
UMGS256,0,0,0,0,0,0,0,0,0,0
UMGS257,0,0,0,0,0,0,0,0,0,0
UMGS258,0.0001,0.0001,0.0001,0.0001,0.0001,0,0.0001,0,0,0
UMGS259,0,0,0,0,0,0,0,0,0,0
UMGS26,0,0,0,0,0,0,0,0,0,0
UMGS260,0,0,0,0,0,0,0,0,0,0
UMGS261,0,0,0,0,0,0,0,0,0,0
UMGS262,0,0,0,0,0,0,0.0002,0,0,0
UMGS263,0,0,0,0,0,0,0,0,0,0
UMGS264,0,0,0,0,0,0,0,0,0,0
UMGS268,0,0,0,0,0.0001,0,0,0.0001,0,0
UMGS269,0,0,0,0,0,0,0,0,0,0
UMGS27,0,0.0001,0,0.0001,0.0001,0.0003,0.0001,0.0001,0,0
UMGS270,0,0,0,0,0,0,0,0,0,0
UMGS271,0,0,0,0,0,0,0,0,0,0
UMGS272,0,0,0,0,0,0,0,0,0,0
UMGS273,0,0,0,0,0,0,0,0,0,0
UMGS274,0,0,0,0,0,0,0,0,0,0
UMGS275,0,0,0,0,0,0,0,0,0,0
UMGS276,0,0,0,0.0001,0,0,0,0,0,0
UMGS277,0,0,0.0001,0.0001,0.0001,0,0,0,0.0001,0.0001
UMGS278,0,0,0,0,0,0,0,0,0,0
UMGS279,0,0,0,0.0001,0,0,0,0,0,0
UMGS280,0,0,0,0,0,0,0.0001,0,0,0
UMGS281,0,0,0,0,0,0,0,0,0,0
UMGS282,0,0,0,0,0,0,0,0,0,0
UMGS283,0,0.0003,0.0004,0,0.0001,0.0002,0.0004,0.0001,0,0
UMGS284,0,0,0,0,0,0,0,0,0,0
UMGS285,0,0,0,0,0,0,0,0,0,0
UMGS286,0,0,0,0,0,0,0,0,0,0
UMGS287,0,0,0,0,0,0,0,0,0,0
UMGS288,0,0,0,0,0,0,0,0,0,0
UMGS289,0,0,0,0,0,0,0,0,0,0
UMGS29,0,0.0003,0,0.0001,0,0,0,0,0,0.0001
UMGS290,0,0,0,0,0,0,0,0,0,0
UMGS291,0,0,0,0,0,0,0,0,0,0
UMGS292,0,0,0,0,0,0,0,0,0,0
UMGS293,0,0,0,0,0,0,0,0,0,0
UMGS294,0,0,0,0,0,0,0,0,0,0
UMGS295,0,0,0,0,0,0,0,0,0,0
UMGS296,0,0,0,0,0,0,0,0,0,0
UMGS297,0,0,0,0,0,0,0,0,0,0
UMGS298,0,0,0,0,0,0,0,0,0,0
UMGS299,0,0,0,0,0,0,0,0,0,0
UMGS3,0,0,0,0,0,0,0,0,0,0
UMGS30,0,0,0,0,0,0,0,0,0,0
UMGS300,0,0,0,0,0,0,0,0,0,0
UMGS301,0,0,0,0,0,0,0,0,0,0
UMGS302,0,0,0,0,0,0,0,0,0,0
UMGS303,0,0,0,0,0,0,0,0,0,0
UMGS304,0,0,0,0,0,0,0,0,0,0
UMGS305,0,0,0,0,0,0,0,0,0,0
UMGS306,0,0,0,0,0,0,0,0,0,0
UMGS307,0,0,0,0,0,0,0,0,0,0
UMGS308,0,0,0,0,0,0,0,0,0,0
UMGS309,0,0,0,0,0,0,0,0,0,0
UMGS31,0,0,0,0,0,0,0,0,0,0
UMGS310,0,0,0,0,0,0,0,0,0,0
UMGS311,0,0,0,0,0,0,0,0,0,0
UMGS312,0,0,0,0,0,0,0,0,0,0
UMGS313,0,0,0,0,0,0,0,0,0,0
UMGS314,0,0,0,0,0,0,0,0,0,0
UMGS315,0,0,0.0002,0,0,0.0003,0,0,0,0
UMGS316,0,0,0,0,0,0,0.0001,0,0,0
UMGS317,0,0,0,0,0,0,0,0,0,0
UMGS318,0,0,0,0,0,0,0,0,0,0
UMGS319,0,0,0,0,0,0,0,0,0,0
UMGS32,0,0,0,0,0,0,0,0,0,0
UMGS320,0,0,0,0,0,0,0,0,0,0
UMGS321,0,0,0,0,0,0,0,0,0,0
UMGS322,0,0,0,0,0,0,0,0,0,0
UMGS323,0,0,0,0,0,0,0,0,0,0
UMGS324,0,0,0,0,0,0,0,0,0,0
UMGS325,0,0,0,0,0,0,0,0,0,0
UMGS326,0,0,0,0,0,0,0,0,0,0
UMGS327,0,0,0.0001,0,0,0,0,0,0,0
UMGS328,0,0,0,0,0,0,0,0,0,0
UMGS329,0,0,0,0,0,0,0,0,0,0
UMGS33,0,0,0,0,0,0,0,0,0,0
UMGS331,0,0,0,0,0,0,0,0,0,0
UMGS332,0,0,0,0,0,0,0,0,0,0
UMGS333,0,0,0,0,0,0,0,0,0,0
UMGS334,0,0,0.0003,0.0002,0,0,0,0,0.0008,0.0001
UMGS335,0,0,0,0,0,0,0,0,0,0
UMGS337,0,0,0,0,0,0,0,0,0,0
UMGS338,0,0,0,0,0,0,0,0,0,0
UMGS339,0,0,0,0.0001,0,0,0,0,0,0
UMGS34,0,0,0,0,0,0,0,0,0,0
UMGS340,0,0,0,0,0,0,0,0,0,0
UMGS341,0,0,0,0,0,0,0,0,0,0
UMGS342,0,0,0,0,0,0,0,0,0,0
UMGS343,0,0,0,0,0,0,0,0,0,0
UMGS344,0,0,0,0,0,0,0,0,0,0
UMGS346,0,0,0,0,0.0003,0,0,0.0002,0,0
UMGS347,0.0001,0.0001,0.0001,0,0.0001,0,0.0001,0,0.0002,0.0001
UMGS349,0,0,0,0,0,0,0,0,0,0
UMGS35,0,0,0,0,0,0,0,0,0,0
UMGS351,0,0,0,0,0,0,0,0,0,0
UMGS352,0,0,0,0,0,0,0,0,0,0
UMGS353,0,0,0,0.0001,0,0,0,0,0,0
UMGS354,0,0,0,0,0,0,0,0,0,0
UMGS355,0,0,0,0,0,0,0,0,0,0
UMGS356,0,0,0,0,0,0,0,0,0,0
UMGS357,0,0,0,0,0,0,0,0,0,0
UMGS358,0,0,0,0,0,0,0,0,0,0
UMGS359,0,0,0,0,0,0,0,0,0,0
UMGS36,0.0001,0,0,0.0001,0,0,0.0001,0,0.0001,0.0001
UMGS360,0,0,0,0,0,0,0,0,0,0
UMGS361,0,0,0,0,0,0,0,0,0,0
UMGS362,0,0,0,0,0,0,0,0,0,0
UMGS363,0,0.0001,0,0,0,0.0001,0.0001,0,0,0
UMGS364,0,0,0,0,0,0,0,0,0,0
UMGS365,0,0,0,0,0,0,0,0,0,0
UMGS366,0,0,0,0,0.0001,0.0001,0,0.0001,0,0
UMGS367,0,0,0,0,0,0,0,0,0,0
UMGS368,0.0019,0.0001,0.0002,0.0004,0.0005,0.0002,0.0002,0.0001,0.0091,0.0002
UMGS369,0,0,0,0,0,0,0,0,0,0
UMGS37,0.0002,0.001,0.0001,0.0001,0.0001,0.0001,0,0,0,0.0001
UMGS370,0,0,0,0,0,0,0,0,0,0
UMGS372,0,0,0,0.0001,0.0002,0,0,0,0.0001,0
UMGS373,0,0,0,0,0,0,0,0,0,0
UMGS375,0,0,0,0,0,0,0,0,0,0
UMGS376,0,0,0,0,0,0,0,0,0,0
UMGS377,0,0,0,0,0,0,0,0,0,0
UMGS378,0,0,0,0,0,0,0,0,0,0
UMGS379,0,0,0,0,0,0,0,0,0,0
UMGS38,0.0001,0,0.0001,0.0014,0.0002,0,0.0002,0.0003,0,0.0001
UMGS380,0,0,0,0,0,0,0,0,0,0
UMGS381,0,0,0,0,0,0,0,0,0,0
UMGS382,0,0,0,0,0,0,0,0,0,0
UMGS383,0,0,0,0,0,0,0,0,0,0
UMGS384,0,0,0,0,0,0,0,0,0,0
UMGS385,0,0,0,0,0,0,0,0,0,0
UMGS386,0,0,0,0,0,0,0,0,0,0
UMGS387,0,0,0,0,0,0,0,0,0,0
UMGS388,0,0,0,0,0,0,0,0,0,0
UMGS389,0,0,0,0,0,0,0,0,0,0
UMGS39,0,0,0,0,0,0,0,0,0,0
UMGS390,0,0,0,0,0,0,0,0,0,0
UMGS391,0,0,0,0,0,0,0,0,0,0
UMGS393,0,0,0,0,0,0,0,0,0,0
UMGS394,0,0,0,0,0,0,0,0,0,0
UMGS395,0,0,0,0,0,0,0,0,0,0
UMGS396,0,0,0,0,0,0,0,0,0,0
UMGS397,0,0,0,0,0,0,0,0,0,0
UMGS398,0,0,0,0,0,0,0,0,0,0
UMGS399,0,0,0,0,0,0,0,0,0,0
UMGS4,0,0,0,0,0,0,0,0,0,0
UMGS40,0,0,0,0,0,0,0,0,0,0
UMGS400,0,0,0,0,0,0,0,0,0,0
UMGS401,0,0,0,0,0,0,0,0,0,0
UMGS402,0,0,0,0,0,0,0,0,0,0
UMGS403,0,0,0,0,0,0,0,0,0,0
UMGS404,0,0,0,0,0,0,0,0,0,0
UMGS406,0,0.0002,0,0,0,0,0,0,0.0001,0
UMGS407,0,0,0,0,0,0,0,0,0,0
UMGS408,0,0,0,0,0,0,0,0,0,0
UMGS409,0,0,0,0,0,0,0,0,0,0
UMGS41,0,0,0,0,0,0,0,0,0,0
UMGS410,0,0,0,0,0,0,0,0,0,0
UMGS411,0,0,0,0,0,0,0,0,0,0
UMGS412,0.0005,0.0001,0,0.0002,0.0005,0.0001,0.0001,0.0001,0,0.0003
UMGS413,0,0,0,0,0,0,0,0,0,0
UMGS414,0,0,0,0,0,0,0,0,0,0
UMGS415,0,0,0,0,0,0,0,0,0,0
UMGS416,0,0,0,0,0,0,0,0,0,0
UMGS417,0,0,0,0,0,0,0,0,0,0
UMGS418,0,0,0,0,0,0,0,0,0,0
UMGS419,0,0,0,0,0,0,0,0,0,0
UMGS42,0.0001,0.0006,0,0.0001,0,0,0,0,0,0.0001
UMGS420,0,0,0,0,0,0,0,0,0,0
UMGS421,0,0,0,0.0001,0,0,0,0,0,0
UMGS422,0,0,0,0,0,0,0,0,0,0
UMGS423,0,0,0,0,0,0,0,0,0,0
UMGS424,0,0,0,0,0,0,0,0,0,0
UMGS425,0,0,0,0,0,0,0,0,0,0
UMGS426,0,0,0,0,0,0,0,0,0,0
UMGS427,0,0,0,0,0,0,0,0,0,0
UMGS428,0,0,0,0,0,0,0,0,0,0
UMGS429,0,0,0,0,0,0,0,0,0,0
UMGS43,0,0,0,0,0,0,0,0,0,0
UMGS430,0,0,0,0,0,0,0,0,0,0
UMGS431,0,0,0,0,0,0,0,0,0,0
UMGS432,0,0,0,0,0,0.0001,0,0,0,0
UMGS433,0,0,0,0,0,0,0,0,0,0
UMGS434,0,0,0,0,0,0,0,0,0,0
UMGS437,0.0001,0,0.0001,0,0.0001,0.0001,0.0001,0,0,0
UMGS438,0,0,0,0,0,0,0,0,0,0
UMGS439,0,0.0001,0,0,0.0001,0,0.0001,0.0001,0.0001,0
UMGS44,0,0,0.0006,0,0.0006,0.0004,0,0,0.0045,0
UMGS440,0,0,0,0,0,0,0,0,0,0
UMGS441,0,0,0,0,0,0,0,0,0,0
UMGS442,0,0,0,0,0,0,0,0,0,0
UMGS443,0,0,0,0,0,0,0,0,0,0
UMGS445,0,0,0,0,0,0,0,0,0,0
UMGS446,0,0,0,0,0,0,0,0,0,0
UMGS447,0,0,0,0,0,0,0,0,0,0
UMGS448,0,0,0,0,0,0,0,0,0,0
UMGS449,0,0,0,0,0,0,0,0,0,0
UMGS45,0,0,0.0001,0,0.0001,0,0,0,0.0003,0
UMGS450,0,0,0,0,0,0,0,0,0.0001,0
UMGS451,0,0,0,0,0,0.0001,0,0,0,0
UMGS452,0,0,0,0,0,0,0,0,0,0
UMGS453,0,0,0,0,0,0,0,0,0,0
UMGS454,0,0,0,0,0,0,0,0,0,0
UMGS455,0,0,0,0,0,0,0,0,0,0
UMGS456,0.0001,0,0.0001,0.0015,0.0003,0,0.0003,0.0004,0,0.0001
UMGS457,0,0,0,0,0,0,0,0,0,0
UMGS458,0,0,0,0,0,0,0,0,0,0
UMGS459,0,0,0,0,0,0,0,0,0,0
UMGS46,0,0,0,0,0,0,0,0,0,0
UMGS460,0,0,0,0,0,0,0,0,0,0
UMGS461,0,0,0,0,0,0,0,0,0,0
UMGS462,0,0,0,0,0,0,0,0,0,0
UMGS463,0,0,0,0,0,0,0,0,0,0
UMGS464,0,0,0,0,0,0,0,0,0,0
UMGS465,0,0,0,0.0003,0,0,0,0,0,0
UMGS466,0,0,0,0,0,0,0,0,0,0
UMGS467,0,0,0,0,0,0,0,0,0,0
UMGS468,0,0,0,0,0,0,0,0,0,0
UMGS469,0,0,0,0,0,0,0,0,0,0
UMGS47,0.0003,0.0001,0,0,0,0,0,0.0002,0.0002,0
UMGS470,0,0,0,0,0,0,0,0,0,0
UMGS471,0,0,0,0,0,0,0,0,0,0
UMGS472,0.0026,0.0001,0,0,0.0004,0.0001,0.0003,0.0004,0.0001,0.0014
UMGS473,0,0,0,0,0,0,0,0,0,0
UMGS474,0,0,0,0,0,0,0,0,0,0
UMGS475,0,0,0,0,0,0,0,0,0,0
UMGS476,0,0,0,0,0,0,0,0,0,0
UMGS477,0,0,0,0,0,0,0,0,0,0
UMGS478,0,0,0,0,0,0,0,0,0,0
UMGS479,0,0,0,0,0,0,0,0,0,0
UMGS48,0,0,0,0,0,0.0001,0,0,0,0
UMGS480,0,0,0,0,0,0,0,0,0,0
UMGS481,0,0,0,0,0,0,0,0,0,0
UMGS482,0,0,0,0,0,0,0,0,0,0
UMGS483,0,0,0,0,0,0,0,0,0,0
UMGS484,0,0,0,0,0,0,0,0,0,0
UMGS485,0,0,0,0,0,0,0,0,0,0
UMGS486,0,0,0,0,0,0,0,0,0,0
UMGS487,0,0,0,0,0,0,0,0,0,0
UMGS488,0,0,0,0,0,0,0,0,0,0
UMGS489,0,0,0,0,0,0,0,0,0,0
UMGS49,0,0,0,0,0,0.0002,0,0,0,0
UMGS490,0,0,0,0,0,0,0,0,0,0
UMGS491,0,0,0,0,0,0,0,0,0,0
UMGS492,0,0,0,0,0,0,0,0,0,0
UMGS493,0,0,0,0,0,0,0,0,0,0
UMGS494,0,0,0,0,0,0.0001,0,0,0,0
UMGS495,0.0001,0,0.0001,0.0001,0,0,0,0.0001,0.0001,0
UMGS496,0,0,0,0.0001,0,0,0,0,0,0
UMGS498,0,0,0,0,0,0,0,0,0,0
UMGS499,0,0,0,0,0,0,0,0,0,0
UMGS50,0.0001,0,0.0002,0.0005,0.0001,0,0.0001,0,0.0001,0
UMGS500,0,0,0,0,0,0,0,0,0,0
UMGS501,0,0,0,0,0,0,0,0,0,0
UMGS502,0,0,0,0,0,0,0,0,0,0
UMGS503,0,0,0,0,0,0,0,0,0,0
UMGS504,0,0,0,0,0,0,0,0,0,0
UMGS505,0,0,0,0,0,0,0,0,0,0
UMGS506,0,0,0.0001,0,0,0,0,0,0,0
UMGS508,0,0,0,0,0,0,0,0,0,0
UMGS509,0,0,0,0,0,0.0001,0,0,0,0
UMGS51,0,0,0,0,0,0,0,0,0,0
UMGS510,0,0,0,0,0,0,0,0,0,0
UMGS511,0,0,0,0,0,0,0,0,0,0
UMGS512,0,0,0,0,0,0,0,0,0,0
UMGS513,0,0,0,0,0,0,0,0,0,0
UMGS514,0,0,0,0,0,0,0,0,0,0
UMGS515,0,0,0,0,0,0,0,0,0,0
UMGS516,0,0,0,0,0,0,0,0,0,0
UMGS517,0,0,0,0,0,0,0,0,0,0
UMGS518,0,0,0,0,0,0,0,0,0,0
UMGS519,0,0,0,0,0,0,0,0,0,0
UMGS52,0,0,0,0,0,0,0,0,0,0
UMGS520,0,0,0,0,0,0,0,0,0,0
UMGS522,0,0,0,0,0.0001,0,0,0,0,0
UMGS523,0,0,0,0,0.0001,0,0,0.0001,0,0
UMGS524,0,0,0,0,0,0,0,0,0,0
UMGS525,0,0.0001,0,0.0002,0.0001,0,0.0002,0.0001,0,0
UMGS526,0,0,0,0,0,0,0,0,0,0
UMGS528,0.0001,0.0001,0,0,0.0001,0,0,0,0,0
UMGS529,0,0,0,0.0001,0,0,0,0,0,0
UMGS53,0.0001,0,0.0002,0,0.0001,0.0001,0.0001,0,0.0001,0
UMGS530,0,0,0,0,0,0,0,0,0,0
UMGS531,0,0,0,0,0,0,0,0,0,0
UMGS532,0,0,0,0,0,0,0,0,0,0
UMGS533,0,0.0002,0,0,0.0001,0.0003,0.0003,0.0001,0,0
UMGS534,0,0,0,0,0,0,0.0001,0,0,0
UMGS535,0,0,0,0,0,0,0,0,0,0
UMGS536,0,0.0001,0.0001,0,0,0,0.0001,0,0,0
UMGS537,0,0,0,0,0,0,0,0,0,0
UMGS538,0,0,0,0,0,0,0,0,0,0
UMGS539,0.0001,0,0.0001,0,0.0001,0.0001,0,0,0,0
UMGS54,0,0,0,0,0,0,0,0,0,0
UMGS540,0,0,0,0,0,0,0,0,0,0
UMGS541,0,0,0,0,0,0,0,0,0,0
UMGS542,0,0,0,0,0,0,0,0,0,0
UMGS543,0,0,0,0,0,0,0,0,0,0
UMGS544,0,0,0,0,0,0,0,0,0,0
UMGS545,0,0,0,0,0,0,0,0,0,0
UMGS547,0,0,0,0,0,0,0,0,0,0
UMGS548,0,0,0.0001,0,0,0.0001,0,0,0,0
UMGS549,0,0,0,0,0,0,0,0,0,0
UMGS55,0,0,0,0,0,0,0,0,0,0
UMGS551,0,0,0,0,0,0,0,0,0,0
UMGS552,0,0,0,0,0,0,0,0,0,0
UMGS553,0,0,0,0,0,0,0,0,0,0
UMGS555,0,0,0,0,0,0,0,0,0,0
UMGS556,0,0,0,0.0001,0,0,0.0002,0,0,0
UMGS558,0.0001,0.0001,0.0041,0.0004,0.0001,0.0007,0.0003,0.0002,0.0032,0.0001
UMGS559,0,0,0.0001,0.0001,0,0,0,0,0,0
UMGS56,0,0,0,0,0,0,0,0,0,0
UMGS560,0,0,0.0001,0,0,0,0.0001,0.0001,0.0001,0
UMGS561,0,0,0,0,0,0,0,0,0,0
UMGS562,0,0,0.0001,0,0,0.0001,0,0,0,0
UMGS564,0,0,0,0,0,0,0,0,0,0
UMGS565,0,0,0,0,0,0,0,0,0,0
UMGS566,0,0,0,0,0,0,0,0,0,0
UMGS567,0,0,0,0,0,0,0,0,0,0
UMGS568,0,0,0,0,0,0,0,0,0,0
UMGS569,0,0,0,0,0,0,0,0,0,0
UMGS57,0,0,0,0,0,0,0.0001,0,0,0
UMGS570,0,0,0,0,0,0,0,0,0,0
UMGS571,0,0,0,0,0,0,0,0,0,0
UMGS572,0,0.0002,0,0.0001,0.0001,0.0001,0,0.0001,0,0.0001
UMGS573,0,0,0,0,0,0,0,0,0,0
UMGS574,0,0,0,0,0,0,0,0,0,0
UMGS576,0,0,0,0,0,0,0,0,0,0
UMGS577,0,0,0,0,0,0,0,0,0,0
UMGS578,0,0,0,0,0,0,0,0,0,0
UMGS579,0,0,0,0,0,0,0,0,0,0
UMGS580,0,0,0,0,0,0,0,0,0,0
UMGS581,0,0,0,0,0,0,0,0,0,0
UMGS582,0,0,0,0,0,0,0,0,0,0
UMGS583,0,0,0,0,0,0,0,0,0,0
UMGS584,0,0,0,0.0001,0,0,0,0,0,0
UMGS585,0,0,0,0,0,0,0,0,0,0
UMGS586,0,0,0,0,0,0,0,0,0,0
UMGS587,0,0,0,0,0,0,0,0,0,0
UMGS588,0,0,0,0,0,0,0,0,0,0
UMGS589,0,0,0,0,0,0,0,0,0,0
UMGS59,0.0001,0.0001,0,0.0001,0.0001,0,0.0001,0.0002,0,0
UMGS590,0,0,0,0,0,0,0,0,0,0
UMGS592,0,0,0,0,0,0,0,0,0,0
UMGS593,0,0,0,0,0,0,0,0,0,0
UMGS594,0.0005,0,0.0001,0,0.0001,0.0003,0,0,0.0001,0
UMGS595,0,0,0,0,0,0,0.0001,0,0,0
UMGS596,0,0,0,0,0,0,0,0,0,0
UMGS597,0,0,0,0,0,0,0,0,0,0
UMGS598,0,0,0,0,0,0,0,0,0,0
UMGS599,0,0,0,0,0,0,0,0,0,0
UMGS6,0,0,0,0,0,0,0,0,0,0
UMGS600,0,0,0,0,0,0,0,0,0,0
UMGS601,0,0,0,0,0,0,0,0,0,0
UMGS602,0,0,0,0,0,0,0,0,0,0
UMGS603,0.0003,0.0001,0.0057,0.0004,0.0008,0.0006,0.0059,0.0008,0.0012,0.0005
UMGS604,0,0,0,0,0,0,0,0,0,0
UMGS605,0,0,0,0,0,0,0.0001,0,0,0
UMGS606,0,0,0,0,0,0,0,0,0,0
UMGS607,0,0,0,0,0.0001,0,0,0,0,0
UMGS608,0,0,0,0,0,0,0,0,0,0
UMGS609,0,0,0,0,0,0,0,0,0,0
UMGS61,0,0,0,0,0,0,0,0,0,0
UMGS610,0,0,0,0,0,0,0,0,0,0
UMGS611,0,0,0.0001,0.0001,0.0001,0.0001,0.0001,0,0,0
UMGS613,0,0,0,0,0,0,0,0,0,0
UMGS615,0,0,0,0,0,0,0,0,0,0
UMGS616,0,0,0,0,0,0,0,0,0,0
UMGS617,0,0,0,0,0,0,0,0,0,0
UMGS618,0,0.0001,0,0,0,0,0,0,0,0
UMGS619,0,0,0,0,0,0,0,0,0,0
UMGS62,0,0,0,0,0,0,0,0,0,0
UMGS620,0.0002,0.0001,0.0002,0.0002,0.0001,0.0002,0.0001,0.0001,0.0001,0.0001
UMGS621,0,0,0,0,0,0,0,0,0,0
UMGS622,0,0,0,0,0,0,0,0,0,0
UMGS623,0,0,0,0,0,0,0,0,0,0
UMGS624,0,0,0,0,0,0,0,0,0,0
UMGS625,0,0,0,0,0,0,0,0,0,0
UMGS626,0,0,0,0,0,0,0,0,0,0
UMGS627,0,0,0,0,0,0,0,0,0,0
UMGS628,0,0,0,0,0.0003,0,0,0.0002,0,0
UMGS629,0,0,0,0,0,0,0,0,0,0
UMGS63,0,0,0,0,0,0,0,0,0,0
UMGS630,0,0,0,0,0,0,0,0,0,0
UMGS631,0,0,0,0,0,0,0,0,0,0
UMGS632,0.0004,0,0.0002,0.0001,0.0001,0.0002,0.0001,0.0001,0.0001,0
UMGS633,0,0,0,0,0,0,0,0,0,0
UMGS634,0,0,0,0,0,0,0,0,0,0
UMGS635,0,0,0,0,0,0,0,0,0,0
UMGS636,0,0,0,0,0,0,0,0,0,0
UMGS637,0,0,0,0,0,0.0001,0,0,0,0
UMGS638,0,0,0,0,0,0,0,0,0,0
UMGS639,0,0,0,0,0,0,0,0,0,0
UMGS64,0,0,0,0,0,0,0,0,0,0
UMGS640,0,0,0,0,0,0,0,0,0,0
UMGS641,0,0,0,0,0,0,0,0,0,0
UMGS642,0,0,0,0,0,0,0,0,0,0
UMGS643,0,0,0,0,0,0,0,0,0,0
UMGS644,0,0,0,0,0,0,0,0,0,0
UMGS645,0,0,0,0,0,0,0,0,0,0
UMGS646,0,0,0,0,0,0,0,0,0,0
UMGS647,0,0,0,0,0,0,0,0,0,0
UMGS648,0,0,0,0,0,0,0,0,0,0
UMGS649,0,0,0,0,0,0,0,0,0,0
UMGS65,0,0,0,0,0,0,0,0,0,0
UMGS650,0,0,0,0,0,0,0,0,0.0001,0
UMGS651,0,0,0,0,0,0.0001,0,0,0,0
UMGS652,0,0,0,0,0,0,0,0,0,0
UMGS653,0,0,0,0,0,0,0,0,0,0
UMGS654,0,0,0,0,0,0.0001,0,0,0,0
UMGS655,0,0,0,0,0,0,0,0,0,0
UMGS656,0,0,0,0,0,0,0,0,0,0
UMGS657,0,0,0.0002,0.0001,0.0001,0,0,0,0,0
UMGS658,0,0,0,0,0,0,0,0,0,0
UMGS659,0,0,0,0,0,0.0001,0,0,0,0
UMGS66,0,0,0,0,0,0,0,0,0,0
UMGS660,0,0,0,0,0,0,0,0,0,0
UMGS661,0,0,0,0,0,0,0,0,0,0
UMGS662,0,0,0,0,0,0,0,0,0,0
UMGS663,0,0,0,0,0,0,0,0,0,0
UMGS664,0,0,0,0,0,0,0,0,0,0
UMGS665,0,0,0,0,0,0,0,0,0,0
UMGS666,0,0,0,0,0,0,0,0,0,0
UMGS667,0,0,0,0,0,0,0,0,0,0
UMGS668,0,0,0,0,0,0,0,0,0,0
UMGS669,0,0,0,0.0002,0,0,0,0,0,0
UMGS670,0,0,0,0,0,0,0,0,0,0
UMGS671,0,0,0,0,0,0,0,0,0,0
UMGS672,0,0,0,0,0,0,0,0,0,0
UMGS673,0,0,0,0,0,0,0,0,0,0
UMGS674,0,0,0,0,0,0,0,0,0,0
UMGS675,0,0,0,0,0,0,0,0,0,0
UMGS676,0,0,0,0,0,0,0,0,0,0
UMGS677,0,0,0,0,0,0,0,0,0,0
UMGS678,0,0,0,0,0,0,0,0,0,0
UMGS679,0,0,0,0,0,0,0,0,0,0
UMGS68,0,0,0,0,0,0,0,0,0,0
UMGS680,0.0001,0.0001,0,0,0.0001,0,0,0,0,0.0001
UMGS681,0.0001,0.0001,0,0.0001,0.0001,0,0,0,0.0001,0.0001
UMGS682,0,0,0,0,0,0,0,0,0,0
UMGS683,0,0,0,0,0,0,0,0,0,0
UMGS684,0,0,0,0,0,0,0,0,0,0
UMGS685,0,0,0,0,0,0,0,0,0,0
UMGS686,0,0,0,0,0,0,0,0,0,0
UMGS687,0,0,0,0,0,0,0,0,0,0
UMGS688,0,0,0,0,0,0,0,0,0,0
UMGS689,0,0,0,0,0,0,0,0,0,0
UMGS69,0,0,0,0,0,0,0,0,0,0
UMGS690,0,0,0,0,0,0,0,0,0,0
UMGS691,0,0,0,0,0,0,0,0,0,0
UMGS692,0,0,0,0,0,0,0,0,0,0
UMGS693,0,0,0,0,0,0,0,0,0,0
UMGS695,0,0,0,0,0,0,0,0,0,0
UMGS696,0,0,0,0,0,0,0,0,0,0
UMGS697,0.0001,0,0,0.0003,0.0001,0,0,0,0.0001,0.0001
UMGS698,0,0,0,0,0,0,0,0,0,0
UMGS699,0,0,0,0,0,0,0,0,0,0
UMGS7,0,0,0,0,0,0,0,0,0,0
UMGS70,0,0,0,0,0,0,0,0,0,0
UMGS700,0,0,0,0,0,0,0,0,0,0
UMGS701,0,0,0,0,0,0,0,0,0,0
UMGS702,0,0,0,0,0,0,0,0,0,0
UMGS704,0,0,0,0,0,0,0,0,0,0
UMGS705,0,0,0,0,0,0,0,0,0,0
UMGS706,0,0,0,0,0,0,0,0,0,0
UMGS707,0,0,0,0,0,0,0,0,0,0
UMGS708,0,0,0,0,0,0,0,0,0,0
UMGS709,0,0,0,0,0,0,0,0,0,0
UMGS71,0,0,0,0,0,0,0,0,0.0001,0
UMGS710,0,0,0,0,0,0,0,0,0,0
UMGS711,0,0,0,0,0,0,0,0,0,0
UMGS712,0,0,0,0,0,0,0,0,0,0
UMGS713,0,0,0,0,0,0,0,0,0,0
UMGS714,0,0,0,0,0,0,0,0,0,0
UMGS715,0,0,0,0,0,0,0,0,0,0
UMGS716,0,0,0,0,0,0,0,0,0,0
UMGS717,0,0,0,0,0,0,0,0,0,0
UMGS718,0,0,0,0,0,0,0,0,0,0
UMGS719,0,0,0,0,0,0,0,0,0,0
UMGS720,0,0,0,0,0,0,0,0,0,0
UMGS721,0,0,0,0,0,0,0,0,0,0
UMGS722,0,0,0,0,0,0,0,0,0,0
UMGS723,0,0,0,0,0,0,0,0,0,0
UMGS724,0,0,0,0,0,0,0,0,0,0
UMGS725,0,0,0,0,0,0,0,0,0,0
UMGS726,0,0,0,0,0,0,0,0,0,0
UMGS727,0,0,0,0,0,0,0,0,0,0
UMGS728,0,0,0,0,0,0,0,0,0,0
UMGS729,0,0,0,0,0,0,0,0,0,0
UMGS73,0,0,0,0,0,0,0,0,0,0
UMGS730,0,0,0,0,0,0,0,0,0,0
UMGS731,0,0,0,0,0,0,0,0,0,0
UMGS732,0,0,0,0,0,0,0,0,0,0
UMGS733,0,0,0,0,0,0,0,0,0,0
UMGS734,0,0,0,0,0,0,0,0,0,0
UMGS735,0,0,0,0,0,0,0,0,0,0
UMGS736,0,0,0,0,0,0,0,0,0,0
UMGS737,0,0,0,0,0,0,0,0,0,0
UMGS738,0,0,0,0,0,0,0,0,0,0
UMGS739,0,0.0001,0.0001,0.0001,0.0001,0.0001,0.0001,0,0,0
UMGS74,0,0,0.0001,0.0001,0,0,0.0002,0.0001,0.0003,0.0001
UMGS740,0,0,0,0,0,0,0,0,0,0
UMGS741,0,0,0,0,0,0,0,0,0,0
UMGS742,0,0,0,0,0,0,0,0,0,0
UMGS743,0,0,0,0,0,0,0,0,0,0
UMGS744,0.0001,0,0.0001,0,0.0001,0.0001,0,0,0,0
UMGS745,0,0,0,0,0,0,0,0,0,0
UMGS746,0,0,0,0,0,0,0,0,0,0
UMGS748,0,0,0,0,0,0,0,0,0,0
UMGS749,0,0,0,0,0,0,0,0,0,0
UMGS75,0,0,0,0,0,0,0,0,0,0
UMGS750,0,0,0,0,0,0,0,0.0001,0,0
UMGS751,0,0,0,0,0,0,0,0,0,0
UMGS752,0,0,0,0,0,0,0,0,0,0
UMGS753,0,0,0,0,0,0,0,0,0,0
UMGS754,0,0,0,0,0,0,0,0,0,0
UMGS755,0,0,0,0,0,0,0,0,0,0
UMGS757,0,0,0,0,0,0,0,0,0,0
UMGS758,0.0001,0.0001,0,0,0,0,0,0,0.0001,0
UMGS759,0,0,0,0,0,0,0,0,0,0
UMGS760,0,0,0,0,0,0,0,0,0,0
UMGS761,0,0,0,0,0,0,0.0001,0,0,0
UMGS762,0,0,0,0,0,0,0,0,0,0
UMGS763,0,0,0,0.0002,0,0,0,0,0,0
UMGS764,0,0,0,0,0,0,0,0,0,0
UMGS765,0,0,0,0,0,0,0,0,0,0
UMGS766,0,0,0,0,0,0,0,0,0,0
UMGS767,0,0,0,0,0,0,0,0,0,0
UMGS768,0,0,0,0,0,0,0,0,0,0
UMGS769,0,0,0,0,0,0,0,0,0,0
UMGS77,0,0,0,0,0,0,0,0,0,0
UMGS770,0,0,0,0,0,0,0,0,0,0
UMGS771,0,0,0,0,0,0,0,0,0,0
UMGS772,0,0,0,0,0,0,0,0,0,0
UMGS773,0,0,0,0,0,0,0,0,0,0
UMGS774,0,0,0,0,0,0,0,0,0,0
UMGS775,0,0,0,0,0,0,0,0,0,0
UMGS776,0,0,0,0,0,0,0,0,0,0
UMGS777,0,0,0,0,0,0,0,0,0,0
UMGS779,0,0,0,0,0,0,0,0,0,0
UMGS78,0,0,0,0,0,0,0,0,0,0
UMGS780,0,0,0,0,0,0,0,0,0,0
UMGS781,0,0,0,0,0,0,0,0,0,0
UMGS782,0,0,0,0,0,0,0,0,0,0
UMGS783,0,0,0,0,0,0,0,0,0.0002,0
UMGS784,0,0,0,0,0,0,0,0,0,0
UMGS785,0,0,0,0,0,0,0,0,0,0
UMGS786,0,0,0,0,0,0,0,0,0,0
UMGS787,0,0,0,0,0,0,0,0,0,0
UMGS788,0,0,0,0,0,0,0,0,0,0
UMGS789,0,0,0,0,0,0,0,0,0,0
UMGS79,0,0,0,0,0,0,0,0,0,0
UMGS790,0,0,0,0,0,0,0,0,0,0
UMGS791,0,0,0,0,0,0,0,0,0,0
UMGS792,0,0,0,0,0,0,0,0,0,0
UMGS793,0,0,0,0,0,0,0,0,0,0
UMGS794,0,0,0,0,0,0,0,0,0,0
UMGS795,0,0,0,0,0,0,0.0001,0,0,0
UMGS796,0,0,0,0,0,0,0,0,0,0
UMGS797,0,0,0,0,0,0,0,0,0,0
UMGS798,0,0,0,0,0,0,0,0,0,0
UMGS799,0,0,0,0,0,0,0,0,0,0
UMGS8,0,0,0,0,0,0,0,0,0,0
UMGS80,0,0,0,0,0,0,0,0,0,0
UMGS800,0,0,0,0,0,0,0,0,0,0
UMGS801,0,0,0,0,0,0,0,0,0,0
UMGS802,0,0,0,0,0,0,0,0,0,0
UMGS803,0,0.0001,0.0001,0.0001,0,0,0,0,0,0
UMGS804,0,0,0,0,0,0,0,0,0,0
UMGS805,0,0,0,0,0,0,0,0,0,0
UMGS806,0,0,0,0,0,0,0,0,0,0
UMGS807,0,0,0,0,0,0,0,0,0,0
UMGS808,0,0,0,0,0,0,0,0,0,0
UMGS809,0,0.0001,0,0,0,0,0,0,0,0
UMGS81,0,0,0.0001,0.0001,0,0,0,0,0,0
UMGS810,0,0,0,0,0,0,0,0,0,0
UMGS811,0,0,0,0,0,0,0,0,0,0
UMGS812,0,0,0,0,0,0,0,0,0,0
UMGS813,0,0,0,0,0,0,0,0,0,0
UMGS814,0,0,0,0,0,0,0,0,0,0
UMGS815,0,0,0,0,0,0,0,0,0,0
UMGS816,0,0,0,0,0,0,0,0,0,0
UMGS817,0,0,0,0,0,0,0,0,0,0
UMGS818,0,0,0,0,0,0,0,0,0,0
UMGS819,0,0,0,0,0,0,0,0,0,0
UMGS82,0,0,0,0,0,0,0,0,0,0
UMGS820,0,0,0.0001,0,0,0,0,0,0.0001,0
UMGS821,0,0,0,0,0,0,0,0,0,0
UMGS822,0,0,0,0,0,0,0,0,0,0
UMGS823,0,0,0,0,0,0,0,0,0,0
UMGS824,0,0,0,0,0,0,0,0,0,0
UMGS825,0,0,0,0,0,0,0,0,0,0
UMGS826,0.0002,0.0001,0.0009,0.0004,0.0002,0.0006,0.0001,0.0001,0.0008,0.0001
UMGS827,0,0,0,0,0,0,0,0,0,0
UMGS828,0,0,0,0,0,0,0,0,0,0
UMGS83,0,0,0,0,0,0,0,0,0,0
UMGS830,0,0,0,0,0,0,0,0,0,0
UMGS832,0,0,0,0,0,0,0,0,0,0
UMGS833,0,0,0,0,0,0,0,0,0,0
UMGS834,0,0,0,0,0,0,0,0,0,0
UMGS835,0,0,0,0,0,0.0002,0,0,0,0
UMGS836,0.0001,0,0,0,0,0,0,0,0.0001,0
UMGS837,0,0,0,0,0,0,0,0,0,0
UMGS838,0,0,0,0,0,0,0,0,0,0
UMGS839,0,0,0,0,0,0,0,0,0,0
UMGS84,0,0,0,0,0,0,0,0,0,0
UMGS840,0,0,0,0.0001,0,0,0,0,0,0
UMGS841,0,0,0,0,0,0,0,0,0.0001,0
UMGS842,0,0,0,0,0,0,0,0,0,0
UMGS843,0,0,0,0,0,0,0,0,0,0
UMGS844,0,0,0,0,0,0,0,0,0,0
UMGS845,0,0,0,0,0,0,0,0,0,0
UMGS846,0,0,0,0,0,0,0,0,0,0
UMGS847,0,0,0,0,0,0,0,0,0,0
UMGS848,0,0,0,0,0,0,0,0,0,0
UMGS849,0,0,0,0,0,0,0,0,0,0
UMGS85,0,0,0,0,0,0,0,0,0,0
UMGS850,0,0,0,0,0,0,0,0,0,0
UMGS851,0,0,0,0,0,0,0,0,0,0
UMGS852,0,0,0,0,0,0,0,0,0,0
UMGS853,0,0,0,0,0,0,0,0,0,0
UMGS854,0,0,0,0,0,0,0,0,0,0
UMGS855,0,0,0,0,0,0,0,0,0,0
UMGS856,0,0,0,0,0,0,0,0,0,0
UMGS857,0,0,0,0,0,0,0,0,0,0
UMGS858,0,0,0,0,0,0,0.0001,0,0,0
UMGS859,0,0,0,0,0,0,0,0,0,0
UMGS86,0,0,0,0,0,0,0,0,0,0
UMGS860,0,0,0,0,0,0,0,0,0,0
UMGS861,0,0,0,0,0,0,0,0,0,0
UMGS863,0,0,0,0,0,0,0,0,0,0
UMGS864,0,0,0,0,0,0,0,0,0,0
UMGS865,0,0,0,0,0,0,0,0,0,0
UMGS866,0,0,0,0,0,0,0,0,0,0
UMGS867,0,0.0001,0,0,0.0001,0,0,0,0,0
UMGS868,0,0,0,0,0,0,0,0,0,0
UMGS869,0,0,0,0,0,0,0,0,0,0
UMGS87,0,0,0,0,0,0,0,0,0,0
UMGS870,0,0,0,0,0,0,0,0,0,0
UMGS871,0,0,0,0,0.0001,0,0,0.0001,0,0
UMGS872,0,0,0,0,0,0,0,0,0,0
UMGS873,0,0,0,0,0,0,0,0,0,0
UMGS874,0,0,0,0,0,0,0,0,0,0
UMGS875,0,0,0,0,0,0,0,0,0,0
UMGS876,0,0,0,0,0,0,0,0,0,0
UMGS877,0,0,0,0.0001,0,0,0,0,0.0003,0
UMGS878,0,0,0,0,0,0,0,0,0,0
UMGS879,0,0,0,0,0,0,0,0,0,0
UMGS88,0,0,0,0,0,0,0,0,0,0
UMGS880,0,0,0,0,0,0,0,0,0,0
UMGS881,0,0,0,0,0,0,0,0,0,0
UMGS882,0,0,0,0,0,0,0,0,0,0
UMGS883,0,0,0,0,0,0,0,0,0,0
UMGS884,0,0,0,0.0001,0,0,0,0,0,0
UMGS885,0,0,0,0,0,0,0,0,0,0
UMGS886,0,0,0,0,0,0,0,0,0,0
UMGS887,0,0,0,0,0,0,0,0,0,0
UMGS888,0,0,0,0,0,0,0,0,0,0
UMGS889,0,0,0,0,0,0,0,0,0,0
UMGS89,0,0,0,0,0,0,0,0,0,0
UMGS890,0,0,0,0,0,0,0,0,0,0
UMGS891,0,0,0,0,0,0,0,0,0,0
UMGS892,0,0,0,0,0,0,0,0,0,0
UMGS893,0,0,0,0,0,0,0,0,0,0
UMGS894,0,0,0,0,0,0,0,0,0,0
UMGS895,0,0,0,0,0,0,0,0,0,0
UMGS896,0,0,0,0,0,0,0,0,0,0
UMGS897,0,0,0,0,0,0,0,0,0,0
UMGS898,0,0,0,0,0,0,0,0,0,0
UMGS899,0,0,0,0,0,0,0,0,0,0
UMGS9,0,0,0,0,0,0,0,0,0,0
UMGS90,0,0,0,0.0001,0,0,0.0004,0,0,0
UMGS900,0,0,0,0,0,0,0,0,0,0
UMGS901,0,0,0,0,0.0001,0,0,0,0,0
UMGS902,0,0,0,0,0,0,0,0,0,0
UMGS903,0,0,0,0,0,0,0,0,0,0
UMGS904,0,0,0,0,0,0,0,0,0,0
UMGS905,0,0,0,0,0,0,0,0,0,0
UMGS906,0,0,0,0,0,0,0,0,0,0
UMGS907,0,0,0,0,0,0,0,0,0,0
UMGS908,0,0,0,0,0,0,0,0,0,0
UMGS909,0,0,0,0,0,0,0,0,0,0
UMGS91,0.0007,0.0035,0.0093,0.0005,0.0026,0.0025,0.0065,0.0015,0.0004,0.0004
UMGS910,0,0,0.0001,0.0001,0.0001,0.0002,0.0002,0,0,0
UMGS911,0,0,0,0,0,0,0,0,0,0
UMGS912,0,0,0,0,0,0,0,0,0,0
UMGS913,0,0,0,0,0,0,0,0,0,0
UMGS914,0,0,0.0001,0,0,0,0,0,0,0
UMGS915,0,0,0,0,0,0,0,0,0,0
UMGS916,0,0,0,0,0,0,0,0,0,0
UMGS917,0,0,0,0,0,0,0,0,0,0
UMGS918,0,0,0,0,0,0,0,0,0,0
UMGS919,0,0,0,0,0,0,0,0,0,0
UMGS92,0,0,0,0,0,0,0,0,0.0001,0
UMGS920,0,0,0,0,0,0,0,0,0,0
UMGS921,0,0,0,0,0,0,0,0,0,0
UMGS922,0,0,0,0,0,0,0,0,0,0
UMGS923,0,0,0,0,0,0,0,0,0,0
UMGS925,0,0,0,0,0,0,0,0,0,0
UMGS926,0,0,0,0,0,0,0,0,0,0
UMGS927,0,0,0,0,0,0,0,0,0,0
UMGS928,0,0,0,0,0,0,0,0,0,0
UMGS929,0,0,0,0,0,0,0,0,0,0
UMGS93,0,0,0,0,0,0,0,0,0,0
UMGS930,0,0,0,0,0,0,0,0,0,0
UMGS931,0,0,0,0,0,0,0,0,0,0
UMGS932,0,0,0,0,0,0,0,0,0,0
UMGS933,0,0,0,0,0,0,0,0,0,0
UMGS934,0,0,0,0,0,0,0,0,0,0
UMGS935,0.0001,0.0001,0.0001,0.0001,0.0001,0.0001,0.0001,0.0001,0.0001,0.0002
UMGS937,0,0,0,0,0,0,0,0,0,0
UMGS938,0,0,0.0001,0,0,0.0001,0,0,0,0
UMGS939,0,0,0.0001,0,0,0,0,0,0,0
UMGS94,0,0,0,0,0,0,0,0,0,0
UMGS940,0,0,0,0,0,0,0,0,0,0
UMGS941,0,0,0,0,0,0,0,0,0,0
UMGS942,0,0,0,0,0,0,0,0,0,0
UMGS943,0,0,0,0,0,0,0,0,0,0
UMGS944,0,0,0.0001,0,0,0,0,0,0,0
UMGS945,0,0,0,0,0,0,0,0,0,0
UMGS946,0,0,0,0,0,0,0,0,0,0
UMGS947,0,0,0,0,0,0,0.0001,0,0,0
UMGS948,0,0,0,0,0,0,0,0,0,0
UMGS949,0,0,0,0,0,0,0,0,0,0
UMGS95,0,0,0,0,0,0,0,0,0,0
UMGS950,0,0,0.0001,0,0,0,0,0,0,0
UMGS951,0,0,0,0,0,0,0,0,0,0
UMGS953,0,0,0,0,0,0,0,0,0,0
UMGS954,0,0,0,0,0,0,0,0,0,0
UMGS955,0,0,0,0,0,0,0,0,0,0
UMGS956,0,0,0,0,0,0,0,0,0,0
UMGS957,0,0,0.0001,0,0,0,0,0,0,0
UMGS958,0,0,0,0,0,0,0,0,0,0
UMGS959,0,0,0,0,0,0,0,0,0,0
UMGS96,0,0,0.0001,0,0,0,0,0,0,0
UMGS960,0,0,0.0001,0.0001,0.0001,0,0.0001,0,0,0
UMGS961,0,0,0,0,0,0,0,0,0,0
UMGS962,0,0,0,0,0,0,0,0,0,0
UMGS963,0,0,0.0001,0.0002,0,0,0,0,0.0001,0.0001
UMGS964,0,0,0,0,0,0,0,0,0,0
UMGS965,0,0.0001,0,0,0,0,0,0,0,0
UMGS966,0,0,0,0,0,0,0,0,0,0
UMGS967,0,0,0,0,0,0,0,0,0,0
UMGS968,0,0,0,0,0,0,0,0,0,0
UMGS969,0,0,0,0,0,0,0,0,0,0
UMGS97,0,0,0,0,0,0,0,0,0,0
UMGS970,0,0,0,0,0,0,0,0,0,0
UMGS971,0,0.0004,0,0.0002,0,0,0,0,0,0.0002
UMGS972,0,0,0,0,0,0,0.0001,0,0,0
UMGS973,0,0,0,0,0,0,0,0,0,0
UMGS974,0,0,0,0,0,0,0,0,0,0
UMGS975,0,0,0,0,0,0,0,0,0,0
UMGS976,0,0,0,0,0,0,0,0,0,0
UMGS977,0,0,0,0,0,0,0,0,0,0
UMGS978,0,0,0,0,0,0,0,0,0,0
UMGS979,0,0,0,0,0,0,0,0,0,0
UMGS98,0,0,0,0,0,0,0,0,0,0
UMGS980,0,0,0,0,0,0,0,0,0,0
UMGS981,0,0,0,0,0,0,0,0,0,0
UMGS982,0,0,0,0,0,0,0,0,0,0
UMGS983,0,0,0,0,0,0,0,0,0,0
UMGS984,0,0,0,0,0.0001,0,0,0.0001,0,0
UMGS985,0,0,0,0.0001,0,0,0,0,0.0001,0
UMGS986,0,0,0,0,0,0,0,0,0,0
UMGS987,0,0,0,0,0,0,0,0,0,0
UMGS988,0,0,0,0,0,0,0,0,0,0
UMGS989,0,0,0.0001,0,0,0.0001,0,0,0,0
UMGS99,0,0,0.0001,0,0,0,0,0,0,0
UMGS990,0.0002,0.0001,0.0046,0.0005,0.0002,0.0009,0.0003,0.0002,0.0042,0.0001
UMGS991,0,0,0,0,0,0,0,0,0,0
UMGS992,0,0,0,0,0,0,0,0,0,0
UMGS993,0,0,0,0,0,0,0,0,0,0
UMGS994,0,0,0,0,0,0,0,0,0,0
UMGS995,0,0,0,0,0,0,0,0,0,0
UMGS996,0,0,0,0,0,0,0,0,0,0
UMGS997,0,0,0,0,0,0,0,0,0,0
UMGS998,0,0,0,0,0,0,0,0,0,0
UMGS999,0,0.0001,0,0.0001,0.0002,0.0004,0,0.0001,0,0
